,ticker,innovation_freq,innovation_decay_slope,topic_rigidity,topic_similarities,strategic_freq,strategic_decay_slope,latest_year,leverage_tolerance,debt_capacity,cash_flow_health,liquidity,growth_indicators,overall_feasibility,sentiment_by_year,capex_growth,sentiment_growth_correlation
0,MO,"{2025: 0.004451733833177133, 2026: 0.00441968231859213}",,0.9977911114692688,[np.float32(0.9977911)],"{2025: 0.004113297927730917, 2026: 0.0037768194358878205}",,2025,"{'interest_coverage': np.float64(8.977060322854715), 'rating': 'Very Strong', 'debt_to_ebitda': np.float64(2.228581979320532), 'debt_ebitda_rating': 'Elevated'}","{'additional_debt_capacity_usd': None, 'assumptions': 'Maintain interest coverage >= 3.0x'}","{'free_cash_flow_usd': np.float64(9074000000.0), 'fcf_margin': np.float64(0.45056854858731815), 'fcf_margin_rating': 'Exceptional', 'ocf_to_debt': np.float64(0.3848384424192212), 'ocf_to_debt_rating': 'Very Strong'}","{'current_ratio': np.float64(0.6480227223071882), 'rating': 'Weak', 'cash_and_equiv_usd': np.float64(4474000000.0)}","{'revenue_growth_yoy': np.float64(-0.01491880258266484), 'ebitda_growth_yoy': np.float64(-0.28112556410937084)}",Feasible – strong financial health,,,
1,APP,"{2023: 0.007352389526596143, 2024: 0.006349482473688789, 2025: 0.006856478791400349, 2026: 0.004992253399896712}",-0.0006573412062389,0.8828679919242859,"[np.float32(0.78179944), np.float32(0.9094051), np.float32(0.9573994)]","{2023: 0.008552779653387351, 2024: 0.007915108289118901, 2025: 0.008367228355607204, 2026: 0.008090893441211913}",-9.335385700381108e-05,2025,"{'interest_coverage': np.float64(20.09470765544692), 'rating': 'Very Strong', 'debt_to_ebitda': np.float64(0.8067108579595765), 'debt_ebitda_rating': 'Conservative'}","{'additional_debt_capacity_usd': None, 'assumptions': 'Maintain interest coverage >= 3.0x'}","{'free_cash_flow_usd': np.float64(3942776000.0), 'fcf_margin': np.float64(0.7193905468937732), 'fcf_margin_rating': 'Exceptional', 'ocf_to_debt': np.float64(1.1304038415172046), 'ocf_to_debt_rating': 'Very Strong'}","{'current_ratio': np.float64(3.3219612112269714), 'rating': 'Very Strong', 'cash_and_equiv_usd': np.float64(2487096000.0)}","{'revenue_growth_yoy': np.float64(0.6999436734698942), 'ebitda_growth_yoy': np.float64(0.8313758078787736)}",Feasible – strong financial health,"{2023: np.float64(0.5018092580504862), 2024: np.float64(0.5376092760513226), 2025: np.float64(0.48514763707831754)}","{2024: np.float64(0.6001032880013771), 2025: np.float64(-0.10820647282119517)}",-1.0
2,ACN,"{2022: 0.00409626216077829, 2023: 0.0037412314886983633, 2024: 0.0037025609379821045, 2025: 0.00418280402788536}",2.2095505060522987e-05,0.9926217198371888,"[np.float32(0.9819153), np.float32(0.99837655), np.float32(0.99757326)]","{2022: 0.007851169141491723, 2023: 0.008885424785658612, 2024: 0.009410675717371182, 2025: 0.006816421378776143}",-0.0002578992356435,2025,"{'interest_coverage': np.float64(47.43273172759292), 'rating': 'Very Strong', 'debt_to_ebitda': np.float64(0.4242039049548875), 'debt_ebitda_rating': 'Conservative'}","{'additional_debt_capacity_usd': None, 'assumptions': 'Maintain interest coverage >= 3.0x'}","{'free_cash_flow_usd': np.float64(10874360000.0), 'fcf_margin': np.float64(0.15607715456166024), 'fcf_margin_rating': 'Excellent', 'ocf_to_debt': np.float64(2.279303495770603), 'ocf_to_debt_rating': 'Very Strong'}","{'current_ratio': np.float64(1.4200349477501015), 'rating': 'Good', 'cash_and_equiv_usd': np.float64(11478729000.0)}","{'revenue_growth_yoy': np.float64(0.07360205326441206), 'ebitda_growth_yoy': np.float64(0.09514733318758849)}",Feasible – strong financial health,"{2022: np.float64(0.5716042012252189), 2023: np.float64(0.618631433557581), 2024: np.float64(0.6283145576577496), 2025: np.float64(0.6030543849257559)}","{2023: np.float64(0.26438235203997784), 2024: np.float64(0.02208182183076725), 2025: np.float64(-0.16172031852300733)}",-0.9598822228409456
3,AMD,"{2024: 0.006064162754303599, 2025: 0.007740585774058577, 2026: 0.005878030859662013}",-9.306594732087252e-05,0.9967130422592164,"[np.float32(0.9954549), np.float32(0.99797124)]","{2024: 0.003129890453834116, 2025: 0.0041841004184100415, 2026: 0.002387950036737693}",-0.0003709702085482,2025,"{'interest_coverage': np.float64(32.603053435114504), 'rating': 'Very Strong', 'debt_to_ebitda': np.float64(0.3227491408934708), 'debt_ebitda_rating': 'Conservative'}","{'additional_debt_capacity_usd': None, 'assumptions': 'Maintain interest coverage >= 3.0x'}","{'free_cash_flow_usd': np.float64(6735000000.0), 'fcf_margin': np.float64(0.19443401945783653), 'fcf_margin_rating': 'Excellent', 'ocf_to_debt': np.float64(3.283219761499148), 'ocf_to_debt_rating': 'Very Strong'}","{'current_ratio': np.float64(2.850026441036489), 'rating': 'Very Strong', 'cash_and_equiv_usd': np.float64(5539000000.0)}","{'revenue_growth_yoy': np.float64(0.34337793290672874), 'ebitda_growth_yoy': np.float64(0.4139941690962099)}",Feasible – strong financial health,"{2024: np.float64(0.5949717783058683), 2025: np.float64(0.5619112410183463)}",{2025: np.float64(-0.5314465408805031)},
4,ADBE,"{2023: 0.005222981116914423, 2024: 0.005125201347195783, 2025: 0.00520523497917906, 2026: 0.005787580165806351}",0.000177383077866,0.9840743541717528,"[np.float32(0.98305565), np.float32(0.97440505), np.float32(0.99476236)]","{2023: 0.0064282844515869825, 2024: 0.007321716210279689, 2025: 0.00669244497323022, 2026: 0.006413264508055686}",-6.743310676442804e-05,2025,"{'interest_coverage': np.float64(34.20912547528517), 'rating': 'Very Strong', 'debt_to_ebitda': np.float64(0.6327050433010698), 'debt_ebitda_rating': 'Conservative'}","{'additional_debt_capacity_usd': None, 'assumptions': 'Maintain interest coverage >= 3.0x'}","{'free_cash_flow_usd': np.float64(9852000000.0), 'fcf_margin': np.float64(0.41448946106272877), 'fcf_margin_rating': 'Exceptional', 'ocf_to_debt': np.float64(1.6152979066022544), 'ocf_to_debt_rating': 'Very Strong'}","{'current_ratio': np.float64(0.9963725490196078), 'rating': 'Marginal', 'cash_and_equiv_usd': np.float64(5431000000.0)}","{'revenue_growth_yoy': np.float64(0.10527784236224134), 'ebitda_growth_yoy': np.float64(0.23350508985798668)}",Feasible – strong financial health,"{2023: np.float64(0.5828006468140162), 2024: np.float64(0.610859914823915), 2025: np.float64(0.6214438451570459)}","{2024: np.float64(0.49166666666666664), 2025: np.float64(0.02185792349726776)}",-1.0
5,AOS,"{2023: 0.01798941798941799, 2024: 0.01488833746898263, 2025: 0.013010053222945003, 2026: 0.01319208474915051}",-0.0016270283966846,0.6693810820579529,"[np.float32(0.7542513), np.float32(0.6311229), np.float32(0.622769)]","{2023: 0.001763668430335097, 2024: 0.0020678246484698098, 2025: 0.0027597082594125765, 2026: 0.002598440935438737}",0.0003196201126255,2025,"{'interest_coverage': np.float64(53.97037037037037), 'rating': 'Very Strong', 'debt_to_ebitda': np.float64(0.13850313383310803), 'debt_ebitda_rating': 'Conservative'}","{'additional_debt_capacity_usd': None, 'assumptions': 'Maintain interest coverage >= 3.0x'}","{'free_cash_flow_usd': np.float64(546000000.0), 'fcf_margin': np.float64(0.1425513028040311), 'fcf_margin_rating': 'Good', 'ocf_to_debt': np.float64(5.4729370008873115), 'ocf_to_debt_rating': 'Very Strong'}","{'current_ratio': np.float64(1.4973913043478262), 'rating': 'Good', 'cash_and_equiv_usd': np.float64(174500000.0)}","{'revenue_growth_yoy': np.float64(0.0031691155286660906), 'ebitda_growth_yoy': np.float64(0.034583598219961854)}",Feasible – strong financial health,"{2023: np.float64(0.5396970627495111), 2024: np.float64(0.493650676998294), 2025: np.float64(0.44266065621170503)}","{2024: np.float64(-0.48760330578512395), 2025: np.float64(0.34444444444444444)}",-1.0
6,AKAM,"{2023: 0.006192213079989821, 2024: 0.005384485949856975, 2025: 0.004904069517336316, 2026: 0.00557357956908743}",-0.0002336316965228,0.867095410823822,"[np.float32(0.82964593), np.float32(0.8215286), np.float32(0.9501117)]","{2023: 0.008482483671218934, 2024: 0.008749789668517584, 2025: 0.008689667039490666, 2026: 0.007736461192912403}",-0.0002298190063947,2025,"{'interest_coverage': np.float64(20.584674404239408), 'rating': 'Very Strong', 'debt_to_ebitda': np.float64(3.059644873395316), 'debt_ebitda_rating': 'High'}","{'additional_debt_capacity_usd': None, 'assumptions': 'Maintain interest coverage >= 3.0x'}","{'free_cash_flow_usd': np.float64(699265000.0), 'fcf_margin': np.float64(0.16616823207209777), 'fcf_margin_rating': 'Excellent', 'ocf_to_debt': np.float64(0.36994730053795594), 'ocf_to_debt_rating': 'Very Strong'}","{'current_ratio': np.float64(2.3634495688969093), 'rating': 'Very Strong', 'cash_and_equiv_usd': np.float64(930231000.0)}","{'revenue_growth_yoy': np.float64(0.05437180294089349), 'ebitda_growth_yoy': np.float64(0.06275840765441094)}",Feasible – strong financial health,"{2023: np.float64(0.48574178760079134), 2024: np.float64(0.5137718212790787), 2025: np.float64(0.5153233781875519)}","{2024: np.float64(0.06132951619089365), 2025: np.float64(-0.19588423198548888)}",-1.0
7,ALL,"{2023: 0.004861933553574768, 2024: 0.0051143583227445995, 2025: 0.0049517207229512255, 2026: 0.004863930538248181}",-1.566466457733833e-05,0.985619843006134,"[np.float32(0.9833664), np.float32(0.98683673), np.float32(0.98665655)]","{2023: 0.005267094683039332, 2024: 0.0051143583227445995, 2025: 0.005553001096452446, 2026: 0.005627688226072276}",0.0001520423402807,2025,"{'interest_coverage': np.float64(33.97243107769424), 'rating': 'Very Strong', 'debt_to_ebitda': None, 'debt_ebitda_rating': 'N/A'}","{'additional_debt_capacity_usd': None, 'assumptions': 'Maintain interest coverage >= 3.0x'}","{'free_cash_flow_usd': np.float64(9882000000.0), 'fcf_margin': np.float64(0.14734079828236593), 'fcf_margin_rating': 'Good', 'ocf_to_debt': np.float64(1.456772334293948), 'ocf_to_debt_rating': 'Very Strong'}","{'current_ratio': None, 'rating': 'N/A', 'cash_and_equiv_usd': np.float64(678000000.0)}","{'revenue_growth_yoy': np.float64(0.05595528615287727), 'ebitda_growth_yoy': None}",Marginally feasible – monitor key risks,"{2023: np.float64(0.6444734343770164), 2024: np.float64(0.658120370664251), 2025: np.float64(0.661168922666963)}","{2024: np.float64(0.21348314606741572), 2025: np.float64(-0.08571428571428572)}",-1.0
8,AXP,"{2023: 0.005408788163247061, 2024: 0.005535457437998518, 2025: 0.005322397696536079, 2026: 0.005738880918220947}",7.772185234595451e-05,0.9558432698249816,"[np.float32(0.99908054), np.float32(0.896955), np.float32(0.9714943)]","{2023: 0.004827678691162666, 2024: 0.0044458004620145574, 2025: 0.0047116307477532504, 2026: 0.004348995695839311}",-0.0001170218700231,2025,"{'interest_coverage': None, 'rating': 'N/A', 'debt_to_ebitda': None, 'debt_ebitda_rating': 'N/A'}","{'additional_debt_capacity_usd': None, 'assumptions': 'Maintain interest coverage >= 3.0x'}","{'free_cash_flow_usd': np.float64(16003000000.0), 'fcf_margin': np.float64(0.22155614010798838), 'fcf_margin_rating': 'Exceptional', 'ocf_to_debt': np.float64(0.3268071220827126), 'ocf_to_debt_rating': 'Very Strong'}","{'current_ratio': None, 'rating': 'N/A', 'cash_and_equiv_usd': np.float64(47708000000.0)}","{'revenue_growth_yoy': np.float64(0.09524026141412303), 'ebitda_growth_yoy': None}",Challenging – improvement needed,"{2023: np.float64(0.6153137408733621), 2024: np.float64(0.6507568266858493), 2025: np.float64(0.6684572719206864)}","{2024: np.float64(-0.22264875239923224), 2025: np.float64(-0.26896912611198326)}",-1.0
9,APTV,"{2024: 0.0072217848125322405, 2025: 0.006985558225370953, 2026: 0.00681574156201858}",-0.0002030216252568,0.9921420812606812,"[np.float32(0.98907006), np.float32(0.9952141)]","{2024: 0.005104118589308501, 2025: 0.004607495850776586, 2026: 0.004621632976985202}",-0.0002412428061616,2025,"{'interest_coverage': np.float64(3.5457063711911356), 'rating': 'Strong', 'debt_to_ebitda': np.float64(3.2892998678996035), 'debt_ebitda_rating': 'High'}","{'additional_debt_capacity_usd': None, 'assumptions': 'Maintain interest coverage >= 3.0x'}","{'free_cash_flow_usd': np.float64(1529000000.0), 'fcf_margin': np.float64(0.07495832924796549), 'fcf_margin_rating': 'Moderate', 'ocf_to_debt': np.float64(0.29250334672021416), 'ocf_to_debt_rating': 'Very Strong'}","{'current_ratio': np.float64(1.7361524717093508), 'rating': 'Strong', 'cash_and_equiv_usd': np.float64(1851000000.0)}","{'revenue_growth_yoy': np.float64(0.03474864302744382), 'ebitda_growth_yoy': np.float64(-0.3421205098493627)}",Marginally feasible – monitor key risks,"{2024: np.float64(0.4614395398754053), 2025: np.float64(0.4707672970275497)}",{2025: np.float64(0.20963855421686747)},
10,ABNB,"{2023: 0.004860548547621803, 2024: 0.004833665055444982, 2025: 0.00419645632576935, 2026: 0.004902711812471273}",-5.107189351274186e-05,0.9833076596260072,"[np.float32(0.9765159), np.float32(0.985407), np.float32(0.9880001)]","{2023: 0.005207730586737646, 2024: 0.005544498151833949, 2025: 0.0046627292508548334, 2026: 0.0045962923241918184}",-0.0002716083688618,2025,"{'interest_coverage': np.float64(nan), 'rating': 'Very Strong', 'debt_to_ebitda': np.float64(nan), 'debt_ebitda_rating': 'Distressed'}","{'additional_debt_capacity_usd': None, 'assumptions': 'Maintain interest coverage >= 3.0x'}","{'free_cash_flow_usd': np.float64(nan), 'fcf_margin': np.float64(nan), 'fcf_margin_rating': 'Exceptional', 'ocf_to_debt': np.float64(nan), 'ocf_to_debt_rating': 'Very Strong'}","{'current_ratio': np.float64(1.3771704886804894), 'rating': 'Good', 'cash_and_equiv_usd': np.float64(6560000000.0)}","{'revenue_growth_yoy': np.float64(0.10259412718429112), 'ebitda_growth_yoy': np.float64(-0.0035252643948296123)}",Challenging – improvement needed,"{2023: np.float64(0.5764674466931158), 2024: np.float64(0.5641954174886147), 2025: np.float64(0.6447790560848785)}","{2024: np.float64(nan), 2025: np.float64(nan)}",
11,MMM,"{2024: 0.0, 2025: 0.0, 2026: 0.0}",0.0,0.9979698657989502,"[np.float32(0.99739736), np.float32(0.99854237)]","{2024: 0.0, 2025: 0.0, 2026: 0.0}",0.0,2025,"{'interest_coverage': np.float64(5.453488372093023), 'rating': 'Very Strong', 'debt_to_ebitda': np.float64(1.6904283284366786), 'debt_ebitda_rating': 'Moderate'}","{'additional_debt_capacity_usd': None, 'assumptions': 'Maintain interest coverage >= 3.0x'}","{'free_cash_flow_usd': np.float64(1396000000.0), 'fcf_margin': np.float64(0.05595638928972262), 'fcf_margin_rating': 'Moderate', 'ocf_to_debt': np.float64(0.21094035858031468), 'ocf_to_debt_rating': 'Very Strong'}","{'current_ratio': np.float64(1.7078686816050026), 'rating': 'Strong', 'cash_and_equiv_usd': np.float64(5235000000.0)}","{'revenue_growth_yoy': np.float64(0.015178026449643948), 'ebitda_growth_yoy': np.float64(-0.12288078122880781)}",Feasible – strong financial health,"{2024: 0.5, 2025: 0.5}",{2025: np.float64(0.22946655376799321)},
12,AON,"{2024: 0.0, 2025: 0.0, 2026: 0.0}",0.0,1.0000001192092896,"[np.float32(1.0000001), np.float32(1.0000001)]","{2024: 0.0, 2025: 0.0, 2026: 0.0}",0.0,2025,"{'interest_coverage': np.float64(6.839263803680981), 'rating': 'Very Strong', 'debt_to_ebitda': np.float64(2.241590214067278), 'debt_ebitda_rating': 'Elevated'}","{'additional_debt_capacity_usd': None, 'assumptions': 'Maintain interest coverage >= 3.0x'}","{'free_cash_flow_usd': np.float64(3218000000.0), 'fcf_margin': np.float64(0.18729992433502124), 'fcf_margin_rating': 'Excellent', 'ocf_to_debt': np.float64(0.23744884038199182), 'ocf_to_debt_rating': 'Very Strong'}","{'current_ratio': np.float64(1.109704641350211), 'rating': 'Adequate', 'cash_and_equiv_usd': np.float64(1195000000.0)}","{'revenue_growth_yoy': np.float64(0.09447063320168174), 'ebitda_growth_yoy': np.float64(0.3249594813614263)}",Feasible – strong financial health,"{2024: 0.5, 2025: 0.5}",{2025: np.float64(-0.20642201834862386)},
13,AMP,"{2024: 0.0, 2025: 0.0, 2026: 0.0}",0.0,0.9900968074798584,"[np.float32(1.0000002), np.float32(0.9801934)]","{2024: 0.0, 2025: 0.0, 2026: 0.0}",0.0,2025,"{'interest_coverage': np.float64(14.815950920245399), 'rating': 'Very Strong', 'debt_to_ebitda': None, 'debt_ebitda_rating': 'N/A'}","{'additional_debt_capacity_usd': None, 'assumptions': 'Maintain interest coverage >= 3.0x'}","{'free_cash_flow_usd': np.float64(8161000000.0), 'fcf_margin': np.float64(0.4416125541125541), 'fcf_margin_rating': 'Exceptional', 'ocf_to_debt': np.float64(1.469975273754857), 'ocf_to_debt_rating': 'Very Strong'}","{'current_ratio': None, 'rating': 'N/A', 'cash_and_equiv_usd': np.float64(10103000000.0)}","{'revenue_growth_yoy': np.float64(0.07043558850787766), 'ebitda_growth_yoy': None}",Marginally feasible – monitor key risks,"{2024: 0.5, 2025: 0.5}",{2025: np.float64(0.07954545454545454)},
14,ANET,"{2023: 0.006703411291523909, 2024: 0.007486933182652917, 2025: 0.007581175797453869, 2026: 0.007038712921065862}",0.0001100147503426,0.9085206985473632,"[np.float32(0.9015602), np.float32(0.97301847), np.float32(0.8509834)]","{2023: 0.0075971994637270964, 2024: 0.007628196072891651, 2025: 0.006722929480760979, 2026: 0.007876654935478464}",-6.690017687656024e-06,2025,"{'interest_coverage': None, 'rating': 'N/A', 'debt_to_ebitda': None, 'debt_ebitda_rating': 'N/A'}","{'additional_debt_capacity_usd': None, 'assumptions': 'Maintain interest coverage >= 3.0x'}","{'free_cash_flow_usd': np.float64(4252400000.0), 'fcf_margin': np.float64(0.47218983532651543), 'fcf_margin_rating': 'Exceptional', 'ocf_to_debt': None, 'ocf_to_debt_rating': 'N/A'}","{'current_ratio': np.float64(3.0478936110852786), 'rating': 'Very Strong', 'cash_and_equiv_usd': np.float64(1963900000.0)}","{'revenue_growth_yoy': np.float64(0.28595907526666764), 'ebitda_growth_yoy': np.float64(0.3066919443890108)}",Marginally feasible – monitor key risks,"{2023: np.float64(0.4631206180072493), 2024: np.float64(0.4320848741555128), 2025: np.float64(0.43178759399207606)}","{2024: np.float64(0.06976744186046512), 2025: np.float64(-2.734375)}",1.0
15,ALLE,"{2023: 0.0062798410047745605, 2024: 0.006682731721859241, 2025: 0.006428347444339918, 2026: 0.006337284356296209}",-8.205422295468089e-06,0.745790421962738,"[np.float32(0.9991531), np.float32(0.27568603), np.float32(0.9625321)]","{2023: 0.00352800056448009, 2024: 0.0034034730330658584, 2025: 0.002900595798055817, 2026: 0.003090404099675312}",-0.0001815666629425,2025,"{'interest_coverage': np.float64(8.607920792079208), 'rating': 'Very Strong', 'debt_to_ebitda': np.float64(1.9747656094155197), 'debt_ebitda_rating': 'Moderate'}","{'additional_debt_capacity_usd': None, 'assumptions': 'Maintain interest coverage >= 3.0x'}","{'free_cash_flow_usd': np.float64(685700000.0), 'fcf_margin': np.float64(0.16858849851252675), 'fcf_margin_rating': 'Excellent', 'ocf_to_debt': np.float64(0.3958785797262488), 'ocf_to_debt_rating': 'Very Strong'}","{'current_ratio': np.float64(1.842467566851999), 'rating': 'Strong', 'cash_and_equiv_usd': np.float64(356200000.0)}","{'revenue_growth_yoy': np.float64(0.07823021048724882), 'ebitda_growth_yoy': np.float64(0.09001956947162426)}",Feasible – strong financial health,"{2023: np.float64(0.6498771558529225), 2024: np.float64(0.6363829688064389), 2025: np.float64(0.7812968488729928)}","{2024: np.float64(-0.09382422802850356), 2025: np.float64(-0.06514657980456026)}",-1.0
16,AFL,"{2023: 0.0030904663794718112, 2024: 0.001447352550958871, 2025: 0.0017627801561319568, 2026: 0.001513067400275103}",-0.0004416769332418,0.7408012747764587,"[np.float32(0.46662408), np.float32(1.0), np.float32(0.75577974)]","{2023: 0.01460947743023038, 2024: 0.004100832227716802, 2025: 0.004406950390329891, 2026: 0.004264099037138927}",-0.003073001701667,2025,"{'interest_coverage': np.float64(21.604545454545455), 'rating': 'Very Strong', 'debt_to_ebitda': None, 'debt_ebitda_rating': 'N/A'}","{'additional_debt_capacity_usd': None, 'assumptions': 'Maintain interest coverage >= 3.0x'}","{'free_cash_flow_usd': None, 'fcf_margin': None, 'fcf_margin_rating': 'N/A', 'ocf_to_debt': np.float64(0.3067226890756303), 'ocf_to_debt_rating': 'Very Strong'}","{'current_ratio': None, 'rating': 'N/A', 'cash_and_equiv_usd': np.float64(6245000000.0)}","{'revenue_growth_yoy': np.float64(-0.0926913425345044), 'ebitda_growth_yoy': None}",Challenging – improvement needed,,,
17,AME,"{2023: 0.005670031807495505, 2024: 0.005558437708441414, 2025: 0.005480286192723398, 2026: 0.005274888558692422}",-0.0001263581262127,0.6871848106384277,"[np.float32(0.76970935), np.float32(0.63632107), np.float32(0.655524)]","{2023: 0.004978564513898493, 2024: 0.005854887719558289, 2025: 0.005404171106713351, 2026: 0.00512630014858841}",-7.509708775767467e-07,2025,"{'interest_coverage': np.float64(23.1323134861053), 'rating': 'Very Strong', 'debt_to_ebitda': np.float64(0.46661544468655924), 'debt_ebitda_rating': 'Conservative'}","{'additional_debt_capacity_usd': None, 'assumptions': 'Maintain interest coverage >= 3.0x'}","{'free_cash_flow_usd': np.float64(1671515000.0), 'fcf_margin': np.float64(0.2258463453349468), 'fcf_margin_rating': 'Exceptional', 'ocf_to_debt': np.float64(1.6770976251333385), 'ocf_to_debt_rating': 'Very Strong'}","{'current_ratio': np.float64(1.0622952688099419), 'rating': 'Adequate', 'cash_and_equiv_usd': np.float64(457951000.0)}","{'revenue_growth_yoy': np.float64(0.06626193240918692), 'ebitda_growth_yoy': np.float64(0.06719528994710368)}",Feasible – strong financial health,"{2023: np.float64(0.4928193173813398), 2024: np.float64(0.5580404435227416), 2025: np.float64(0.5379424230583633)}","{2024: np.float64(0.06733260427599469), 2025: np.float64(-0.02496950619712768)}",-1.0
18,ARES,"{2023: 0.0, 2024: 0.0, 2025: 0.0, 2026: 0.0}",0.0,0.907637894153595,"[np.float32(0.9090923), np.float32(0.92070866), np.float32(0.8931128)]","{2023: 0.0, 2024: 0.0, 2025: 0.0, 2026: 0.0}",0.0,2025,"{'interest_coverage': np.float64(2.676820941808042), 'rating': 'Adequate', 'debt_to_ebitda': np.float64(4.918597241699898), 'debt_ebitda_rating': 'Very High'}","{'additional_debt_capacity_usd': None, 'assumptions': 'Maintain interest coverage >= 3.0x'}","{'free_cash_flow_usd': np.float64(3194781000.0), 'fcf_margin': np.float64(0.5703456692353917), 'fcf_margin_rating': 'Exceptional', 'ocf_to_debt': np.float64(0.28909895653169637), 'ocf_to_debt_rating': 'Very Strong'}","{'current_ratio': np.float64(1.1843686807414606), 'rating': 'Adequate', 'cash_and_equiv_usd': np.float64(1447984000.0)}","{'revenue_growth_yoy': np.float64(0.4419041897085061), 'ebitda_growth_yoy': np.float64(-0.047561365391622944)}",Marginally feasible – monitor key risks,"{2023: 0.5, 2024: 0.5, 2025: 0.5}","{2024: np.float64(-0.36208564666656745), 2025: np.float64(0.2112469811712509)}",
19,ALB,"{2025: 0.006343875361507603, 2026: 0.006718820182662075}",,0.8030742406845093,[np.float32(0.80307424)],"{2025: 0.0031346207668625807, 2026: 0.0029008833657733196}",,2025,"{'interest_coverage': np.float64(-1.6586580368021344), 'rating': 'Critical (default risk)', 'debt_to_ebitda': np.float64(9.92650577872817), 'debt_ebitda_rating': 'Distressed'}","{'additional_debt_capacity_usd': None, 'assumptions': 'Maintain interest coverage >= 3.0x'}","{'free_cash_flow_usd': np.float64(692466000.0), 'fcf_margin': np.float64(0.13464941695398147), 'fcf_margin_rating': 'Good', 'ocf_to_debt': np.float64(0.41105362972613246), 'ocf_to_debt_rating': 'Very Strong'}","{'current_ratio': np.float64(2.2291662495467297), 'rating': 'Very Strong', 'cash_and_equiv_usd': np.float64(1618001000.0)}","{'revenue_growth_yoy': np.float64(-0.04366189954265214), 'ebitda_growth_yoy': np.float64(1.311277695014105)}",Marginally feasible – monitor key risks,,,
20,LNT,"{2023: 0.0, 2024: 0.0, 2025: 0.0, 2026: 0.0}",0.0,0.9817537665367126,"[np.float32(0.9645595), np.float32(1.0), np.float32(0.9807017)]","{2023: 0.0, 2024: 0.0, 2025: 0.0, 2026: 0.0}",0.0,2025,"{'interest_coverage': np.float64(2.360082304526749), 'rating': 'Adequate', 'debt_to_ebitda': np.float64(5.496236828901154), 'debt_ebitda_rating': 'Distressed'}","{'additional_debt_capacity_usd': None, 'assumptions': 'Maintain interest coverage >= 3.0x'}","{'free_cash_flow_usd': np.float64(nan), 'fcf_margin': np.float64(nan), 'fcf_margin_rating': 'Exceptional', 'ocf_to_debt': np.float64(0.1067190067555231), 'ocf_to_debt_rating': 'Strong'}","{'current_ratio': np.float64(0.7993405558172397), 'rating': 'Weak', 'cash_and_equiv_usd': np.float64(556000000.0)}","{'revenue_growth_yoy': np.float64(0.09570459683496609), 'ebitda_growth_yoy': np.float64(0.12218468468468469)}",Challenging – improvement needed,"{2023: 0.5, 2024: 0.5, 2025: 0.5}","{2024: np.float64(-0.7191011235955056), 2025: np.float64(nan)}",
21,AEP,"{2023: 0.0, 2024: 0.0, 2025: 0.0, 2026: 0.0}",0.0,0.9923205971717834,"[np.float32(0.9955821), np.float32(0.9899909), np.float32(0.9913888)]","{2023: 0.0, 2024: 0.0, 2025: 0.0, 2026: 0.0}",0.0,2025,"{'interest_coverage': np.float64(2.8381046396841065), 'rating': 'Adequate', 'debt_to_ebitda': np.float64(4.7762744885810156), 'debt_ebitda_rating': 'Very High'}","{'additional_debt_capacity_usd': None, 'assumptions': 'Maintain interest coverage >= 3.0x'}","{'free_cash_flow_usd': np.float64(-1639000000.0), 'fcf_margin': np.float64(-0.07492228926677638), 'fcf_margin_rating': 'Breakeven', 'ocf_to_debt': np.float64(0.15736040609137056), 'ocf_to_debt_rating': 'Strong'}","{'current_ratio': np.float64(0.4545591107105303), 'rating': 'Critical', 'cash_and_equiv_usd': np.float64(197000000.0)}","{'revenue_growth_yoy': np.float64(0.10927437756706049), 'ebitda_growth_yoy': np.float64(0.14075811828620818)}",Challenging – improvement needed,"{2023: 0.5, 2024: 0.5, 2025: 0.5}","{2024: np.float64(-0.03530508926192379), 2025: np.float64(-0.10449105649208595)}",
22,AES,"{2024: 0.0, 2025: 0.0, 2026: 0.0}",0.0,0.9956891536712646,"[np.float32(0.995331), np.float32(0.9960474)]","{2024: 0.0, 2025: 0.0, 2026: 0.0}",0.0,2025,"{'interest_coverage': np.float64(1.0533049040511726), 'rating': 'Weak', 'debt_to_ebitda': np.float64(9.11398434841783), 'debt_ebitda_rating': 'Distressed'}","{'additional_debt_capacity_usd': None, 'assumptions': 'Maintain interest coverage >= 3.0x'}","{'free_cash_flow_usd': np.float64(-1623000000.0), 'fcf_margin': np.float64(-0.1326739148205673), 'fcf_margin_rating': 'Breakeven', 'ocf_to_debt': np.float64(0.16075561860673487), 'ocf_to_debt_rating': 'Strong'}","{'current_ratio': np.float64(0.7656617993405558), 'rating': 'Weak', 'cash_and_equiv_usd': np.float64(1382000000.0)}","{'revenue_growth_yoy': np.float64(-0.0036650920345333115), 'ebitda_growth_yoy': np.float64(-0.19324732363436728)}",Infeasible – high risk of distress,"{2024: 0.5, 2025: 0.5}",{2025: np.float64(0.19791666666666666)},
23,AAPL,"{2022: 0.0016556291390728477, 2023: 0.001405152224824356, 2024: 0.001440922190201729, 2025: 0.002041649652919559}",0.0001193831506917,0.8188914656639099,"[np.float32(0.7674374), np.float32(0.71229494), np.float32(0.976942)]","{2022: 0.0024834437086092716, 2023: 0.00234192037470726, 2024: 0.0024015369836695487, 2025: 0.0032666394446712946}",0.0002409203817148,2025,"{'interest_coverage': np.float64(nan), 'rating': 'Very Strong', 'debt_to_ebitda': np.float64(0.5411335562494819), 'debt_ebitda_rating': 'Conservative'}","{'additional_debt_capacity_usd': None, 'assumptions': 'Maintain interest coverage >= 3.0x'}","{'free_cash_flow_usd': np.float64(98767000000.0), 'fcf_margin': np.float64(0.23732882225869315), 'fcf_margin_rating': 'Exceptional', 'ocf_to_debt': np.float64(1.4232713716678582), 'ocf_to_debt_rating': 'Very Strong'}","{'current_ratio': np.float64(0.8932929222186667), 'rating': 'Marginal', 'cash_and_equiv_usd': np.float64(35934000000.0)}","{'revenue_growth_yoy': np.float64(0.0642551178283274), 'ebitda_growth_yoy': np.float64(0.07490661735766109)}",Marginally feasible – monitor key risks,"{2022: np.float64(0.4065763093531132), 2023: np.float64(0.45151049209137756), 2024: np.float64(0.4508450248589118), 2025: np.float64(0.4668322675503217)}","{2023: np.float64(-0.02344041837878222), 2024: np.float64(0.13796879277306323), 2025: np.float64(-0.34592992484386575)}",-0.1760306465301323
24,APH,"{2023: 0.0017706949977866313, 2024: 0.0021413276231263384, 2025: 0.0021502573792923697, 2026: 0.002090216438540894}",9.674940784290634e-05,0.9770560264587402,"[np.float32(0.99612725), np.float32(0.9353635), np.float32(0.9996774)]","{2023: 0.005375324100423702, 2024: 0.005318781515507356, 2025: 0.005343063790968919, 2026: 0.005798664958532803}",0.0001294304849789,2025,"{'interest_coverage': np.float64(16.22756933115824), 'rating': 'Very Strong', 'debt_to_ebitda': np.float64(2.1136281182429), 'debt_ebitda_rating': 'Elevated'}","{'additional_debt_capacity_usd': None, 'assumptions': 'Maintain interest coverage >= 3.0x'}","{'free_cash_flow_usd': np.float64(4378100000.0), 'fcf_margin': np.float64(0.18957163331846702), 'fcf_margin_rating': 'Excellent', 'ocf_to_debt': np.float64(0.3690198286279249), 'ocf_to_debt_rating': 'Very Strong'}","{'current_ratio': np.float64(2.979243840771447), 'rating': 'Very Strong', 'cash_and_equiv_usd': np.float64(11130600000.0)}","{'revenue_growth_yoy': np.float64(0.5171224552806006), 'ebitda_growth_yoy': np.float64(0.8127268900931236)}",Feasible – strong financial health,"{2023: np.float64(0.6805074348001543), 2024: np.float64(0.6998014990780232), 2025: np.float64(0.6578175982748958)}","{2024: np.float64(-0.7848712446351931), 2025: np.float64(-0.4977457168620379)}",1.0
25,ACGL,"{2023: 0.0045638685195631, 2024: 0.004379333715656118, 2025: 0.0043991305247903945, 2026: 0.00423374451181267}",-9.705752141173934e-05,0.9902848601341248,"[np.float32(0.97758937), np.float32(0.99503607), np.float32(0.998229)]","{2023: 0.006563765960719963, 2024: 0.006621135498670559, 2025: 0.006262291688231032, 2026: 0.006167677190048087}",-0.0001547110122455,2025,"{'interest_coverage': np.float64(34.641891891891895), 'rating': 'Very Strong', 'debt_to_ebitda': None, 'debt_ebitda_rating': 'N/A'}","{'additional_debt_capacity_usd': None, 'assumptions': 'Maintain interest coverage >= 3.0x'}","{'free_cash_flow_usd': np.float64(6128000000.0), 'fcf_margin': np.float64(0.31761169275422413), 'fcf_margin_rating': 'Exceptional', 'ocf_to_debt': np.float64(2.2616342982777575), 'ocf_to_debt_rating': 'Very Strong'}","{'current_ratio': None, 'rating': 'N/A', 'cash_and_equiv_usd': np.float64(993000000.0)}","{'revenue_growth_yoy': np.float64(0.13963378617838157), 'ebitda_growth_yoy': None}",Marginally feasible – monitor key risks,"{2023: np.float64(0.654016012215504), 2024: np.float64(0.6785861929305471), 2025: np.float64(0.6741847734484407)}","{2024: np.float64(0.019230769230769232), 2025: np.float64(0.13725490196078433)}",1.0
26,ALGN,"{2023: 0.0061660079051383395, 2024: 0.0054487179487179484, 2025: 0.005813953488372093, 2026: 0.006297391080837938}",7.593850667538018e-05,0.9390344619750975,"[np.float32(0.98980534), np.float32(0.9797867), np.float32(0.8475113)]","{2023: 0.008063241106719368, 2024: 0.007051282051282051, 2025: 0.006731946144430845, 2026: 0.006297391080837938}",-0.0005616885984497,2025,"{'interest_coverage': None, 'rating': 'N/A', 'debt_to_ebitda': None, 'debt_ebitda_rating': 'N/A'}","{'additional_debt_capacity_usd': None, 'assumptions': 'Maintain interest coverage >= 3.0x'}","{'free_cash_flow_usd': np.float64(490778000.0), 'fcf_margin': np.float64(0.1216313206264046), 'fcf_margin_rating': 'Good', 'ocf_to_debt': None, 'ocf_to_debt_rating': 'N/A'}","{'current_ratio': np.float64(1.3627820615984771), 'rating': 'Good', 'cash_and_equiv_usd': np.float64(1094908000.0)}","{'revenue_growth_yoy': np.float64(0.008990220584484367), 'ebitda_growth_yoy': np.float64(0.007283318519389127)}",Marginally feasible – monitor key risks,"{2023: np.float64(0.44407383538782597), 2024: np.float64(0.4438291556540538), 2025: np.float64(0.4104941867371189)}","{2024: np.float64(0.34963649868329244), 2025: np.float64(0.11364422910538155)}",1.0
27,AWK,"{2023: 0.005366601616950097, 2024: 0.004976775049767751, 2025: 0.004112357984247578, 2026: 0.004242709946797764}",-0.0004236092075979,0.9924771189689636,"[np.float32(0.99529785), np.float32(0.99517685), np.float32(0.9869566)]","{2023: 0.002369668246445498, 2024: 0.0023888520238885204, 2025: 0.002300132431867289, 2026: 0.0023570610815543134}",-1.2654108669485858e-05,2025,"{'interest_coverage': np.float64(3.3121951219512193), 'rating': 'Strong', 'debt_to_ebitda': np.float64(4.359263050153531), 'debt_ebitda_rating': 'Very High'}","{'additional_debt_capacity_usd': None, 'assumptions': 'Maintain interest coverage >= 3.0x'}","{'free_cash_flow_usd': np.float64(-1242000000.0), 'fcf_margin': np.float64(-0.2416342412451362), 'fcf_margin_rating': 'Breakeven', 'ocf_to_debt': np.float64(0.16114893950066525), 'ocf_to_debt_rating': 'Strong'}","{'current_ratio': np.float64(0.46155466610490836), 'rating': 'Critical', 'cash_and_equiv_usd': np.float64(98000000.0)}","{'revenue_growth_yoy': np.float64(0.09735269000853972), 'ebitda_growth_yoy': np.float64(0.09775280898876404)}",Challenging – improvement needed,"{2023: np.float64(0.6261079577566351), 2024: np.float64(0.6555786200102653), 2025: np.float64(0.6420421381048935)}","{2024: np.float64(-0.10021945866861741), 2025: np.float64(-0.09740691489361702)}",1.0
28,ABBV,"{2023: 0.005125640705088136, 2024: 0.005819592628516004, 2025: 0.005514030143364784, 2026: 0.0054133858267716535}",5.576728798991581e-05,0.9926548600196838,"[np.float32(0.99158084), np.float32(0.9916012), np.float32(0.9947825)]","{2023: 0.00912614076759595, 2024: 0.007516973811833172, 2025: 0.008209778213454234, 2026: 0.01033464566929134}",0.000431831910671,2025,"{'interest_coverage': np.float64(3.2803318354649154), 'rating': 'Strong', 'debt_to_ebitda': np.float64(3.3434114243575928), 'debt_ebitda_rating': 'High'}","{'additional_debt_capacity_usd': None, 'assumptions': 'Maintain interest coverage >= 3.0x'}","{'free_cash_flow_usd': np.float64(17816000000.0), 'fcf_margin': np.float64(0.29130150425114454), 'fcf_margin_rating': 'Exceptional', 'ocf_to_debt': np.float64(0.32286523811947543), 'ocf_to_debt_rating': 'Very Strong'}","{'current_ratio': np.float64(0.6713483794959458), 'rating': 'Weak', 'cash_and_equiv_usd': np.float64(5229000000.0)}","{'revenue_growth_yoy': np.float64(0.08566762523520431), 'ebitda_growth_yoy': np.float64(0.1823608316566063)}",Marginally feasible – monitor key risks,"{2023: np.float64(0.66098016574431), 2024: np.float64(0.6708887067178021), 2025: np.float64(0.6648220018867184)}","{2024: np.float64(-0.25353925353925355), 2025: np.float64(-0.2464065708418891)}",1.0
29,APD,"{2022: 0.008689003197553176, 2023: 0.009684667234833811, 2024: 0.009203402938901779, 2025: 0.009413663259817106}",0.0001692715890859,0.986044466495514,"[np.float32(0.9753637), np.float32(0.99898285), np.float32(0.98378694)]","{2022: 0.003545113304601696, 2023: 0.004261253583326877, 2024: 0.003402938901778809, 2025: 0.0026896180742334587}",-0.0003424800372653,2025,"{'interest_coverage': np.float64(-1.0593457943925233), 'rating': 'Critical (default risk)', 'debt_to_ebitda': np.float64(12.670953271028038), 'debt_ebitda_rating': 'Distressed'}","{'additional_debt_capacity_usd': None, 'assumptions': 'Maintain interest coverage >= 3.0x'}","{'free_cash_flow_usd': np.float64(-3765800000.0), 'fcf_margin': np.float64(-0.31284424247962583), 'fcf_margin_rating': 'Breakeven', 'ocf_to_debt': np.float64(0.19217107048868853), 'ocf_to_debt_rating': 'Strong'}","{'current_ratio': np.float64(1.3809794718627033), 'rating': 'Good', 'cash_and_equiv_usd': np.float64(1856000000.0)}","{'revenue_growth_yoy': np.float64(-0.005231145563029932), 'ebitda_growth_yoy': np.float64(-0.7939486373650074)}",Challenging – improvement needed,"{2022: np.float64(0.5627999845095665), 2023: np.float64(0.5686874670942349), 2024: np.float64(0.596327572192594), 2025: np.float64(0.5845566355549028)}","{2023: np.float64(-0.5808645139244831), 2024: np.float64(-0.46911205256787136), 2025: np.float64(-0.033236717818941545)}",0.9995757269055738
30,APO,"{2023: 0.006007067137809187, 2024: 0.004597102957758696, 2025: 0.006840530141085934, 2026: 0.0035941387890517005}",-0.0004995357862947,0.5479109287261963,"[np.float32(1.0), np.float32(0.3680063), np.float32(0.27572662)]","{2023: 0.009399293286219081, 2024: 0.009194205915517391, 2025: 0.017528858486532708, 2026: 0.0035941387890517005}",-0.0009080810920492,2025,"{'interest_coverage': np.float64(19.045945945945945), 'rating': 'Very Strong', 'debt_to_ebitda': np.float64(1.5763151686718566), 'debt_ebitda_rating': 'Moderate'}","{'additional_debt_capacity_usd': None, 'assumptions': 'Maintain interest coverage >= 3.0x'}","{'free_cash_flow_usd': np.float64(nan), 'fcf_margin': np.float64(nan), 'fcf_margin_rating': 'Exceptional', 'ocf_to_debt': np.float64(0.5422029332535169), 'ocf_to_debt_rating': 'Very Strong'}","{'current_ratio': np.float64(0.784448187238812), 'rating': 'Weak', 'cash_and_equiv_usd': np.float64(19240000000.0)}","{'revenue_growth_yoy': np.float64(0.22727272727272727), 'ebitda_growth_yoy': np.float64(-0.04192564131540287)}",Marginally feasible – monitor key risks,"{2023: np.float64(0.6157414446962942), 2024: np.float64(0.5936003884589168), 2025: np.float64(0.4781051559580697)}","{2024: np.float64(nan), 2025: np.float64(nan)}",
31,ARE,"{2023: 0.005801840765842981, 2024: 0.006507449316981281, 2025: 0.0066084675812237235, 2026: 0.007040612312485434}",0.0003817332904171,0.9406938552856444,"[np.float32(0.9996249), np.float32(0.8383318), np.float32(0.98412484)]","{2023: 0.008083019066958517, 2024: 0.008035514338782553, 2025: 0.008434153177592923, 2026: 0.008377592699351136}",0.0001282359735988,2025,"{'interest_coverage': np.float64(-4.367166891635568), 'rating': 'Critical (default risk)', 'debt_to_ebitda': np.float64(33.42320432792343), 'debt_ebitda_rating': 'Distressed'}","{'additional_debt_capacity_usd': None, 'assumptions': 'Maintain interest coverage >= 3.0x'}","{'free_cash_flow_usd': None, 'fcf_margin': None, 'fcf_margin_rating': 'N/A', 'ocf_to_debt': np.float64(0.11737359963490859), 'ocf_to_debt_rating': 'Strong'}","{'current_ratio': np.float64(0.4305786676440942), 'rating': 'Critical', 'cash_and_equiv_usd': np.float64(549062000.0)}","{'revenue_growth_yoy': np.float64(-0.03427576297518515), 'ebitda_growth_yoy': np.float64(-0.810184675644606)}",Infeasible – high risk of distress,,,
32,AJG,"{2023: 0.007517971793886846, 2024: 0.007466464186281954, 2025: 0.00775092304066616, 2026: 0.007289135716765012}",-4.020493769814991e-05,0.8070156574249268,"[np.float32(0.59097123), np.float32(0.9544573), np.float32(0.8756185)]","{2023: 0.002524282500137189, 2024: 0.002252594279929132, 2025: 0.0023305140223624605, 2026: 0.002376311643927055}",-3.659928261970851e-05,2025,"{'interest_coverage': np.float64(3.928012519561815), 'rating': 'Strong', 'debt_to_ebitda': np.float64(3.3325991189427313), 'debt_ebitda_rating': 'High'}","{'additional_debt_capacity_usd': None, 'assumptions': 'Maintain interest coverage >= 3.0x'}","{'free_cash_flow_usd': np.float64(1785000000.0), 'fcf_margin': np.float64(0.12803041170563764), 'fcf_margin_rating': 'Good', 'ocf_to_debt': np.float64(0.15945142101784535), 'ocf_to_debt_rating': 'Strong'}","{'current_ratio': np.float64(1.0564900519696179), 'rating': 'Adequate', 'cash_and_equiv_usd': np.float64(1396000000.0)}","{'revenue_growth_yoy': np.float64(0.2065772392903505), 'ebitda_growth_yoy': np.float64(0.17199096482736367)}",Marginally feasible – monitor key risks,"{2023: np.float64(0.5563976116950663), 2024: np.float64(0.5525894674414461), 2025: np.float64(0.5476788859562697)}","{2024: np.float64(0.26804123711340205), 2025: np.float64(-0.02112676056338028)}",1.0
33,AIG,"{2023: 0.004289044922817583, 2024: 0.004380434061193337, 2025: 0.004062891331570892, 2026: 0.0039015314552295795}",-0.0001480083132387,0.8074681758880615,"[np.float32(0.971812), np.float32(0.78067213), np.float32(0.6699204)]","{2023: 0.006484546523562558, 2024: 0.00621888896263357, 2025: 0.007031213765595287, 2026: 0.007192146953056662}",0.0002935126091445,2025,"{'interest_coverage': np.float64(10.795454545454545), 'rating': 'Very Strong', 'debt_to_ebitda': None, 'debt_ebitda_rating': 'N/A'}","{'additional_debt_capacity_usd': None, 'assumptions': 'Maintain interest coverage >= 3.0x'}","{'free_cash_flow_usd': None, 'fcf_margin': None, 'fcf_margin_rating': 'N/A', 'ocf_to_debt': np.float64(0.3605701229463606), 'ocf_to_debt_rating': 'Very Strong'}","{'current_ratio': None, 'rating': 'N/A', 'cash_and_equiv_usd': np.float64(1274000000.0)}","{'revenue_growth_yoy': np.float64(-0.01818848551521819), 'ebitda_growth_yoy': None}",Challenging – improvement needed,,,
34,ABT,"{2023: 0.0034691247893745662, 2024: 0.003452189539392793, 2025: 0.0025704399406821553, 2026: 0.0028904717662847114}",-0.0002617708667981,0.7953909039497375,"[np.float32(0.99960697), np.float32(0.6065188), np.float32(0.7800469)]","{2023: 0.006888690653186639, 2024: 0.0065733472051451814, 2025: 0.009688581314878892, 2026: 0.009806957778465986}",0.0011870035485577,2025,"{'interest_coverage': np.float64(18.17241379310345), 'rating': 'Very Strong', 'debt_to_ebitda': np.float64(0.819544513457557), 'debt_ebitda_rating': 'Conservative'}","{'additional_debt_capacity_usd': None, 'assumptions': 'Maintain interest coverage >= 3.0x'}","{'free_cash_flow_usd': np.float64(7395000000.0), 'fcf_margin': np.float64(0.1668245804006497), 'fcf_margin_rating': 'Excellent', 'ocf_to_debt': np.float64(0.9666531932093775), 'ocf_to_debt_rating': 'Very Strong'}","{'current_ratio': np.float64(1.5758971871968963), 'rating': 'Strong', 'cash_and_equiv_usd': np.float64(8522000000.0)}","{'revenue_growth_yoy': np.float64(0.0566865315852205), 'ebitda_growth_yoy': np.float64(0.1190917516218721)}",Feasible – strong financial health,"{2023: np.float64(0.5421917218767054), 2024: np.float64(0.5601576793359945), 2025: np.float64(0.5574043088016056)}","{2024: np.float64(-0.002270663033605813), 2025: np.float64(0.016311735387403714)}",1.0
35,ADI,"{2022: 0.0, 2023: 0.0, 2024: 0.005712245626561942, 2025: 0.005466472303206997}",0.0022111662536183,0.8484824299812317,"[np.float32(0.9675839), np.float32(0.5908339), np.float32(0.98702955)]","{2022: 0.0, 2023: 0.0, 2024: 0.0021420921099607284, 2025: 0.0027332361516034984}",0.0010341800564771,2025,"{'interest_coverage': np.float64(9.536277681954953), 'rating': 'Very Strong', 'debt_to_ebitda': np.float64(1.6197247265829375), 'debt_ebitda_rating': 'Moderate'}","{'additional_debt_capacity_usd': None, 'assumptions': 'Maintain interest coverage >= 3.0x'}","{'free_cash_flow_usd': np.float64(4278650000.0), 'fcf_margin': np.float64(0.38827257385337016), 'fcf_margin_rating': 'Exceptional', 'ocf_to_debt': np.float64(0.590811909934186), 'ocf_to_debt_rating': 'Very Strong'}","{'current_ratio': np.float64(2.1899250755052453), 'rating': 'Very Strong', 'cash_and_equiv_usd': np.float64(2499406000.0)}","{'revenue_growth_yoy': np.float64(0.1689321605654812), 'ebitda_growth_yoy': np.float64(0.1961971824620238)}",Feasible – strong financial health,"{2022: 0.5, 2023: 0.5, 2024: np.float64(0.6529110735772472), 2025: np.float64(0.7098490493372083)}","{2023: np.float64(-0.8038732575631911), 2024: np.float64(0.4209398135339681), 2025: np.float64(0.2695701219637408)}",0.3986203567942473
36,AMGN,"{2023: 0.004556618954857288, 2024: 0.004522417153996101, 2025: 0.004792379818425361, 2026: 0.004799489363791474}",9.985738912323314e-05,0.7073373794555664,"[np.float32(0.9053016), np.float32(0.98573184), np.float32(0.23097882)]","{2023: 0.0031676124333022784, 2024: 0.0033060428849902533, 2025: 0.0030361660961452596, 2026: 0.00391569592595775}",0.0001974373689122,2025,"{'interest_coverage': np.float64(4.258076225045372), 'rating': 'Strong', 'debt_to_ebitda': np.float64(2.9592259438986863), 'debt_ebitda_rating': 'Elevated'}","{'additional_debt_capacity_usd': None, 'assumptions': 'Maintain interest coverage >= 3.0x'}","{'free_cash_flow_usd': np.float64(8100000000.0), 'fcf_margin': np.float64(0.22040216592745776), 'fcf_margin_rating': 'Exceptional', 'ocf_to_debt': np.float64(0.19914008599140087), 'ocf_to_debt_rating': 'Strong'}","{'current_ratio': np.float64(1.1399819529993331), 'rating': 'Adequate', 'cash_and_equiv_usd': np.float64(9129000000.0)}","{'revenue_growth_yoy': np.float64(0.0995392532312111), 'ebitda_growth_yoy': np.float64(0.26519916142557654)}",Feasible – strong financial health,"{2023: np.float64(0.6091084413917152), 2024: np.float64(0.586940504801579), 2025: np.float64(0.5829939800174707)}","{2024: np.float64(0.014388489208633094), 2025: np.float64(-0.6952554744525548)}",1.0
37,AIZ,"{2023: 0.005006773870530718, 2024: 0.005752771151957345, 2025: 0.005758517807590394, 2026: 0.005653904794172455}",0.0001947139426558,0.7466985583305359,"[np.float32(0.65324694), np.float32(0.5874592), np.float32(0.9993895)]","{2023: 0.0046415738940920066, 2024: 0.004630279219868107, 2025: 0.004861357424523775, 2026: 0.004785702185329493}",6.634630783684609e-05,2025,"{'interest_coverage': np.float64(10.912488605287146), 'rating': 'Very Strong', 'debt_to_ebitda': None, 'debt_ebitda_rating': 'N/A'}","{'additional_debt_capacity_usd': None, 'assumptions': 'Maintain interest coverage >= 3.0x'}","{'free_cash_flow_usd': np.float64(1598400000.0), 'fcf_margin': np.float64(0.12473564689448506), 'fcf_margin_rating': 'Good', 'ocf_to_debt': np.float64(0.8309846390865014), 'ocf_to_debt_rating': 'Very Strong'}","{'current_ratio': None, 'rating': 'N/A', 'cash_and_equiv_usd': np.float64(1834100000.0)}","{'revenue_growth_yoy': np.float64(0.0788718164596927), 'ebitda_growth_yoy': None}",Marginally feasible – monitor key risks,"{2023: np.float64(0.625998004170719), 2024: np.float64(0.753022079428037), 2025: np.float64(0.7616348828465401)}","{2024: np.float64(-0.09283950617283951), 2025: np.float64(-0.06416629010393131)}",1.0
38,ADM,{2024: 0.0},,,[],{2024: 0.0},,2025,"{'interest_coverage': np.float64(3.0506535947712417), 'rating': 'Strong', 'debt_to_ebitda': np.float64(2.1673228346456694), 'debt_ebitda_rating': 'Elevated'}","{'additional_debt_capacity_usd': None, 'assumptions': 'Maintain interest coverage >= 3.0x'}","{'free_cash_flow_usd': np.float64(4204000000.0), 'fcf_margin': np.float64(0.052373892785508726), 'fcf_margin_rating': 'Moderate', 'ocf_to_debt': np.float64(0.8253103239479261), 'ocf_to_debt_rating': 'Very Strong'}","{'current_ratio': np.float64(1.3650558001433397), 'rating': 'Good', 'cash_and_equiv_usd': np.float64(1015000000.0)}","{'revenue_growth_yoy': np.float64(-0.06151058108266105), 'ebitda_growth_yoy': np.float64(-0.2569478303266699)}",Feasible – strong financial health,,,
39,T,{2023: 0.006624825662482566},,,[],{2023: 0.005753138075313808},,2025,"{'interest_coverage': np.float64(4.96928277483833), 'rating': 'Strong', 'debt_to_ebitda': np.float64(2.32350951606121), 'debt_ebitda_rating': 'Elevated'}","{'additional_debt_capacity_usd': None, 'assumptions': 'Maintain interest coverage >= 3.0x'}","{'free_cash_flow_usd': np.float64(19442000000.0), 'fcf_margin': np.float64(0.15473385967146314), 'fcf_margin_rating': 'Excellent', 'ocf_to_debt': np.float64(0.3169747185043552), 'ocf_to_debt_rating': 'Very Strong'}","{'current_ratio': np.float64(0.9061361100780959), 'rating': 'Marginal', 'cash_and_equiv_usd': np.float64(18234000000.0)}","{'revenue_growth_yoy': np.float64(0.027072979335600315), 'ebitda_growth_yoy': np.float64(0.24206916910779572)}",Feasible – strong financial health,,,
40,CMG,"{2025: 0.008700533258490037, 2026: 0.008916132627472834}",,0.9955432415008544,[np.float32(0.99554324)],"{2025: 0.005332584900364861, 2026: 0.004736695458344943}",,2025,"{'interest_coverage': None, 'rating': 'N/A', 'debt_to_ebitda': None, 'debt_ebitda_rating': 'N/A'}","{'additional_debt_capacity_usd': None, 'assumptions': 'Maintain interest coverage >= 3.0x'}","{'free_cash_flow_usd': np.float64(1447590000.0), 'fcf_margin': np.float64(0.12138507736423515), 'fcf_margin_rating': 'Good', 'ocf_to_debt': None, 'ocf_to_debt_rating': 'N/A'}","{'current_ratio': np.float64(1.2346613451927464), 'rating': 'Good', 'cash_and_equiv_usd': np.float64(350545000.0)}","{'revenue_growth_yoy': np.float64(0.05407070429499128), 'ebitda_growth_yoy': np.float64(0.023265576506254392)}",Marginally feasible – monitor key risks,,,
41,CAG,"{2024: 0.007183552142680208, 2025: 0.00796710357234644}",,0.99799644947052,[np.float32(0.99799645)],"{2024: 0.0033440673767649244, 2025: 0.0025700334104343356}",,2025,"{'interest_coverage': np.float64(3.7581106870229006), 'rating': 'Strong', 'debt_to_ebitda': np.float64(3.1716015466015466), 'debt_ebitda_rating': 'High'}","{'additional_debt_capacity_usd': None, 'assumptions': 'Maintain interest coverage >= 3.0x'}","{'free_cash_flow_usd': np.float64(1302600000.0), 'fcf_margin': np.float64(0.11216933039404794), 'fcf_margin_rating': 'Good', 'ocf_to_debt': np.float64(0.27139442742336506), 'ocf_to_debt_rating': 'Very Strong'}","{'current_ratio': np.float64(0.7113736391012278), 'rating': 'Weak', 'cash_and_equiv_usd': np.float64(68000000.0)}","{'revenue_growth_yoy': np.float64(-0.036354131226713354), 'ebitda_growth_yoy': np.float64(0.35811511089615145)}",Marginally feasible – monitor key risks,"{2024: np.float64(0.5705813683875619), 2025: np.float64(0.6025635751688646)}",{2025: np.float64(-0.003091986601391394)},
42,CTSH,"{2023: 0.006011365237401963, 2024: 0.006364890728624204, 2025: 0.006335988414192614, 2026: 0.0065420560747663555}",0.0001563170197662,0.935851275920868,"[np.float32(0.95712745), np.float32(0.91506577), np.float32(0.93536055)]","{2023: 0.00530690837364392, 2024: 0.004539991988249432, 2025: 0.0038921071687183202, 2026: 0.004005340453938585}",-0.0004552588578648,2025,"{'interest_coverage': np.float64(95.02702702702703), 'rating': 'Very Strong', 'debt_to_ebitda': np.float64(0.1335464830300049), 'debt_ebitda_rating': 'Conservative'}","{'additional_debt_capacity_usd': None, 'assumptions': 'Maintain interest coverage >= 3.0x'}","{'free_cash_flow_usd': np.float64(2595000000.0), 'fcf_margin': np.float64(0.12293916998294485), 'fcf_margin_rating': 'Good', 'ocf_to_debt': np.float64(5.30939226519337), 'ocf_to_debt_rating': 'Very Strong'}","{'current_ratio': np.float64(2.1366493577480186), 'rating': 'Very Strong', 'cash_and_equiv_usd': np.float64(1901000000.0)}","{'revenue_growth_yoy': np.float64(0.06951763275233076), 'ebitda_growth_yoy': np.float64(0.15053763440860216)}",Feasible – strong financial health,"{2023: np.float64(0.43710125165333036), 2024: np.float64(0.44272930689318024), 2025: np.float64(0.4305740034629627)}","{2024: np.float64(0.06309148264984227), 2025: np.float64(0.030303030303030304)}",-1.0
43,DHR,"{2023: 0.004153070305547315, 2024: 0.003902639416658108, 2025: 0.004257130693912303, 2026: 0.004195567585856877}",4.819831181832768e-05,0.9786438941955566,"[np.float32(0.9862583), np.float32(0.9962329), np.float32(0.95344037)]","{2023: 0.006526253337288638, 2024: 0.005408921296771764, 2025: 0.005108556832694764, 2026: 0.004703095922855693}",-0.0005769836707378,2025,"{'interest_coverage': np.float64(16.973584905660378), 'rating': 'Very Strong', 'debt_to_ebitda': np.float64(2.651691864650828), 'debt_ebitda_rating': 'Elevated'}","{'additional_debt_capacity_usd': None, 'assumptions': 'Maintain interest coverage >= 3.0x'}","{'free_cash_flow_usd': np.float64(5260000000.0), 'fcf_margin': np.float64(0.2140996418104852), 'fcf_margin_rating': 'Exceptional', 'ocf_to_debt': np.float64(0.3483927019982624), 'ocf_to_debt_rating': 'Very Strong'}","{'current_ratio': np.float64(1.873953283384751), 'rating': 'Strong', 'cash_and_equiv_usd': np.float64(4615000000.0)}","{'revenue_growth_yoy': np.float64(0.029026178010471203), 'ebitda_growth_yoy': np.float64(-0.04549202858713579)}",Feasible – strong financial health,"{2023: np.float64(0.49391182703263264), 2024: np.float64(0.48219531828126067), 2025: np.float64(0.5088004836402202)}","{2024: np.float64(-0.006507592190889371), 2025: np.float64(0.16954022988505746)}",-1.0
44,CTAS,"{2022: 0.004004929143561306, 2023: 0.003973988439306358, 2024: 0.0044915558749550845, 2025: 0.0037865128020194735}",-1.3768158897703364e-05,0.9929940104484558,"[np.float32(1.0000002), np.float32(1.0000002), np.float32(0.97898144)]","{2022: 0.004775107825015404, 2023: 0.005780346820809248, 2024: 0.004850880344951491, 2025: 0.00432744320230797}",-0.000227246034398,2025,"{'interest_coverage': np.float64(23.39389563634925), 'rating': 'Very Strong', 'debt_to_ebitda': np.float64(0.8480520847576826), 'debt_ebitda_rating': 'Conservative'}","{'additional_debt_capacity_usd': None, 'assumptions': 'Maintain interest coverage >= 3.0x'}","{'free_cash_flow_usd': np.float64(1757021000.0), 'fcf_margin': np.float64(0.16992168705750896), 'fcf_margin_rating': 'Excellent', 'ocf_to_debt': np.float64(0.8931570693431213), 'ocf_to_debt_rating': 'Very Strong'}","{'current_ratio': np.float64(2.089489097611313), 'rating': 'Very Strong', 'cash_and_equiv_usd': np.float64(263973000.0)}","{'revenue_growth_yoy': np.float64(0.07748211218226426), 'ebitda_growth_yoy': np.float64(0.12967847837724125)}",Feasible – strong financial health,"{2022: np.float64(0.514093832934604), 2023: np.float64(0.503613161544005), 2024: np.float64(0.5014064775715614), 2025: np.float64(0.5041083571314812)}","{2023: np.float64(-0.3757686810264593), 2024: np.float64(-0.23665922702191725), 2025: np.float64(0.0014286795825813432)}",-0.8725222681598682
45,STZ,"{2023: 0.005615152531009051, 2024: 0.005008176614881439, 2025: 0.005961251862891207, 2026: 0.00574651484516335}",0.0001347162190473,0.949570655822754,"[np.float32(0.94123507), np.float32(0.94154906), np.float32(0.9659278)]","{2023: 0.006956084478712705, 2024: 0.006439084219133279, 2025: 0.00546448087431694, 2026: 0.004682345429392359}",-0.0007795820492781,2026,"{'interest_coverage': np.float64(7.575774336283186), 'rating': 'Very Strong', 'debt_to_ebitda': np.float64(3.0692188341091162), 'debt_ebitda_rating': 'High'}","{'additional_debt_capacity_usd': None, 'assumptions': 'Maintain interest coverage >= 3.0x'}","{'free_cash_flow_usd': np.float64(1794000000.0), 'fcf_margin': np.float64(0.19630156472261737), 'fcf_margin_rating': 'Excellent', 'ocf_to_debt': np.float64(0.27535618855038224), 'ocf_to_debt_rating': 'Very Strong'}","{'current_ratio': np.float64(1.080489255706744), 'rating': 'Adequate', 'cash_and_equiv_usd': np.float64(102400000.0)}","{'revenue_growth_yoy': np.float64(-0.10478317513493393), 'ebitda_growth_yoy': np.float64(3.04210930500448)}",Marginally feasible – monitor key risks,"{2023: np.float64(0.5537743593634266), 2024: np.float64(0.4773408238155146), 2025: np.float64(0.48085547725937955), 2026: np.float64(0.47462848335748814)}","{2024: np.float64(-0.2257098705814178), 2025: np.float64(0.04333779843983926), 2026: np.float64(0.2793015402355654)}",-0.8645555700227975
46,CTVA,"{2023: 0.006603454114459871, 2024: 0.006952987110231588, 2025: 0.006713700500682749, 2026: 0.006932823332536457}",7.488210446810798e-05,0.9712912440299988,"[np.float32(1.0000002), np.float32(0.9541138), np.float32(0.95975965)]","{2023: 0.0023140309289987585, 2024: 0.002460287746697331, 2025: 0.0029585798816568047, 2026: 0.0030480516375806835}",0.0002700354260706,2025,"{'interest_coverage': np.float64(10.377777777777778), 'rating': 'Very Strong', 'debt_to_ebitda': np.float64(0.5490068381634646), 'debt_ebitda_rating': 'Conservative'}","{'additional_debt_capacity_usd': None, 'assumptions': 'Maintain interest coverage >= 3.0x'}","{'free_cash_flow_usd': np.float64(2815000000.0), 'fcf_margin': np.float64(0.16177231193609562), 'fcf_margin_rating': 'Excellent', 'ocf_to_debt': np.float64(2.0201660735468563), 'ocf_to_debt_rating': 'Very Strong'}","{'current_ratio': np.float64(1.4296907216494845), 'rating': 'Good', 'cash_and_equiv_usd': np.float64(4521000000.0)}","{'revenue_growth_yoy': np.float64(0.029157795126567305), 'ebitda_growth_yoy': np.float64(0.12285191956124314)}",Feasible – strong financial health,"{2023: np.float64(0.6334441568382004), 2024: np.float64(0.6140186228649691), 2025: np.float64(0.6188633183762431)}","{2024: np.float64(-0.0033613445378151263), 2025: np.float64(0.010050251256281407)}",-1.0
47,GLW,"{2023: 0.006969334926324173, 2024: 0.007631055076310551, 2025: 0.00713128038897893, 2026: 0.007776712474699052}",0.0001922357957793,0.9230079650878906,"[np.float32(0.81206083), np.float32(0.9886098), np.float32(0.9683532)]","{2023: 0.005675029868578256, 2024: 0.003981420039814201, 2025: 0.004213938411669368, 2026: 0.0044742729306487695}",-0.0003369752441933,2025,"{'interest_coverage': np.float64(7.107142857142857), 'rating': 'Very Strong', 'debt_to_ebitda': np.float64(2.0428380187416333), 'debt_ebitda_rating': 'Elevated'}","{'additional_debt_capacity_usd': None, 'assumptions': 'Maintain interest coverage >= 3.0x'}","{'free_cash_flow_usd': np.float64(1413000000.0), 'fcf_margin': np.float64(0.09040885533303475), 'fcf_margin_rating': 'Moderate', 'ocf_to_debt': np.float64(0.3532110091743119), 'ocf_to_debt_rating': 'Very Strong'}","{'current_ratio': np.float64(1.587775408670931), 'rating': 'Strong', 'cash_and_equiv_usd': np.float64(1526000000.0)}","{'revenue_growth_yoy': np.float64(0.1914163744473243), 'ebitda_growth_yoy': np.float64(0.49879614767255215)}",Feasible – strong financial health,"{2023: np.float64(0.6847969008875745), 2024: np.float64(0.7008319154622094), 2025: np.float64(0.6775627016059814)}","{2024: np.float64(0.3057553956834532), 2025: np.float64(-0.32849740932642485)}",-1.0
48,CVX,"{2023: 0.0, 2024: 0.0, 2025: 0.0, 2026: 0.0}",0.0,1.0000001192092896,"[np.float32(1.0000001), np.float32(1.0000001), np.float32(1.0000001)]","{2023: 0.0, 2024: 0.0, 2025: 0.0, 2026: 0.0}",0.0,2025,"{'interest_coverage': np.float64(17.222678718159408), 'rating': 'Very Strong', 'debt_to_ebitda': np.float64(0.9445879711229689), 'debt_ebitda_rating': 'Conservative'}","{'additional_debt_capacity_usd': None, 'assumptions': 'Maintain interest coverage >= 3.0x'}","{'free_cash_flow_usd': np.float64(16592000000.0), 'fcf_margin': np.float64(0.08996269627830311), 'fcf_margin_rating': 'Moderate', 'ocf_to_debt': np.float64(0.8675169981084812), 'ocf_to_debt_rating': 'Very Strong'}","{'current_ratio': np.float64(1.1547009315002845), 'rating': 'Adequate', 'cash_and_equiv_usd': np.float64(6293000000.0)}","{'revenue_growth_yoy': np.float64(-0.04643924431530293), 'ebitda_growth_yoy': np.float64(-0.09591582807622623)}",Marginally feasible – monitor key risks,"{2023: 0.5, 2024: 0.5, 2025: 0.5}","{2024: np.float64(-0.0391054393834102), 2025: np.float64(-0.054657101167315175)}",
49,CFG,"{2023: 0.0, 2024: 0.0, 2025: 0.0, 2026: 0.0}",0.0,0.9861323833465576,"[np.float32(0.9861324), np.float32(0.9861324), np.float32(0.9861324)]","{2023: 0.0, 2024: 0.0, 2025: 0.0, 2026: 0.0}",0.0,2025,"{'interest_coverage': None, 'rating': 'N/A', 'debt_to_ebitda': None, 'debt_ebitda_rating': 'N/A'}","{'additional_debt_capacity_usd': None, 'assumptions': 'Maintain interest coverage >= 3.0x'}","{'free_cash_flow_usd': np.float64(2037000000.0), 'fcf_margin': np.float64(0.24699890869407057), 'fcf_margin_rating': 'Exceptional', 'ocf_to_debt': np.float64(0.23944119558154645), 'ocf_to_debt_rating': 'Very Strong'}","{'current_ratio': None, 'rating': 'N/A', 'cash_and_equiv_usd': np.float64(13688000000.0)}","{'revenue_growth_yoy': np.float64(0.05608912792931233), 'ebitda_growth_yoy': None}",Challenging – improvement needed,"{2023: 0.5, 2024: 0.5, 2025: 0.5}","{2024: np.float64(0.29069767441860467), 2025: np.float64(-0.4262295081967213)}",
50,CTRA,"{2024: 0.0056834742057709125, 2025: 0.004456548650656103, 2026: 0.005473523421588595}",-0.000104975392091,0.9921544790267944,"[np.float32(0.9953795), np.float32(0.98892945)]","{2024: 0.002331681725444477, 2025: 0.0021044813072542707, 2026: 0.0026731160896130346}",0.0001707171820842,2025,"{'interest_coverage': np.float64(11.286363636363637), 'rating': 'Very Strong', 'debt_to_ebitda': np.float64(0.735215330723264), 'debt_ebitda_rating': 'Conservative'}","{'additional_debt_capacity_usd': None, 'assumptions': 'Maintain interest coverage >= 3.0x'}","{'free_cash_flow_usd': np.float64(1634000000.0), 'fcf_margin': np.float64(0.21373446697187704), 'fcf_margin_rating': 'Exceptional', 'ocf_to_debt': np.float64(1.1269618834080717), 'ocf_to_debt_rating': 'Very Strong'}","{'current_ratio': np.float64(1.1875401412973667), 'rating': 'Adequate', 'cash_and_equiv_usd': np.float64(114000000.0)}","{'revenue_growth_yoy': np.float64(0.40069622572370833), 'ebitda_growth_yoy': np.float64(0.467049576783555)}",Feasible – strong financial health,"{2024: np.float64(0.5178546122042462), 2025: np.float64(0.5104602577283661)}",{2025: np.float64(-0.34782608695652173)},
51,CCI,"{2023: 0.0010438413361169101, 2024: 0.0019138755980861245, 2025: 0.005695687550854353, 2026: 0.0}",6.502879444169227e-05,0.9363550543785096,"[np.float32(0.9910016), np.float32(0.9598967), np.float32(0.8581669)]","{2023: 0.0020876826722338203, 2024: 0.003827751196172249, 2025: 0.0016273393002441008, 2026: 0.0015384615384615385}",-0.0003848075297248,2025,"{'interest_coverage': np.float64(2.189160467587673), 'rating': 'Adequate', 'debt_to_ebitda': np.float64(7.837818181818182), 'debt_ebitda_rating': 'Distressed'}","{'additional_debt_capacity_usd': None, 'assumptions': 'Maintain interest coverage >= 3.0x'}","{'free_cash_flow_usd': np.float64(2875000000.0), 'fcf_margin': np.float64(0.674249530956848), 'fcf_margin_rating': 'Exceptional', 'ocf_to_debt': np.float64(0.1418298227707154), 'ocf_to_debt_rating': 'Strong'}","{'current_ratio': np.float64(0.2554141549453003), 'rating': 'Critical', 'cash_and_equiv_usd': np.float64(99000000.0)}","{'revenue_growth_yoy': np.float64(-0.04394618834080718), 'ebitda_growth_yoy': np.float64(-0.0234375)}",Marginally feasible – monitor key risks,"{2023: np.float64(0.043400831520557404), 2024: np.float64(0.6161077121893564), 2025: np.float64(0.2975190534655537)}","{2024: np.float64(0.2757201646090535), 2025: np.float64(-0.03409090909090909)}",-1.0
52,CLX,"{2022: 0.0, 2023: 0.0, 2024: 0.0, 2025: 0.0}",0.0,1.0,"[np.float32(1.0), np.float32(1.0), np.float32(1.0)]","{2022: 0.0, 2023: 0.0, 2024: 0.0, 2025: 0.0}",0.0,2025,"{'interest_coverage': np.float64(13.25), 'rating': 'Very Strong', 'debt_to_ebitda': np.float64(1.7935018050541516), 'debt_ebitda_rating': 'Moderate'}","{'additional_debt_capacity_usd': None, 'assumptions': 'Maintain interest coverage >= 3.0x'}","{'free_cash_flow_usd': np.float64(761000000.0), 'fcf_margin': np.float64(0.10712274774774774), 'fcf_margin_rating': 'Good', 'ocf_to_debt': np.float64(0.39492753623188404), 'ocf_to_debt_rating': 'Very Strong'}","{'current_ratio': np.float64(0.8379364252214695), 'rating': 'Marginal', 'cash_and_equiv_usd': np.float64(167000000.0)}","{'revenue_growth_yoy': np.float64(0.0015508247568024813), 'ebitda_growth_yoy': np.float64(0.9156293222683264)}",Feasible – strong financial health,"{2022: 0.5, 2023: 0.5, 2024: 0.5, 2025: 0.5}","{2023: np.float64(0.09163346613545817), 2024: np.float64(0.07017543859649122), 2025: np.float64(-0.03773584905660377)}",
53,DAL,"{2023: 0.0, 2024: 0.0, 2025: 0.0, 2026: 0.0}",0.0,0.9944815635681152,"[np.float32(0.9918013), np.float32(0.997747), np.float32(0.99389625)]","{2023: 0.0, 2024: 0.0, 2025: 0.0, 2026: 0.0}",0.0,2025,"{'interest_coverage': np.float64(10.108983799705449), 'rating': 'Very Strong', 'debt_to_ebitda': np.float64(1.3438272268185236), 'debt_ebitda_rating': 'Moderate'}","{'additional_debt_capacity_usd': None, 'assumptions': 'Maintain interest coverage >= 3.0x'}","{'free_cash_flow_usd': np.float64(3843000000.0), 'fcf_margin': np.float64(0.06064958020326999), 'fcf_margin_rating': 'Moderate', 'ocf_to_debt': np.float64(0.6669864875669625), 'ocf_to_debt_rating': 'Very Strong'}","{'current_ratio': np.float64(0.3970460469157255), 'rating': 'Critical', 'cash_and_equiv_usd': np.float64(4310000000.0)}","{'revenue_growth_yoy': np.float64(0.027918822899599304), 'ebitda_growth_yoy': np.float64(0.1754230866380399)}",Marginally feasible – monitor key risks,"{2023: 0.5, 2024: 0.5, 2025: 0.5}","{2024: np.float64(0.03437910952470411), 2025: np.float64(0.12470817120622568)}",
54,CME,"{2023: 0.005628924009525871, 2024: 0.006299038567797547, 2025: 0.006096885046003769, 2026: 0.005432837763102248}",-7.904122610655082e-05,0.849442183971405,"[np.float32(0.9991924), np.float32(0.99929166), np.float32(0.5498425)]","{2023: 0.0034639532366313053, 2024: 0.003536302353851254, 2025: 0.003547278572220375, 2026: 0.004033963369010052}",0.0001721006615506,2025,"{'interest_coverage': np.float64(31.741061130334487), 'rating': 'Very Strong', 'debt_to_ebitda': np.float64(0.5865325289641462), 'debt_ebitda_rating': 'Conservative'}","{'additional_debt_capacity_usd': None, 'assumptions': 'Maintain interest coverage >= 3.0x'}","{'free_cash_flow_usd': np.float64(4193600000.0), 'fcf_margin': np.float64(0.6431310002147042), 'fcf_margin_rating': 'Exceptional', 'ocf_to_debt': np.float64(1.2497735441077638), 'ocf_to_debt_rating': 'Very Strong'}","{'current_ratio': np.float64(1.031582683860616), 'rating': 'Adequate', 'cash_and_equiv_usd': np.float64(4416900000.0)}","{'revenue_growth_yoy': np.float64(0.06370206032528017), 'ebitda_growth_yoy': np.float64(0.15790518148082)}",Feasible – strong financial health,"{2023: np.float64(0.6073500279186143), 2024: np.float64(0.5579122464956814), 2025: np.float64(0.5458973044653733)}","{2024: np.float64(-0.23036649214659685), 2025: np.float64(0.11170212765957446)}",-1.0
55,CIEN,"{2022: 0.0, 2023: 0.0, 2024: 0.0, 2025: 0.0}",0.0,0.9795293211936952,"[np.float32(0.99999994), np.float32(0.99999994), np.float32(0.938588)]","{2022: 0.0, 2023: 0.0, 2024: 0.0, 2025: 0.0}",0.0,2025,"{'interest_coverage': np.float64(2.703140665184604), 'rating': 'Adequate', 'debt_to_ebitda': np.float64(3.924307845999758), 'debt_ebitda_rating': 'High'}","{'additional_debt_capacity_usd': None, 'assumptions': 'Maintain interest coverage >= 3.0x'}","{'free_cash_flow_usd': np.float64(665292000.0), 'fcf_margin': np.float64(0.13948863058592847), 'fcf_margin_rating': 'Good', 'ocf_to_debt': np.float64(0.5288775835576102), 'ocf_to_debt_rating': 'Very Strong'}","{'current_ratio': np.float64(2.7251019188409606), 'rating': 'Very Strong', 'cash_and_equiv_usd': np.float64(1091952000.0)}","{'revenue_growth_yoy': np.float64(0.18793535668519323), 'ebitda_growth_yoy': np.float64(0.10359103463169021)}",Feasible – strong financial health,"{2022: 0.5, 2023: 0.5, 2024: 0.5, 2025: 0.5}","{2023: np.float64(-0.16933867735470942), 2024: np.float64(-0.28667476482386506), 2025: np.float64(-0.030444742061313954)}",
56,DVN,"{2024: 0.0, 2025: 0.0, 2026: 0.0}",0.0,0.9636638164520264,"[np.float32(0.969011), np.float32(0.9583166)]","{2024: 0.0, 2025: 0.0, 2026: 0.0}",0.0,2025,"{'interest_coverage': np.float64(7.9738430583501), 'rating': 'Very Strong', 'debt_to_ebitda': np.float64(0.9779042074622916), 'debt_ebitda_rating': 'Conservative'}","{'additional_debt_capacity_usd': None, 'assumptions': 'Maintain interest coverage >= 3.0x'}","{'free_cash_flow_usd': np.float64(2797000000.0), 'fcf_margin': np.float64(0.16272981149639285), 'fcf_margin_rating': 'Excellent', 'ocf_to_debt': np.float64(0.9079962116087134), 'ocf_to_debt_rating': 'Very Strong'}","{'current_ratio': np.float64(0.9804209495839452), 'rating': 'Marginal', 'cash_and_equiv_usd': np.float64(1434000000.0)}","{'revenue_growth_yoy': np.float64(0.07829360100376412), 'ebitda_growth_yoy': np.float64(0.025787187839305104)}",Feasible – strong financial health,"{2024: 0.5, 2025: 0.5}",{2025: np.float64(0.4748423453642828)},
57,CI,"{2023: 0.005005321077313499, 2024: 0.00507129374843654, 2025: 0.00510974174340511, 2026: 0.004975775828204792}",-5.018775235763131e-06,0.9385071396827698,"[np.float32(0.87514615), np.float32(0.9764038), np.float32(0.9639717)]","{2023: 0.003964494965442234, 2024: 0.0039001205285061286, 2025: 0.004251194350204251, 2026: 0.0043938137430346415}",0.0001639030154476,2025,"{'interest_coverage': np.float64(6.526278409090909), 'rating': 'Very Strong', 'debt_to_ebitda': None, 'debt_ebitda_rating': 'N/A'}","{'additional_debt_capacity_usd': None, 'assumptions': 'Maintain interest coverage >= 3.0x'}","{'free_cash_flow_usd': np.float64(8389000000.0), 'fcf_margin': np.float64(0.030519215937368123), 'fcf_margin_rating': 'Weak', 'ocf_to_debt': np.float64(0.31100385475041303), 'ocf_to_debt_rating': 'Very Strong'}","{'current_ratio': None, 'rating': 'N/A', 'cash_and_equiv_usd': np.float64(7676000000.0)}","{'revenue_growth_yoy': np.float64(0.12477085242896425), 'ebitda_growth_yoy': None}",Challenging – improvement needed,"{2023: np.float64(0.6770480957642502), 2024: np.float64(0.6749270465619192), 2025: np.float64(0.670769983790694)}","{2024: np.float64(0.10616656071201526), 2025: np.float64(0.1379800853485064)}",-1.0
58,CRWD,"{2023: 0.007168925964546402, 2024: 0.006476136843587217, 2025: 0.00709789741529396, 2026: 0.006946939753263864}",-4.4198062140471724e-06,0.9626615047454834,"[np.float32(0.9888985), np.float32(0.99406296), np.float32(0.90502304)]","{2023: 0.008602711157455683, 2024: 0.008869491764043362, 2025: 0.00830320074996652, 2026: 0.008863336926578032}",2.1558629329016707e-05,2026,"{'interest_coverage': np.float64(-3.531922486706399), 'rating': 'Critical (default risk)', 'debt_to_ebitda': np.float64(4.085153137552539), 'debt_ebitda_rating': 'Very High'}","{'additional_debt_capacity_usd': None, 'assumptions': 'Maintain interest coverage >= 3.0x'}","{'free_cash_flow_usd': np.float64(1241490000.0), 'fcf_margin': np.float64(0.25799848503898065), 'fcf_margin_rating': 'Exceptional', 'ocf_to_debt': np.float64(2.1628594539559556), 'ocf_to_debt_rating': 'Very Strong'}","{'current_ratio': np.float64(1.773130630716755), 'rating': 'Strong', 'cash_and_equiv_usd': np.float64(5230125000.0)}","{'revenue_growth_yoy': np.float64(0.21711245176577237), 'ebitda_growth_yoy': np.float64(-0.3893438097118438)}",Marginally feasible – monitor key risks,"{2023: np.float64(0.5246543026406247), 2024: np.float64(0.5448572837049142), 2025: np.float64(0.48906488593022984), 2026: np.float64(0.4710933774554481)}","{2024: np.float64(0.11006354222574193), 2025: np.float64(-0.3235137825162792), 2026: np.float64(-0.18175329248202002)}",-0.1676891645431718
59,DRI,"{2022: 0.006557377049180328, 2023: 0.0054519368723099, 2024: 0.00577240241891149, 2025: 0.004136789851075565}",-0.0006941296047713,0.986863613128662,"[np.float32(0.9852303), np.float32(0.99417454), np.float32(0.98118585)]","{2022: 0.0009836065573770492, 2023: 0.001721664275466284, 2024: 0.0008246289169873557, 2025: 0.000827357970215113}",-0.0001365781119964,2025,"{'interest_coverage': np.float64(7.650980392156863), 'rating': 'Very Strong', 'debt_to_ebitda': np.float64(1.152566691465618), 'debt_ebitda_rating': 'Moderate'}","{'additional_debt_capacity_usd': None, 'assumptions': 'Maintain interest coverage >= 3.0x'}","{'free_cash_flow_usd': np.float64(1026600000.0), 'fcf_margin': np.float64(0.08500666572822045), 'fcf_margin_rating': 'Moderate', 'ocf_to_debt': np.float64(0.7831158651851169), 'ocf_to_debt_rating': 'Very Strong'}","{'current_ratio': np.float64(0.4172191323692992), 'rating': 'Critical', 'cash_and_equiv_usd': np.float64(240000000.0)}","{'revenue_growth_yoy': np.float64(0.06028972783143108), 'ebitda_growth_yoy': np.float64(0.058023164286517485)}",Marginally feasible – monitor key risks,"{2022: np.float64(0.5884548001700923), 2023: np.float64(0.6597158657791822), 2024: np.float64(0.6343119870871305), 2025: np.float64(0.6596681289374828)}","{2023: np.float64(-0.4765217391304348), 2024: np.float64(-0.05721016321723035), 2025: np.float64(-0.06939360178258794)}",0.9447871585985272
60,COIN,"{2023: 0.0, 2024: 0.0, 2025: 0.0, 2026: 0.0}",0.0,0.9589161276817322,"[np.float32(0.92987436), np.float32(0.9468739), np.float32(1.0)]","{2023: 0.0, 2024: 0.0, 2025: 0.0, 2026: 0.0}",0.0,2025,"{'interest_coverage': np.float64(18.820062519756945), 'rating': 'Very Strong', 'debt_to_ebitda': np.float64(3.3058712427042396), 'debt_ebitda_rating': 'High'}","{'additional_debt_capacity_usd': None, 'assumptions': 'Maintain interest coverage >= 3.0x'}","{'free_cash_flow_usd': np.float64(nan), 'fcf_margin': np.float64(nan), 'fcf_margin_rating': 'Exceptional', 'ocf_to_debt': np.float64(0.4086860543496972), 'ocf_to_debt_rating': 'Very Strong'}","{'current_ratio': np.float64(2.3431541467107952), 'rating': 'Very Strong', 'cash_and_equiv_usd': np.float64(11285452000.0)}","{'revenue_growth_yoy': np.float64(0.09404240810672959), 'ebitda_growth_yoy': np.float64(-0.4300171352926409)}",Marginally feasible – monitor key risks,"{2023: 0.5, 2024: 0.5, 2025: 0.5}","{2024: np.float64(nan), 2025: np.float64(nan)}",
61,COP,"{2023: 0.010222626079054975, 2024: 0.010831399154912814, 2025: 0.009122476605261609, 2026: 0.010117411941044216}",-0.0002024564963684,0.9908483624458312,"[np.float32(0.9725448), np.float32(1.0000001), np.float32(1.0000001)]","{2023: 0.004713766469786461, 2024: 0.003987383205379991, 2025: 0.003413571891001118, 2026: 0.0038720959280539595}",-0.0003098822939577,2025,"{'interest_coverage': np.float64(11.264395782643957), 'rating': 'Very Strong', 'debt_to_ebitda': np.float64(0.8576065701994525), 'debt_ebitda_rating': 'Conservative'}","{'additional_debt_capacity_usd': None, 'assumptions': 'Maintain interest coverage >= 3.0x'}","{'free_cash_flow_usd': np.float64(7243000000.0), 'fcf_margin': np.float64(0.12287934310532031), 'fcf_margin_rating': 'Good', 'ocf_to_debt': np.float64(0.9027315427060058), 'ocf_to_debt_rating': 'Very Strong'}","{'current_ratio': np.float64(1.297360507851654), 'rating': 'Good', 'cash_and_equiv_usd': np.float64(6497000000.0)}","{'revenue_growth_yoy': np.float64(0.07670106859073889), 'ebitda_growth_yoy': np.float64(0.046878198567041965)}",Feasible – strong financial health,"{2023: np.float64(0.528535223486168), 2024: np.float64(0.5636787920621997), 2025: np.float64(0.5698734693454973)}","{2024: np.float64(-0.07734708392603129), 2025: np.float64(-0.03589701270836772)}",1.0
62,DECK,"{2022: 0.008555033907146584, 2023: 0.007035647279549718, 2024: 0.008338226658837346, 2025: 0.006946778711484594}",-0.0003522186207698,0.8405678272247314,"[np.float32(0.8555582), np.float32(0.92498684), np.float32(0.74115855)]","{2022: 0.003129890453834116, 2023: 0.00199343339587242, 2024: 0.0017615971814445098, 2025: 0.0028011204481792717}",-0.0001218146231391,2025,"{'interest_coverage': np.float64(354.51123116292297), 'rating': 'Very Strong', 'debt_to_ebitda': None, 'debt_ebitda_rating': 'N/A'}","{'additional_debt_capacity_usd': None, 'assumptions': 'Maintain interest coverage >= 3.0x'}","{'free_cash_flow_usd': np.float64(958352000.0), 'fcf_margin': np.float64(0.1922235424657996), 'fcf_margin_rating': 'Excellent', 'ocf_to_debt': None, 'ocf_to_debt_rating': 'N/A'}","{'current_ratio': np.float64(3.715187267595829), 'rating': 'Very Strong', 'cash_and_equiv_usd': np.float64(1889188000.0)}","{'revenue_growth_yoy': np.float64(0.16275363167227294), 'ebitda_growth_yoy': np.float64(0.26627392119352516)}",Feasible – strong financial health,"{2022: np.float64(0.47089643870698816), 2023: np.float64(0.5099017054347669), 2024: np.float64(0.5669055963908114), 2025: np.float64(0.5378036531309287)}","{2023: np.float64(-0.5881960914989122), 2024: np.float64(-0.1029311940759025), 2025: np.float64(0.03574106193699995)}",0.9138355098983996
63,CB,"{2023: 0.0036695165317394266, 2024: 0.00392508691263878, 2025: 0.003985605386371552, 2026: 0.0038937617837527666}",7.332542297729874e-05,0.9886543154716492,"[np.float32(0.9815394), np.float32(0.992314), np.float32(0.99210954)]","{2023: 0.00798214420821669, 2024: 0.008037082725879406, 2025: 0.007739039585187478, 2026: 0.00791048446593983}",-5.130223675227996e-05,2025,"{'interest_coverage': np.float64(18.073298429319372), 'rating': 'Very Strong', 'debt_to_ebitda': None, 'debt_ebitda_rating': 'N/A'}","{'additional_debt_capacity_usd': None, 'assumptions': 'Maintain interest coverage >= 3.0x'}","{'free_cash_flow_usd': None, 'fcf_margin': None, 'fcf_margin_rating': 'N/A', 'ocf_to_debt': np.float64(0.814852492370295), 'ocf_to_debt_rating': 'Very Strong'}","{'current_ratio': None, 'rating': 'N/A', 'cash_and_equiv_usd': np.float64(2272000000.0)}","{'revenue_growth_yoy': np.float64(0.06736297089805392), 'ebitda_growth_yoy': None}",Challenging – improvement needed,,,
64,COHR,"{2022: 0.0018489170628631802, 2023: 0.004113533525298231, 2024: 0.00416219119226638, 2025: 0.003051740879456235}",0.0003657129116746,0.8990290760993958,"[np.float32(0.9200646), np.float32(0.9431612), np.float32(0.8338616)]","{2022: 0.005810882197569995, 2023: 0.006993006993006993, 2024: 0.005907626208378088, 2025: 0.004716326813705091}",-0.0004369046936224,2025,"{'interest_coverage': np.float64(1.3871762089364483), 'rating': 'Weak', 'debt_to_ebitda': np.float64(3.9264839567691325), 'debt_ebitda_rating': 'High'}","{'additional_debt_capacity_usd': None, 'assumptions': 'Maintain interest coverage >= 3.0x'}","{'free_cash_flow_usd': np.float64(192764000.0), 'fcf_margin': np.float64(0.03317731232514331), 'fcf_margin_rating': 'Weak', 'ocf_to_debt': np.float64(0.18110023537885706), 'ocf_to_debt_rating': 'Strong'}","{'current_ratio': np.float64(2.188023340229023), 'rating': 'Very Strong', 'cash_and_equiv_usd': np.float64(909200000.0)}","{'revenue_growth_yoy': np.float64(0.23417588421322738), 'ebitda_growth_yoy': np.float64(0.2718298460295551)}",Challenging – improvement needed,"{2022: np.float64(0.6851311879089246), 2023: np.float64(0.5636492699074248), 2024: np.float64(0.4749851734984828), 2025: np.float64(0.4633919315464381)}","{2023: np.float64(-0.3872593308985404), 2024: np.float64(0.20465990918680915), 2025: np.float64(-0.2710947591806606)}",-0.2726873370807746
65,DDOG,"{2023: 0.0073937153419593345, 2024: 0.007495206553948057, 2025: 0.006968048946295037, 2026: 0.007228915662650603}",-0.0001021556645579,0.9956422448158264,"[np.float32(0.9951558), np.float32(0.99349743), np.float32(0.9982736)]","{2023: 0.01092253402789447, 2024: 0.011155656266341293, 2025: 0.01053704962610469, 2026: 0.010843373493975903}",-8.560882419928766e-05,2025,"{'interest_coverage': np.float64(12.485758205986075), 'rating': 'Very Strong', 'debt_to_ebitda': np.float64(5.073613776594647), 'debt_ebitda_rating': 'Distressed'}","{'additional_debt_capacity_usd': None, 'assumptions': 'Maintain interest coverage >= 3.0x'}","{'free_cash_flow_usd': np.float64(914717000.0), 'fcf_margin': np.float64(0.2669024888843759), 'fcf_margin_rating': 'Exceptional', 'ocf_to_debt': np.float64(1.0678082950920689), 'ocf_to_debt_rating': 'Very Strong'}","{'current_ratio': np.float64(3.382101682731128), 'rating': 'Very Strong', 'cash_and_equiv_usd': np.float64(401305000.0)}","{'revenue_growth_yoy': np.float64(0.2767536858183308), 'ebitda_growth_yoy': np.float64(-0.27113156677608946)}",Feasible – strong financial health,"{2023: np.float64(0.4292562164958905), 2024: np.float64(0.43909156287825385), 2025: np.float64(0.45932451130024027)}","{2024: np.float64(-0.5303015735666442), 2025: np.float64(-0.4179895287958115)}",1.0
66,CRH,"{2024: 0.00426049908703591, 2025: 0.004358058049333217, 2026: 0.004124987109415283}",-6.775598881031689e-05,0.8543227910995483,"[np.float32(0.8290255), np.float32(0.8796201)]","{2024: 0.00399965220415616, 2025: 0.0032249629565065806, 2026: 0.003815613076209137}",-9.201956397347392e-05,2025,"{'interest_coverage': np.float64(6.932098765432099), 'rating': 'Very Strong', 'debt_to_ebitda': np.float64(2.1204478188135374), 'debt_ebitda_rating': 'Elevated'}","{'additional_debt_capacity_usd': None, 'assumptions': 'Maintain interest coverage >= 3.0x'}","{'free_cash_flow_usd': np.float64(2912000000.0), 'fcf_margin': np.float64(0.07776323871071114), 'fcf_margin_rating': 'Moderate', 'ocf_to_debt': np.float64(0.3413642432334021), 'ocf_to_debt_rating': 'Very Strong'}","{'current_ratio': np.float64(1.7425177061914554), 'rating': 'Strong', 'cash_and_equiv_usd': np.float64(4096000000.0)}","{'revenue_growth_yoy': np.float64(0.052709996626560215), 'ebitda_growth_yoy': np.float64(0.09081976417742842)}",Feasible – strong financial health,"{2024: np.float64(0.4462799320172053), 2025: np.float64(0.42602087929844856)}",{2025: np.float64(-0.05236617532971296)},
67,KO,"{2023: 0.005234475835364979, 2024: 0.005523529269881087, 2025: 0.005443234836702955, 2026: 0.0055331520210072215}",8.157341237488222e-05,0.976187527179718,"[np.float32(1.0000001), np.float32(0.93800515), np.float32(0.99055743)]","{2023: 0.003728667718342177, 2024: 0.003497431197086278, 2025: 0.003393185352749894, 2026: 0.003423051674012942}",-0.0001021093977324,2025,"{'interest_coverage': np.float64(10.672309552599758), 'rating': 'Very Strong', 'debt_to_ebitda': np.float64(2.252112073575019), 'debt_ebitda_rating': 'Elevated'}","{'additional_debt_capacity_usd': None, 'assumptions': 'Maintain interest coverage >= 3.0x'}","{'free_cash_flow_usd': np.float64(5296000000.0), 'fcf_margin': np.float64(0.11046911829123297), 'fcf_margin_rating': 'Good', 'ocf_to_debt': np.float64(0.175882618295781), 'ocf_to_debt_rating': 'Strong'}","{'current_ratio': np.float64(1.4587660354306657), 'rating': 'Good', 'cash_and_equiv_usd': np.float64(10270000000.0)}","{'revenue_growth_yoy': np.float64(0.018699135164998618), 'ebitda_growth_yoy': np.float64(0.1823986849592211)}",Feasible – strong financial health,"{2023: np.float64(0.5183840919759065), 2024: np.float64(0.5309479840534048), 2025: np.float64(0.5162448393740903)}","{2024: np.float64(-0.11447084233261338), 2025: np.float64(-0.023255813953488372)}",1.0
68,CMI,"{2023: 0.009313803534469034, 2024: 0.008228808820004794, 2025: 0.008071515361916333, 2026: 0.008449761566134025}",-0.0002749419363094,0.9839565753936768,"[np.float32(0.9819946), np.float32(0.9803125), np.float32(0.9895625)]","{2023: 0.004457888871198854, 2024: 0.003914676040584804, 2025: 0.0054678007290400975, 2026: 0.005856270392370117}",0.0005748269251972,2025,"{'interest_coverage': np.float64(13.045592705167174), 'rating': 'Very Strong', 'debt_to_ebitda': np.float64(1.2584769316286826), 'debt_ebitda_rating': 'Moderate'}","{'additional_debt_capacity_usd': None, 'assumptions': 'Maintain interest coverage >= 3.0x'}","{'free_cash_flow_usd': np.float64(2386000000.0), 'fcf_margin': np.float64(0.07086427086427087), 'fcf_margin_rating': 'Moderate', 'ocf_to_debt': np.float64(0.5331272084805654), 'ocf_to_debt_rating': 'Very Strong'}","{'current_ratio': np.float64(1.7611862643080125), 'rating': 'Strong', 'cash_and_equiv_usd': np.float64(2845000000.0)}","{'revenue_growth_yoy': np.float64(-0.012667878716790804), 'ebitda_growth_yoy': np.float64(-0.14846954875355)}",Feasible – strong financial health,"{2023: np.float64(0.630622657810283), 2024: np.float64(0.6208190580364317), 2025: np.float64(0.6248860908376556)}","{2024: np.float64(0.004122011541632316), 2025: np.float64(-0.022350993377483443)}",1.0
69,CMS,"{2023: 0.009159034138218152, 2024: 0.00984440675466411, 2025: 0.009523463341935953, 2026: 0.008482434149524366}",-0.0002350743378811,0.9939660429954528,"[np.float32(0.98199064), np.float32(1.0000002), np.float32(0.99990726)]","{2023: 0.0026493073953523577, 2024: 0.002617801047120419, 2025: 0.002653484060921086, 2026: 0.002953398124935609}",9.47955202550931e-05,2025,"{'interest_coverage': np.float64(2.56390977443609), 'rating': 'Adequate', 'debt_to_ebitda': np.float64(5.312350835322196), 'debt_ebitda_rating': 'Distressed'}","{'additional_debt_capacity_usd': None, 'assumptions': 'Maintain interest coverage >= 3.0x'}","{'free_cash_flow_usd': np.float64(-1803000000.0), 'fcf_margin': np.float64(-0.2111488464691416), 'fcf_margin_rating': 'Breakeven', 'ocf_to_debt': np.float64(0.12551243892851127), 'ocf_to_debt_rating': 'Strong'}","{'current_ratio': np.float64(0.9785794813979707), 'rating': 'Marginal', 'cash_and_equiv_usd': np.float64(509000000.0)}","{'revenue_growth_yoy': np.float64(0.1362608117099135), 'ebitda_growth_yoy': np.float64(0.09150113969391079)}",Challenging – improvement needed,"{2023: np.float64(0.5734615016692471), 2024: np.float64(0.5719432820060095), 2025: np.float64(0.5557075716762719)}","{2024: np.float64(0.06142941523922032), 2025: np.float64(-0.27061044682190055)}",1.0
70,CPAY,"{2023: 0.0033590037686383745, 2024: 0.0030786233028102304, 2025: 0.0038573565299535543, 2026: 0.003507462686567164}",0.000122410998093,0.9922884106636048,"[np.float32(0.9862109), np.float32(0.9940841), np.float32(0.99657035)]","{2023: 0.003195149926265771, 2024: 0.004262709188506473, 2025: 0.00346374872077462, 2026: 0.004552238805970149}",0.0003272306171382,2025,"{'interest_coverage': np.float64(4.817473405835859), 'rating': 'Strong', 'debt_to_ebitda': np.float64(2.845934505714396), 'debt_ebitda_rating': 'Elevated'}","{'additional_debt_capacity_usd': None, 'assumptions': 'Maintain interest coverage >= 3.0x'}","{'free_cash_flow_usd': np.float64(1299145000.0), 'fcf_margin': np.float64(0.2868881148608019), 'fcf_margin_rating': 'Exceptional', 'ocf_to_debt': np.float64(0.2253403878544331), 'ocf_to_debt_rating': 'Very Strong'}","{'current_ratio': np.float64(0.9766773076009201), 'rating': 'Marginal', 'cash_and_equiv_usd': np.float64(2408097000.0)}","{'revenue_growth_yoy': np.float64(0.13933868382366077), 'ebitda_growth_yoy': np.float64(0.10361525147646991)}",Feasible – strong financial health,"{2023: np.float64(0.6242720587179065), 2024: np.float64(0.5864994957704436), 2025: np.float64(0.5955586221069098)}","{2024: np.float64(-0.13882279517884308), 2025: np.float64(-0.14602456957574098)}",1.0
71,CEG,"{2023: 0.0031007751937984496, 2024: 0.0028041415012942193, 2025: 0.0028095958504430517, 2026: 0.002810567734682406}",-8.651680281995495e-05,0.9486250877380372,"[np.float32(0.9919944), np.float32(0.8576075), np.float32(0.9962734)]","{2023: 0.000664451827242525, 2024: 0.0006471095772217428, 2025: 0.0012967365463583316, 2026: 0.001873711823121604}",0.0004277406956776,2025,"{'interest_coverage': np.float64(7.870841487279844), 'rating': 'Very Strong', 'debt_to_ebitda': np.float64(1.2166470884376572), 'debt_ebitda_rating': 'Moderate'}","{'additional_debt_capacity_usd': None, 'assumptions': 'Maintain interest coverage >= 3.0x'}","{'free_cash_flow_usd': np.float64(1288000000.0), 'fcf_margin': np.float64(0.050444522774448754), 'fcf_margin_rating': 'Moderate', 'ocf_to_debt': np.float64(0.5844137931034483), 'ocf_to_debt_rating': 'Very Strong'}","{'current_ratio': np.float64(1.52555387713998), 'rating': 'Strong', 'cash_and_equiv_usd': np.float64(3641000000.0)}","{'revenue_growth_yoy': np.float64(0.08337576374745417), 'ebitda_growth_yoy': np.float64(-0.15222649025465926)}",Feasible – strong financial health,"{2023: np.float64(0.6431969858705997), 2024: np.float64(0.5672424452172385), 2025: np.float64(0.5890288819317464)}","{2024: np.float64(-0.05904211395540875), 2025: np.float64(-0.1497076023391813)}",1.0
72,DVA,"{2023: 0.007279116465863454, 2024: 0.007429683353971343, 2025: 0.006700167504187605, 2026: 0.006466729147141519}",-0.0003166677805951,0.8308680653572083,"[np.float32(0.7654489), np.float32(0.9168494), np.float32(0.8103061)]","{2023: 0.004183400267737617, 2024: 0.0037148416769856715, 2025: 0.003908431044109436, 2026: 0.003655107778819119}",-0.0001391288099632,2025,"{'interest_coverage': np.float64(3.322404927525236), 'rating': 'Strong', 'debt_to_ebitda': np.float64(3.8469397603494495), 'debt_ebitda_rating': 'High'}","{'additional_debt_capacity_usd': None, 'assumptions': 'Maintain interest coverage >= 3.0x'}","{'free_cash_flow_usd': np.float64(1310636000.0), 'fcf_margin': np.float64(0.09606606841906319), 'fcf_margin_rating': 'Moderate', 'ocf_to_debt': np.float64(0.18560627973980293), 'ocf_to_debt_rating': 'Strong'}","{'current_ratio': np.float64(1.2916854732282628), 'rating': 'Good', 'cash_and_equiv_usd': np.float64(676438000.0)}","{'revenue_growth_yoy': np.float64(0.06457147761898631), 'ebitda_growth_yoy': np.float64(-0.030324194541681684)}",Marginally feasible – monitor key risks,"{2023: np.float64(0.4600622230055895), 2024: np.float64(0.45058126538060606), 2025: np.float64(0.481829077238217)}","{2024: np.float64(0.022081569055520833), 2025: np.float64(-0.03676524863937434)}",1.0
73,CVS,"{2023: 0.003486218542324872, 2024: 0.00400432212546876, 2025: 0.004750593824228029, 2026: 0.004213377473478294}",0.000292774849222,0.9700782299041748,"[np.float32(0.96684456), np.float32(0.9887502), np.float32(0.95464)]","{2023: 0.002015470094781567, 2024: 0.0026059874149876056, 2025: 0.002307431286053614, 2026: 0.0023324053871040555}",6.522497480334256e-05,2025,"{'interest_coverage': np.float64(1.6848348829753126), 'rating': 'Marginal', 'debt_to_ebitda': np.float64(6.135483216712301), 'debt_ebitda_rating': 'Distressed'}","{'additional_debt_capacity_usd': None, 'assumptions': 'Maintain interest coverage >= 3.0x'}","{'free_cash_flow_usd': np.float64(7807000000.0), 'fcf_margin': np.float64(0.019417161816314196), 'fcf_margin_rating': 'Weak', 'ocf_to_debt': np.float64(0.17584542659746785), 'ocf_to_debt_rating': 'Strong'}","{'current_ratio': np.float64(0.8423984124836513), 'rating': 'Marginal', 'cash_and_equiv_usd': np.float64(8453000000.0)}","{'revenue_growth_yoy': np.float64(0.07847986502471775), 'ebitda_growth_yoy': np.float64(-0.2803765598773991)}",Infeasible – high risk of distress,"{2023: np.float64(0.6441377041718135), 2024: np.float64(0.6030024947389832), 2025: np.float64(0.6161940684621661)}","{2024: np.float64(0.08248102936324646), 2025: np.float64(-0.018338727076591153)}",1.0
74,CSX,"{2023: 0.004401173646305681, 2024: 0.006094646271510516, 2025: 0.0063801208865010076, 2026: 0.00675371454299865}",0.0007343097305072,0.7571234107017517,"[np.float32(0.27137017), np.float32(1.0), np.float32(1.0)]","{2023: 0.0018671645772205922, 2024: 0.0028680688336520078, 2025: 0.0030221625251846875, 2026: 0.002926609635299415}",0.000333242886577,2025,"{'interest_coverage': np.float64(5.4656398104265405), 'rating': 'Very Strong', 'debt_to_ebitda': np.float64(2.8865406006674084), 'debt_ebitda_rating': 'Elevated'}","{'additional_debt_capacity_usd': None, 'assumptions': 'Maintain interest coverage >= 3.0x'}","{'free_cash_flow_usd': np.float64(1711000000.0), 'fcf_margin': np.float64(0.12141640647175703), 'fcf_margin_rating': 'Good', 'ocf_to_debt': np.float64(0.2539499036608863), 'ocf_to_debt_rating': 'Very Strong'}","{'current_ratio': np.float64(0.8139163740823492), 'rating': 'Marginal', 'cash_and_equiv_usd': np.float64(670000000.0)}","{'revenue_growth_yoy': np.float64(-0.030811554332874826), 'ebitda_growth_yoy': np.float64(-0.10674237047551455)}",Feasible – strong financial health,"{2023: np.float64(0.6826166227420277), 2024: np.float64(0.7806607654748055), 2025: np.float64(0.7433387699058732)}","{2024: np.float64(-0.12051395657953035), 2025: np.float64(-0.14748912613681298)}",-1.0
75,CSGP,"{2023: 0.0071840980210674775, 2024: 0.007443748942649298, 2025: 0.0, 2026: 0.006134541652143604}",-0.0010592418049426,0.8137049674987793,"[np.float32(0.99709076), np.float32(0.49039277), np.float32(0.95363134)]","{2023: 0.00612631671735202, 2024: 0.006301810184401962, 2025: 0.022151898734177215, 2026: 0.0049494597420704075}",0.0012319517623935,2025,"{'interest_coverage': None, 'rating': 'N/A', 'debt_to_ebitda': np.float64(5.198952879581152), 'debt_ebitda_rating': 'Distressed'}","{'additional_debt_capacity_usd': None, 'assumptions': 'Maintain interest coverage >= 3.0x'}","{'free_cash_flow_usd': np.float64(41000000.0), 'fcf_margin': np.float64(0.012627040344933785), 'fcf_margin_rating': 'Weak', 'ocf_to_debt': np.float64(0.43303121852970794), 'ocf_to_debt_rating': 'Very Strong'}","{'current_ratio': np.float64(2.8404825737265416), 'rating': 'Very Strong', 'cash_and_equiv_usd': np.float64(1633000000.0)}","{'revenue_growth_yoy': np.float64(0.18676900584795322), 'ebitda_growth_yoy': np.float64(0.2565789473684211)}",Challenging – improvement needed,"{2023: np.float64(0.41366975019402047), 2024: np.float64(0.4202283544808018), 2025: 0.5}","{2024: np.float64(-3.4615384615384617), 2025: np.float64(0.390282131661442)}",1.0
76,CL,"{2023: 0.0029963068775695073, 2024: 0.0032807930960701806, 2025: 0.004042334264295164, 2026: 0.004224270353302612}",0.0004445431595426,0.9653576016426086,"[np.float32(0.9876158), np.float32(0.9672855), np.float32(0.94117147)]","{2023: 0.009267646853877778, 2024: 0.010127665644390558, 2025: 0.011318535940026459, 2026: 0.011904761904761904}",0.0009102215448292,2025,"{'interest_coverage': np.float64(12.456928838951312), 'rating': 'Very Strong', 'debt_to_ebitda': np.float64(1.73685540950455), 'debt_ebitda_rating': 'Moderate'}","{'additional_debt_capacity_usd': None, 'assumptions': 'Maintain interest coverage >= 3.0x'}","{'free_cash_flow_usd': np.float64(3634000000.0), 'fcf_margin': np.float64(0.17829457364341086), 'fcf_margin_rating': 'Excellent', 'ocf_to_debt': np.float64(0.6109736574006694), 'ocf_to_debt_rating': 'Very Strong'}","{'current_ratio': np.float64(0.8330658105939005), 'rating': 'Marginal', 'cash_and_equiv_usd': np.float64(1288000000.0)}","{'revenue_growth_yoy': np.float64(0.013979404009750758), 'ebitda_growth_yoy': np.float64(-0.1848341232227488)}",Feasible – strong financial health,"{2023: np.float64(0.5664302063111252), 2024: np.float64(0.5660339829257943), 2025: np.float64(0.5986065619446813)}","{2024: np.float64(0.20425531914893616), 2025: np.float64(-0.0053475935828877)}",1.0
77,CSCO,{2022: 0.005904938435058917},,,[],{2022: 0.002833311267046207},,2025,"{'interest_coverage': np.float64(7.967984934086629), 'rating': 'Very Strong', 'debt_to_ebitda': np.float64(1.4745227038183695), 'debt_ebitda_rating': 'Moderate'}","{'additional_debt_capacity_usd': None, 'assumptions': 'Maintain interest coverage >= 3.0x'}","{'free_cash_flow_usd': np.float64(13288000000.0), 'fcf_margin': np.float64(0.23454654569845024), 'fcf_margin_rating': 'Exceptional', 'ocf_to_debt': np.float64(0.6208389834215476), 'ocf_to_debt_rating': 'Very Strong'}","{'current_ratio': np.float64(0.9977754962354551), 'rating': 'Marginal', 'cash_and_equiv_usd': np.float64(8346000000.0)}","{'revenue_growth_yoy': np.float64(0.05298961024478189), 'ebitda_growth_yoy': np.float64(-0.015431510763955039)}",Feasible – strong financial health,,,
78,ESS,"{2023: 0.004145614716932245, 2024: 0.004207954391204018, 2025: 0.0029890898221491555, 2026: 0.0037746400111841184}",-0.00023317886863,0.9972876906394958,"[np.float32(0.99946314), np.float32(0.99907887), np.float32(0.99332094)]","{2023: 0.008679880813576887, 2024: 0.008958870639337587, 2025: 0.0067254520998356, 2026: 0.007269677058576821}",-0.0006464029804505,2025,"{'interest_coverage': np.float64(3.719667652203526), 'rating': 'Strong', 'debt_to_ebitda': np.float64(4.33491849081958), 'debt_ebitda_rating': 'Very High'}","{'additional_debt_capacity_usd': None, 'assumptions': 'Maintain interest coverage >= 3.0x'}","{'free_cash_flow_usd': np.float64(934075000.0), 'fcf_margin': np.float64(0.4949148141966625), 'fcf_margin_rating': 'Exceptional', 'ocf_to_debt': np.float64(0.15799713217227143), 'ocf_to_debt_rating': 'Strong'}","{'current_ratio': np.float64(0.774781320272897), 'rating': 'Weak', 'cash_and_equiv_usd': np.float64(76241000.0)}","{'revenue_growth_yoy': np.float64(0.06362253092507537), 'ebitda_growth_yoy': np.float64(-0.03585373573726764)}",Marginally feasible – monitor key risks,"{2023: np.float64(0.6817235768373523), 2024: np.float64(0.7103786682305129), 2025: np.float64(0.7231146107826915)}","{2024: np.float64(0.028324938911883507), 2025: np.float64(-0.028982000806481174)}",-1.0
79,FDS,"{2022: 0.005029919347844939, 2023: 0.0030852655198204937, 2024: 0.0030718820397296746, 2025: 0.0029507851196121826}",-0.0006250786164788,0.9809999465942384,"[np.float32(0.9514088), np.float32(0.99359065), np.float32(0.9980005)]","{2022: 0.006330760558494493, 2023: 0.005609573672400898, 2024: 0.005119803399549457, 2025: 0.00474233322794815}",-0.000525505226449,2025,"{'interest_coverage': np.float64(13.800191747745188), 'rating': 'Very Strong', 'debt_to_ebitda': np.float64(1.4164842047507389), 'debt_ebitda_rating': 'Moderate'}","{'additional_debt_capacity_usd': None, 'assumptions': 'Maintain interest coverage >= 3.0x'}","{'free_cash_flow_usd': np.float64(617454000.0), 'fcf_margin': np.float64(0.2659435907772937), 'fcf_margin_rating': 'Exceptional', 'ocf_to_debt': np.float64(0.5307909315480975), 'ocf_to_debt_rating': 'Very Strong'}","{'current_ratio': np.float64(1.3998668728155823), 'rating': 'Good', 'cash_and_equiv_usd': np.float64(337651000.0)}","{'revenue_growth_yoy': np.float64(0.05387607033139421), 'ebitda_growth_yoy': np.float64(0.10663611628240012)}",Feasible – strong financial health,"{2022: np.float64(0.5164293901700723), 2023: np.float64(0.6638669271022082), 2024: np.float64(0.6793773166231207), 2025: np.float64(0.7310936304137987)}","{2023: np.float64(-0.18824771287825476), 2024: np.float64(-0.4095515414733656), 2025: np.float64(-0.26989647646502724)}",-0.7247483734267097
80,DHI,"{2022: 0.005657308535464253, 2023: 0.00558962813446161, 2024: 0.005515128303332057, 2025: 0.005143721633888048}",-0.0001615260535858,0.9893781542778016,"[np.float32(0.98173046), np.float32(0.99309933), np.float32(0.99330467)]","{2022: 0.0032529524078919454, 2023: 0.0036487850322179955, 2024: 0.00337035618536959, 2025: 0.0033282904689863843}",-5.241466356520239e-06,2025,"{'interest_coverage': None, 'rating': 'N/A', 'debt_to_ebitda': np.float64(1.3181968843221743), 'debt_ebitda_rating': 'Moderate'}","{'additional_debt_capacity_usd': None, 'assumptions': 'Maintain interest coverage >= 3.0x'}","{'free_cash_flow_usd': np.float64(3283500000.0), 'fcf_margin': np.float64(0.09586749351832387), 'fcf_margin_rating': 'Moderate', 'ocf_to_debt': np.float64(0.573447322102087), 'ocf_to_debt_rating': 'Very Strong'}","{'current_ratio': np.float64(17.394008864435275), 'rating': 'Very Strong', 'cash_and_equiv_usd': np.float64(2985400000.0)}","{'revenue_growth_yoy': np.float64(-0.06931801507551343), 'ebitda_growth_yoy': np.float64(-0.24863025070562841)}",Marginally feasible – monitor key risks,"{2022: np.float64(0.6157047701585624), 2023: np.float64(0.5948409124144486), 2024: np.float64(0.5930405715713277), 2025: np.float64(0.5735452696418678)}","{2023: np.float64(-0.002699055330634278), 2024: np.float64(-0.11238223418573351), 2025: np.float64(0.16878402903811252)}",-0.1964560909850907
81,EFX,"{2023: 0.0059922766212437304, 2024: 0.005741743698334487, 2025: 0.005177913093906632, 2026: 0.0052520574004383605}",-0.0002784488266845,0.9999170303344728,"[np.float32(1.0000002), np.float32(0.99975073), np.float32(1.0)]","{2023: 0.0038173021439034133, 2024: 0.003949993891762023, 2025: 0.003976637256120293, 2026: 0.004094123485381084}",8.571073887916364e-05,2025,"{'interest_coverage': np.float64(5.215261422515309), 'rating': 'Very Strong', 'debt_to_ebitda': np.float64(2.211057194264217), 'debt_ebitda_rating': 'Elevated'}","{'additional_debt_capacity_usd': None, 'assumptions': 'Maintain interest coverage >= 3.0x'}","{'free_cash_flow_usd': np.float64(1134300000.0), 'fcf_margin': np.float64(0.1867314182237221), 'fcf_margin_rating': 'Excellent', 'ocf_to_debt': np.float64(0.39841688654353563), 'ocf_to_debt_rating': 'Very Strong'}","{'current_ratio': np.float64(0.604692986212212), 'rating': 'Weak', 'cash_and_equiv_usd': np.float64(180800000.0)}","{'revenue_growth_yoy': np.float64(0.069247152840119), 'ebitda_growth_yoy': np.float64(0.06621323101964888)}",Feasible – strong financial health,"{2023: np.float64(0.5340171790000197), 2024: np.float64(0.5468812492719963), 2025: np.float64(0.5591088725453884)}","{2024: np.float64(0.14934308997172793), 2025: np.float64(0.05884652981427175)}",-1.0
82,EPAM,"{2023: 0.0, 2024: 0.0, 2025: 0.0, 2026: 0.0}",0.0,0.972968339920044,"[np.float32(0.9544643), np.float32(0.9644406), np.float32(1.0000001)]","{2023: 0.0, 2024: 0.0, 2025: 0.0, 2026: 0.0}",0.0,2025,"{'interest_coverage': np.float64(nan), 'rating': 'Very Strong', 'debt_to_ebitda': np.float64(0.03648824342208826), 'debt_ebitda_rating': 'Conservative'}","{'additional_debt_capacity_usd': None, 'assumptions': 'Maintain interest coverage >= 3.0x'}","{'free_cash_flow_usd': np.float64(612691000.0), 'fcf_margin': np.float64(0.11227500689016202), 'fcf_margin_rating': 'Good', 'ocf_to_debt': np.float64(26.16177997922825), 'ocf_to_debt_rating': 'Very Strong'}","{'current_ratio': np.float64(2.593693382002207), 'rating': 'Very Strong', 'cash_and_equiv_usd': np.float64(1296077000.0)}","{'revenue_growth_yoy': np.float64(0.15421430898023242), 'ebitda_growth_yoy': np.float64(0.02143256988363645)}",Feasible – strong financial health,"{2023: 0.5, 2024: 0.5, 2025: 0.5}","{2024: np.float64(-0.13130388879113145), 2025: np.float64(-0.3140981770671312)}",
83,EQIX,"{2024: 0.006078200127007167, 2025: 0.006448193622471513, 2026: 0.005145597006198105}",-0.0004663015604045,1.0,"[np.float32(1.0), np.float32(1.0)]","{2024: 0.0046266896489159035, 2025: 0.004593233813267379, 2026: 0.004326979300666589}",-0.0001498551741246,2025,"{'interest_coverage': np.float64(3.861480075901328), 'rating': 'Strong', 'debt_to_ebitda': np.float64(4.290660814435504), 'debt_ebitda_rating': 'Very High'}","{'additional_debt_capacity_usd': None, 'assumptions': 'Maintain interest coverage >= 3.0x'}","{'free_cash_flow_usd': np.float64(-400000000.0), 'fcf_margin': np.float64(-0.04339806878593903), 'fcf_margin_rating': 'Breakeven', 'ocf_to_debt': np.float64(0.2222664241873153), 'ocf_to_debt_rating': 'Very Strong'}","{'current_ratio': np.float64(1.3164654508091447), 'rating': 'Good', 'cash_and_equiv_usd': np.float64(1727000000.0)}","{'revenue_growth_yoy': np.float64(0.05361225422953818), 'ebitda_growth_yoy': np.float64(0.19111240197502177)}",Marginally feasible – monitor key risks,"{2024: np.float64(0.6244190264588747), 2025: np.float64(0.5937420863058718)}",{2025: np.float64(-0.4060665362035225)},
84,FDX,"{2022: 0.01524390243902439, 2023: 0.014749262536873156, 2024: 0.01466275659824047, 2025: 0.014492753623188406}",-0.000233995238614,0.9822953343391418,"[np.float32(0.9468861), np.float32(0.9999999), np.float32(0.9999999)]","{2022: 0.0, 2023: 0.0, 2024: 0.0, 2025: 0.0}",0.0,2025,"{'interest_coverage': np.float64(7.896070975918884), 'rating': 'Very Strong', 'debt_to_ebitda': np.float64(1.8249475890985325), 'debt_ebitda_rating': 'Moderate'}","{'additional_debt_capacity_usd': None, 'assumptions': 'Maintain interest coverage >= 3.0x'}","{'free_cash_flow_usd': np.float64(2981000000.0), 'fcf_margin': np.float64(0.03390350976957896), 'fcf_margin_rating': 'Weak', 'ocf_to_debt': np.float64(0.3673959584355908), 'ocf_to_debt_rating': 'Very Strong'}","{'current_ratio': np.float64(1.193043929660632), 'rating': 'Adequate', 'cash_and_equiv_usd': np.float64(5502000000.0)}","{'revenue_growth_yoy': np.float64(0.0026569965675709577), 'ebitda_growth_yoy': np.float64(-0.03441295546558704)}",Marginally feasible – monitor key risks,"{2022: np.float64(0.9213980535666147), 2023: np.float64(0.9212270776430765), 2024: np.float64(0.9212270776430765), 2025: np.float64(0.9212270776430765)}","{2023: np.float64(0.08709152742865592), 2024: np.float64(0.16164561062520247), 2025: np.float64(0.21657650695517774)}",-0.9063109755734952
85,ERIE,"{2023: 0.007555970149253731, 2024: 0.008135727750768925, 2025: 0.00917705735660848, 2026: 0.009135264195992941}",0.0005779211746059,0.9458258748054504,"[np.float32(0.999664), np.float32(0.99999994), np.float32(0.8378136)]","{2023: 0.0070895522388059705, 2024: 0.007639646790356186, 2025: 0.007680798004987531, 2026: 0.006332399044949652}",-0.0002230308366939,2025,"{'interest_coverage': np.float64(nan), 'rating': 'Very Strong', 'debt_to_ebitda': None, 'debt_ebitda_rating': 'N/A'}","{'additional_debt_capacity_usd': None, 'assumptions': 'Maintain interest coverage >= 3.0x'}","{'free_cash_flow_usd': np.float64(570965000.0), 'fcf_margin': np.float64(0.13762935180074098), 'fcf_margin_rating': 'Good', 'ocf_to_debt': np.float64(nan), 'ocf_to_debt_rating': 'Very Strong'}","{'current_ratio': None, 'rating': 'N/A', 'cash_and_equiv_usd': np.float64(315685000.0)}","{'revenue_growth_yoy': np.float64(0.07409012625297613), 'ebitda_growth_yoy': None}",Challenging – improvement needed,"{2023: np.float64(0.6049918244543828), 2024: np.float64(0.604539905693382), 2025: np.float64(0.6067240648336855)}","{2024: np.float64(-0.3475341889105961), 2025: np.float64(0.07331491048900637)}",-1.0
86,EXE,"{2023: 0.006143122951061756, 2026: 0.005590011424840868}",,0.9151157140731812,[np.float32(0.9151157)],"{2023: 0.0016834519625505773, 2026: 0.00277460421086992}",,2025,"{'interest_coverage': np.float64(10.71063829787234), 'rating': 'Very Strong', 'debt_to_ebitda': np.float64(0.9112243041659087), 'debt_ebitda_rating': 'Conservative'}","{'additional_debt_capacity_usd': None, 'assumptions': 'Maintain interest coverage >= 3.0x'}","{'free_cash_flow_usd': np.float64(1644000000.0), 'fcf_margin': np.float64(0.13487570760521783), 'fcf_margin_rating': 'Good', 'ocf_to_debt': np.float64(0.913355959273308), 'ocf_to_debt_rating': 'Very Strong'}","{'current_ratio': np.float64(1.0051706308169597), 'rating': 'Adequate', 'cash_and_equiv_usd': np.float64(616000000.0)}","{'revenue_growth_yoy': np.float64(1.8877043354655294), 'ebitda_growth_yoy': np.float64(4.399803536345776)}",Feasible – strong financial health,,,
87,ES,"{2023: 0.009110706190835963, 2024: 0.008651648710414626, 2025: 0.007171811661989398, 2026: 0.006226271829916477}",-0.0010133140131188,0.9972527623176576,"[np.float32(0.99586374), np.float32(0.9970969), np.float32(0.9987978)]","{2023: 0.0038664948224523352, 2024: 0.0033872020894547827, 2025: 0.0036638603055815402, 2026: 0.0019741837509491267}",-0.0005400274998385,2025,"{'interest_coverage': np.float64(2.480115277020364), 'rating': 'Adequate', 'debt_to_ebitda': np.float64(4.947820945238004), 'debt_ebitda_rating': 'Very High'}","{'additional_debt_capacity_usd': None, 'assumptions': 'Maintain interest coverage >= 3.0x'}","{'free_cash_flow_usd': np.float64(-45097000.0), 'fcf_margin': np.float64(-0.0033288689566674965), 'fcf_margin_rating': 'Breakeven', 'ocf_to_debt': np.float64(0.1514943950632879), 'ocf_to_debt_rating': 'Strong'}","{'current_ratio': np.float64(0.6502117176742509), 'rating': 'Weak', 'cash_and_equiv_usd': np.float64(135351000.0)}","{'revenue_growth_yoy': np.float64(0.13834647711764805), 'ebitda_growth_yoy': np.float64(0.32830163287820835)}",Challenging – improvement needed,"{2023: np.float64(0.6311274316080886), 2024: np.float64(0.6437988578362598), 2025: np.float64(0.6212296991182839)}","{2024: np.float64(-0.03313004441704104), 2025: np.float64(0.07183526766593855)}",1.0
88,EW,"{2023: 0.005130597014925373, 2024: 0.005573128483205302, 2025: 0.0071111111111111115, 2026: 0.005851652696504824}",0.0003701149672645,0.962416648864746,"[np.float32(0.97934955), np.float32(0.95004106), np.float32(0.9578593)]","{2023: 0.004353233830845771, 2024: 0.004368127730079831, 2025: 0.0044444444444444444, 2026: 0.004902736043017555}",0.000172482335088,2025,"{'interest_coverage': np.float64(63.39705882352941), 'rating': 'Very Strong', 'debt_to_ebitda': np.float64(0.4126491482171184), 'debt_ebitda_rating': 'Conservative'}","{'additional_debt_capacity_usd': None, 'assumptions': 'Maintain interest coverage >= 3.0x'}","{'free_cash_flow_usd': np.float64(1335000000.0), 'fcf_margin': np.float64(0.22002109565561342), 'fcf_margin_rating': 'Exceptional', 'ocf_to_debt': np.float64(2.666220959384924), 'ocf_to_debt_rating': 'Very Strong'}","{'current_ratio': np.float64(3.7155538402161326), 'rating': 'Very Strong', 'cash_and_equiv_usd': np.float64(2938000000.0)}","{'revenue_growth_yoy': np.float64(0.11547017189079879), 'ebitda_growth_yoy': np.float64(-0.15855144797167894)}",Feasible – strong financial health,"{2023: np.float64(0.6480060322675854), 2024: np.float64(0.5538738233347734), 2025: np.float64(0.6247874847452702)}","{2024: np.float64(-0.0604581299286519), 2025: np.float64(0.07861189801699717)}",-1.0
89,FAST,"{2023: 0.002928053541550474, 2024: 0.00294728704643185, 2025: 0.0033821326762332707, 2026: 0.0030457447431617175}",7.879192346355122e-05,0.9867560267448424,"[np.float32(0.96524364), np.float32(0.99841005), np.float32(0.9966142)]","{2023: 0.004694181074549173, 2024: 0.0041068753925689715, 2025: 0.004445088660192298, 2026: 0.0031043167574532887}",-0.0004431379683666,2025,"{'interest_coverage': np.float64(267.93548387096774), 'rating': 'Very Strong', 'debt_to_ebitda': np.float64(0.05433601391001956), 'debt_ebitda_rating': 'Conservative'}","{'additional_debt_capacity_usd': None, 'assumptions': 'Maintain interest coverage >= 3.0x'}","{'free_cash_flow_usd': np.float64(1050600000.0), 'fcf_margin': np.float64(0.128114139381745), 'fcf_margin_rating': 'Good', 'ocf_to_debt': np.float64(12.959), 'ocf_to_debt_rating': 'Very Strong'}","{'current_ratio': np.float64(4.852012297372834), 'rating': 'Very Strong', 'cash_and_equiv_usd': np.float64(276800000.0)}","{'revenue_growth_yoy': np.float64(0.08673469387755102), 'ebitda_growth_yoy': np.float64(0.08847882659096286)}",Feasible – strong financial health,"{2023: np.float64(0.5749008364590078), 2024: np.float64(0.5862743792283099), 2025: np.float64(0.5475606442765987)}","{2024: np.float64(-0.3107638888888889), 2025: np.float64(-0.08300220750551876)}",1.0
90,XOM,"{2023: 0.0, 2024: 0.0, 2025: 0.0, 2026: 0.0}",0.0,1.0,"[np.float32(1.0), np.float32(1.0), np.float32(1.0)]","{2023: 0.0, 2024: 0.0, 2025: 0.0, 2026: 0.0}",0.0,2025,"{'interest_coverage': np.float64(69.43781094527363), 'rating': 'Very Strong', 'debt_to_ebitda': np.float64(0.41152894023340797), 'debt_ebitda_rating': 'Conservative'}","{'additional_debt_capacity_usd': None, 'assumptions': 'Maintain interest coverage >= 3.0x'}","{'free_cash_flow_usd': np.float64(23612000000.0), 'fcf_margin': np.float64(0.07289791759929609), 'fcf_margin_rating': 'Moderate', 'ocf_to_debt': np.float64(1.8608564881122887), 'ocf_to_debt_rating': 'Very Strong'}","{'current_ratio': np.float64(1.1527996681874741), 'rating': 'Adequate', 'cash_and_equiv_usd': np.float64(10681000000.0)}","{'revenue_growth_yoy': np.float64(-0.04522368657644725), 'ebitda_growth_yoy': np.float64(-0.0742999004242201)}",Marginally feasible – monitor key risks,"{2023: 0.5, 2024: 0.5, 2025: 0.5}","{2024: np.float64(-0.10890095351065286), 2025: np.float64(-0.16670780877149674)}",
91,DLR,"{2023: 0.005748865355521936, 2024: 0.0052968036529680365, 2025: 0.004966476285075739, 2026: 0.005136409565510273}",-0.0002167694737928,0.9902341961860656,"[np.float32(0.9925666), np.float32(0.98429996), np.float32(0.99383616)]","{2023: 0.0066565809379727685, 2024: 0.006940639269406392, 2025: 0.005959771542090887, 2026: 0.006736274840013472}",-7.417860211939023e-05,2025,"{'interest_coverage': np.float64(4.071615971795674), 'rating': 'Strong', 'debt_to_ebitda': np.float64(4.759122874945484), 'debt_ebitda_rating': 'Very High'}","{'additional_debt_capacity_usd': None, 'assumptions': 'Maintain interest coverage >= 3.0x'}","{'free_cash_flow_usd': None, 'fcf_margin': None, 'fcf_margin_rating': 'N/A', 'ocf_to_debt': np.float64(0.13781236350589282), 'ocf_to_debt_rating': 'Strong'}","{'current_ratio': np.float64(1.1018168432721798), 'rating': 'Adequate', 'cash_and_equiv_usd': np.float64(3451647000.0)}","{'revenue_growth_yoy': np.float64(0.10040093840324553), 'ebitda_growth_yoy': np.float64(0.28247806619893157)}",Challenging – improvement needed,,,
92,ETN,"{2023: 0.0, 2024: 0.0, 2025: 0.0, 2026: 0.0}",0.0,1.0,"[np.float32(1.0), np.float32(1.0), np.float32(1.0)]","{2023: 0.0, 2024: 0.0, 2025: 0.0, 2026: 0.0}",0.0,2025,"{'interest_coverage': np.float64(21.46473029045643), 'rating': 'Very Strong', 'debt_to_ebitda': np.float64(1.417381453309597), 'debt_ebitda_rating': 'Moderate'}","{'additional_debt_capacity_usd': None, 'assumptions': 'Maintain interest coverage >= 3.0x'}","{'free_cash_flow_usd': np.float64(3553000000.0), 'fcf_margin': np.float64(0.12944476828912854), 'fcf_margin_rating': 'Good', 'ocf_to_debt': np.float64(0.5106188627540534), 'ocf_to_debt_rating': 'Very Strong'}","{'current_ratio': np.float64(1.3185699039487726), 'rating': 'Good', 'cash_and_equiv_usd': np.float64(622000000.0)}","{'revenue_growth_yoy': np.float64(0.10330412412573357), 'ebitda_growth_yoy': np.float64(0.10005340929321702)}",Feasible – strong financial health,"{2023: 0.5, 2024: 0.5, 2025: 0.5}","{2024: np.float64(-0.06737120211360634), 2025: np.float64(-0.1373762376237624)}",
93,SATS,"{2023: 0.004057971014492754, 2024: 0.004029834569871814, 2025: 0.004074836334302055, 2026: 0.0037964385790472746}",-7.39595541906568e-05,0.7524580955505371,"[np.float32(0.26762915), np.float32(0.9983786), np.float32(0.9913665)]","{2023: 0.005261984392419175, 2024: 0.0021971958657247296, 2025: 0.002120155960740917, 2026: 0.0018349453132061827}",-0.0010358157142626,2025,"{'interest_coverage': np.float64(-11.415819540215534), 'rating': 'Critical (default risk)', 'debt_to_ebitda': np.float64(-1.18196760025876), 'debt_ebitda_rating': 'No debt'}","{'additional_debt_capacity_usd': None, 'assumptions': 'Maintain interest coverage >= 3.0x'}","{'free_cash_flow_usd': np.float64(-1741415000.0), 'fcf_margin': np.float64(-0.11605573319647218), 'fcf_margin_rating': 'Breakeven', 'ocf_to_debt': np.float64(-0.005325908125378311), 'ocf_to_debt_rating': 'Cannot cover interest'}","{'current_ratio': np.float64(0.4151902479403149), 'rating': 'Critical', 'cash_and_equiv_usd': np.float64(1883074000.0)}","{'revenue_growth_yoy': np.float64(-0.051848356792915946), 'ebitda_growth_yoy': np.float64(-7.757019062641119)}",Challenging – improvement needed,"{2023: np.float64(0.557973623672714), 2024: np.float64(0.6128962940097862), 2025: np.float64(0.6212701909852271)}","{2024: np.float64(0.41442156813787584), 2025: np.float64(0.3425861422861096)}",-1.0
94,DD,"{2023: 0.005278344711098599, 2024: 0.004676736396385009, 2025: 0.004725210817097994, 2026: 0.0045601552393272965}",-0.0002106093994601,0.8461806774139404,"[np.float32(0.9793101), np.float32(0.8693281), np.float32(0.68990386)]","{2023: 0.0032373847561404743, 2024: 0.0023383681981925045, 2025: 0.0022535620820005814, 2026: 0.0030077619663648122}",-7.736744855186837e-05,2025,"{'interest_coverage': np.float64(1.6389776357827477), 'rating': 'Marginal', 'debt_to_ebitda': np.float64(2.6939655172413794), 'debt_ebitda_rating': 'Elevated'}","{'additional_debt_capacity_usd': None, 'assumptions': 'Maintain interest coverage >= 3.0x'}","{'free_cash_flow_usd': np.float64(172000000.0), 'fcf_margin': np.float64(0.025113155205139435), 'fcf_margin_rating': 'Weak', 'ocf_to_debt': np.float64(0.1792), 'ocf_to_debt_rating': 'Strong'}","{'current_ratio': np.float64(2.418655097613883), 'rating': 'Very Strong', 'cash_and_equiv_usd': np.float64(715000000.0)}","{'revenue_growth_yoy': np.float64(0.019348117279357046), 'ebitda_growth_yoy': np.float64(0.03756708407871199)}",Marginally feasible – monitor key risks,"{2023: np.float64(0.6417284042690881), 2024: np.float64(0.6471404133077997), 2025: np.float64(0.6634152418750728)}","{2024: np.float64(0.7067377605428987), 2025: np.float64(0.3586776859504132)}",-1.0
95,ECL,"{2023: 0.0, 2024: 0.0, 2025: 0.0, 2026: 0.0}",0.0,0.995532214641571,"[np.float32(0.9932983), np.float32(0.9932983), np.float32(1.0000001)]","{2023: 0.0, 2024: 0.0, 2025: 0.0, 2026: 0.0}",0.0,2025,"{'interest_coverage': np.float64(9.321032005225343), 'rating': 'Very Strong', 'debt_to_ebitda': np.float64(1.922960449027542), 'debt_ebitda_rating': 'Moderate'}","{'additional_debt_capacity_usd': None, 'assumptions': 'Maintain interest coverage >= 3.0x'}","{'free_cash_flow_usd': np.float64(1904300000.0), 'fcf_margin': np.float64(0.11841777976767903), 'fcf_margin_rating': 'Good', 'ocf_to_debt': np.float64(0.4008471469881481), 'ocf_to_debt_rating': 'Very Strong'}","{'current_ratio': np.float64(1.0760474822483603), 'rating': 'Adequate', 'cash_and_equiv_usd': np.float64(646200000.0)}","{'revenue_growth_yoy': np.float64(0.021586390028841145), 'ebitda_growth_yoy': np.float64(-0.004263172944448777)}",Feasible – strong financial health,"{2023: 0.5, 2024: 0.5, 2025: 0.5}","{2024: np.float64(-0.2835570469798658), 2025: np.float64(-0.05409753645047763)}",
96,DG,"{2023: 0.0, 2024: 0.0, 2025: 0.0, 2026: 0.0}",0.0,0.985607922077179,"[np.float32(0.97616875), np.float32(0.9806552), np.float32(1.0)]","{2023: 0.0, 2024: 0.0, 2025: 0.0, 2026: 0.0}",0.0,2026,"{'interest_coverage': np.float64(9.52069897253293), 'rating': 'Very Strong', 'debt_to_ebitda': np.float64(1.4085804094861694), 'debt_ebitda_rating': 'Moderate'}","{'additional_debt_capacity_usd': None, 'assumptions': 'Maintain interest coverage >= 3.0x'}","{'free_cash_flow_usd': np.float64(2393338000.0), 'fcf_margin': np.float64(0.05601810058329943), 'fcf_margin_rating': 'Moderate', 'ocf_to_debt': np.float64(0.7960128614828114), 'ocf_to_debt_rating': 'Very Strong'}","{'current_ratio': np.float64(1.1345567928218603), 'rating': 'Adequate', 'cash_and_equiv_usd': np.float64(1138501000.0)}","{'revenue_growth_yoy': np.float64(0.05200544130611833), 'ebitda_growth_yoy': np.float64(0.2069047430222241)}",Marginally feasible – monitor key risks,"{2023: 0.5, 2024: 0.5, 2025: 0.5, 2026: 0.5}","{2024: np.float64(-0.08947943779948762), 2025: np.float64(0.22957825507492552), 2026: np.float64(0.05246708115503005)}",
97,DOV,"{2023: 0.005666283631176447, 2024: 0.006120476752926017, 2025: 0.004723534315087524, 2026: 0.005748422001803427}",-0.0001150527325958,0.7549748420715332,"[np.float32(0.425471), np.float32(0.91939384), np.float32(0.9200598)]","{2023: 0.009906090264294488, 2024: 0.0047245785461183295, 2025: 0.008335648791330925, 2026: 0.00687556357078449}",-0.0005480509835316,2025,"{'interest_coverage': np.float64(13.519148781109937), 'rating': 'Very Strong', 'debt_to_ebitda': np.float64(1.40657522720797), 'debt_ebitda_rating': 'Moderate'}","{'additional_debt_capacity_usd': None, 'assumptions': 'Maintain interest coverage >= 3.0x'}","{'free_cash_flow_usd': np.float64(1113312000.0), 'fcf_margin': np.float64(0.13757210162258693), 'fcf_margin_rating': 'Good', 'ocf_to_debt': np.float64(0.5087466309591252), 'ocf_to_debt_rating': 'Very Strong'}","{'current_ratio': np.float64(1.7895412685939862), 'rating': 'Strong', 'cash_and_equiv_usd': np.float64(1676808000.0)}","{'revenue_growth_yoy': np.float64(0.044754205090713046), 'ebitda_growth_yoy': np.float64(-0.162813692004911)}",Feasible – strong financial health,"{2023: np.float64(0.41119203837736257), 2024: np.float64(0.5259738811094996), 2025: np.float64(0.49394922929887586)}","{2024: np.float64(0.08654569643305017), 2025: np.float64(-0.3147439608912871)}",-1.0
98,D,"{2023: 0.0071915499288336205, 2024: 0.006825938566552901, 2025: 0.008247676494121992}",0.000528063282644,0.9408944845199584,"[np.float32(0.884033), np.float32(0.997756)]","{2023: 0.004494718705521013, 2024: 0.0039005363237445147, 2025: 0.0034467901766479965}",-0.0005239642644364,2025,"{'interest_coverage': np.float64(2.7858555885262115), 'rating': 'Adequate', 'debt_to_ebitda': np.float64(5.246964049537093), 'debt_ebitda_rating': 'Distressed'}","{'additional_debt_capacity_usd': None, 'assumptions': 'Maintain interest coverage >= 3.0x'}","{'free_cash_flow_usd': np.float64(-7280000000.0), 'fcf_margin': np.float64(-0.4410517387616624), 'fcf_margin_rating': 'Breakeven', 'ocf_to_debt': np.float64(0.12284882788331539), 'ocf_to_debt_rating': 'Strong'}","{'current_ratio': np.float64(0.7727882037533512), 'rating': 'Weak', 'cash_and_equiv_usd': np.float64(250000000.0)}","{'revenue_growth_yoy': np.float64(0.14157272287156789), 'ebitda_growth_yoy': np.float64(0.2363609335513602)}",Challenging – improvement needed,"{2023: np.float64(0.6450631971651267), 2024: np.float64(0.600296165005569), 2025: np.float64(0.565244101876344)}","{2024: np.float64(-0.19459406522377828), 2025: np.float64(-0.036317429086735534)}",-1.0
99,FANG,"{2023: 0.0, 2024: 0.0, 2025: 0.0, 2026: 0.0}",0.0,0.980962574481964,"[np.float32(1.0000001), np.float32(0.97098625), np.float32(0.97190154)]","{2023: 0.0, 2024: 0.0, 2025: 0.0, 2026: 0.0}",0.0,2025,"{'interest_coverage': np.float64(8.071698113207548), 'rating': 'Very Strong', 'debt_to_ebitda': np.float64(1.9124982583252055), 'debt_ebitda_rating': 'Moderate'}","{'additional_debt_capacity_usd': None, 'assumptions': 'Maintain interest coverage >= 3.0x'}","{'free_cash_flow_usd': np.float64(-703000000.0), 'fcf_margin': np.float64(-0.04708955723759126), 'fcf_margin_rating': 'Breakeven', 'ocf_to_debt': np.float64(0.6380591578027102), 'ocf_to_debt_rating': 'Very Strong'}","{'current_ratio': np.float64(0.41630434782608694), 'rating': 'Critical', 'cash_and_equiv_usd': np.float64(104000000.0)}","{'revenue_growth_yoy': np.float64(0.35434999546402973), 'ebitda_growth_yoy': np.float64(-0.06047912030370468)}",Marginally feasible – monitor key risks,"{2023: 0.5, 2024: 0.5, 2025: 0.5}","{2024: np.float64(-1.5004242681374629), 2025: np.float64(0.19733604818868244)}",
100,DASH,"{2023: 0.0, 2024: 0.0, 2025: 0.0, 2026: 0.0}",0.0,0.9295808672904968,"[np.float32(0.93211585), np.float32(0.9479319), np.float32(0.9086947)]","{2023: 0.0, 2024: 0.0, 2025: 0.0, 2026: 0.0}",0.0,2025,"{'interest_coverage': np.float64(nan), 'rating': 'Very Strong', 'debt_to_ebitda': np.float64(1.8505434782608696), 'debt_ebitda_rating': 'Moderate'}","{'additional_debt_capacity_usd': None, 'assumptions': 'Maintain interest coverage >= 3.0x'}","{'free_cash_flow_usd': np.float64(1826000000.0), 'fcf_margin': np.float64(0.13311948676824378), 'fcf_margin_rating': 'Good', 'ocf_to_debt': np.float64(0.8924375917767988), 'ocf_to_debt_rating': 'Very Strong'}","{'current_ratio': np.float64(1.4060517325524646), 'rating': 'Good', 'cash_and_equiv_usd': np.float64(4378000000.0)}","{'revenue_growth_yoy': np.float64(0.27933221413915316), 'ebitda_growth_yoy': np.float64(1.8145315487571703)}",Feasible – strong financial health,"{2023: 0.5, 2024: 0.5, 2025: 0.5}","{2024: np.float64(-0.018518518518518517), 2025: np.float64(-0.8333333333333334)}",
101,EQT,"{2023: 0.0076489028213166145, 2024: 0.009206349206349206, 2025: 0.007630899272129608, 2026: 0.007468979641007107}",-0.000211521947515,0.7263452410697937,"[np.float32(0.8944146), np.float32(0.5017733), np.float32(0.78284764)]","{2023: 0.0045141065830721005, 2024: 0.004920634920634921, 2025: 0.004813336463958676, 2026: 0.0037344898205035537}",-0.0002446148744383,2025,"{'interest_coverage': np.float64(7.787271338857293), 'rating': 'Very Strong', 'debt_to_ebitda': np.float64(1.2121756924602438), 'debt_ebitda_rating': 'Moderate'}","{'additional_debt_capacity_usd': None, 'assumptions': 'Maintain interest coverage >= 3.0x'}","{'free_cash_flow_usd': np.float64(2837527000.0), 'fcf_margin': np.float64(0.33969271958336533), 'fcf_margin_rating': 'Exceptional', 'ocf_to_debt': np.float64(0.7028390383437524), 'ocf_to_debt_rating': 'Very Strong'}","{'current_ratio': np.float64(0.7626850168682825), 'rating': 'Weak', 'cash_and_equiv_usd': np.float64(110795000.0)}","{'revenue_growth_yoy': np.float64(0.5995614485258298), 'ebitda_growth_yoy': np.float64(1.0881140180240712)}",Feasible – strong financial health,"{2023: np.float64(0.5517790170593394), 2024: np.float64(0.5239847501118978), 2025: np.float64(0.5661793186974067)}","{2024: np.float64(-0.1162296679060364), 2025: np.float64(-0.015403940792711037)}",-1.0
102,EXR,"{2023: 0.004241372662425294, 2024: 0.0041444641799881585, 2025: 0.003918076580587711, 2026: 0.0037851478010093725}",-0.0001595062183648,0.9629721641540528,"[np.float32(0.945989), np.float32(0.98083), np.float32(0.9620974)]","{2023: 0.003470213996529786, 2024: 0.0033550424314189855, 2025: 0.0028495102404274266, 2026: 0.0025234318673395817}",-0.0003345878578563,2025,"{'interest_coverage': np.float64(2.6753950359925183), 'rating': 'Adequate', 'debt_to_ebitda': np.float64(4.972921289957033), 'debt_ebitda_rating': 'Very High'}","{'additional_debt_capacity_usd': None, 'assumptions': 'Maintain interest coverage >= 3.0x'}","{'free_cash_flow_usd': np.float64(1829054000.0), 'fcf_margin': np.float64(0.5415340505018146), 'fcf_margin_rating': 'Exceptional', 'ocf_to_debt': np.float64(0.1540973415484468), 'ocf_to_debt_rating': 'Strong'}","{'current_ratio': np.float64(1.1445057162396302), 'rating': 'Adequate', 'cash_and_equiv_usd': np.float64(138920000.0)}","{'revenue_growth_yoy': np.float64(0.03704133560051853), 'ebitda_growth_yoy': np.float64(0.04438043487194217)}",Marginally feasible – monitor key risks,"{2023: np.float64(0.5987405459611461), 2024: np.float64(0.6364839183895484), 2025: np.float64(0.6400277996063233)}","{2024: np.float64(-0.2826059772414655), 2025: np.float64(-0.030466998147606512)}",1.0
103,EME,"{2023: 0.008003156174265908, 2024: 0.008141950699084733, 2025: 0.007115291847563917, 2026: 0.007699828892691274}",-0.0001936640696245,0.9801011085510254,"[np.float32(0.94762063), np.float32(0.99268264), np.float32(1.0000001)]","{2023: 0.0020289691709406525, 2024: 0.0019091470604750407, 2025: 0.001688374336710082, 2026: 0.0017721828403813248}",-9.911317154433592e-05,2025,"{'interest_coverage': np.float64(144.22995008319467), 'rating': 'Very Strong', 'debt_to_ebitda': np.float64(nan), 'debt_ebitda_rating': 'Distressed'}","{'additional_debt_capacity_usd': None, 'assumptions': 'Maintain interest coverage >= 3.0x'}","{'free_cash_flow_usd': np.float64(1189313000.0), 'fcf_margin': np.float64(0.07001551003501502), 'fcf_margin_rating': 'Moderate', 'ocf_to_debt': np.float64(nan), 'ocf_to_debt_rating': 'Very Strong'}","{'current_ratio': np.float64(1.2204354010532503), 'rating': 'Good', 'cash_and_equiv_usd': np.float64(1111968000.0)}","{'revenue_growth_yoy': np.float64(0.16616001135786643), 'ebitda_growth_yoy': np.float64(0.26750200186026124)}",Marginally feasible – monitor key risks,"{2023: np.float64(0.4632931011755251), 2024: np.float64(0.45190052763145006), 2025: np.float64(0.5002456278700358)}","{2024: np.float64(0.044053874802306006), 2025: np.float64(-0.5043362241494329)}",1.0
104,ELV,"{2023: 0.008077346713988496, 2024: 0.006001170960187353, 2025: 0.00576036866359447, 2026: 0.0055583628094997475}",-0.0007797754010061,0.9367648959159852,"[np.float32(0.83905995), np.float32(0.97406906), np.float32(0.99716556)]","{2023: 0.004956553665402032, 2024: 0.004464285714285714, 2025: 0.004320276497695853, 2026: 0.00404244567963618}",-0.0002886333173888,2025,"{'interest_coverage': np.float64(5.7860199714693294), 'rating': 'Very Strong', 'debt_to_ebitda': None, 'debt_ebitda_rating': 'N/A'}","{'additional_debt_capacity_usd': None, 'assumptions': 'Maintain interest coverage >= 3.0x'}","{'free_cash_flow_usd': np.float64(3174000000.0), 'fcf_margin': np.float64(0.015939736346516006), 'fcf_margin_rating': 'Weak', 'ocf_to_debt': np.float64(0.13929928239763614), 'ocf_to_debt_rating': 'Strong'}","{'current_ratio': None, 'rating': 'N/A', 'cash_and_equiv_usd': np.float64(9491000000.0)}","{'revenue_growth_yoy': np.float64(0.1262089248345682), 'ebitda_growth_yoy': None}",Challenging – improvement needed,"{2023: np.float64(0.642939479602257), 2024: np.float64(0.66870405485567), 2025: np.float64(0.6670119495689869)}","{2024: np.float64(0.030864197530864196), 2025: np.float64(0.11146496815286625)}",1.0
105,EQR,"{2023: 0.002353592690017998, 2024: 0.0024443237370994023, 2025: 0.0028723251472066638, 2026: 0.0025140490979000296}",9.093706337537316e-05,1.0,"[np.float32(1.0), np.float32(1.0), np.float32(1.0)]","{2023: 0.004845632008860584, 2024: 0.003666485605649104, 2025: 0.005170185264971995, 2026: 0.004140786749482402}",-6.108361188112815e-05,2025,"{'interest_coverage': np.float64(4.82182739131285), 'rating': 'Strong', 'debt_to_ebitda': np.float64(3.0322373631502435), 'debt_ebitda_rating': 'High'}","{'additional_debt_capacity_usd': None, 'assumptions': 'Maintain interest coverage >= 3.0x'}","{'free_cash_flow_usd': np.float64(1289704000.0), 'fcf_margin': np.float64(0.41684585994837037), 'fcf_margin_rating': 'Exceptional', 'ocf_to_debt': np.float64(0.2172752169704081), 'ocf_to_debt_rating': 'Very Strong'}","{'current_ratio': np.float64(0.15315938105306595), 'rating': 'Critical', 'cash_and_equiv_usd': np.float64(55904000.0)}","{'revenue_growth_yoy': np.float64(0.03820364899527131), 'ebitda_growth_yoy': np.float64(0.07236770781242836)}",Marginally feasible – monitor key risks,"{2023: np.float64(0.6397228656957546), 2024: np.float64(0.6151847272764804), 2025: np.float64(0.6324589440429752)}","{2024: np.float64(0.044525394255561554), 2025: np.float64(-0.12667522255239433)}",1.0
106,FRT,"{2023: 0.00385255231590929, 2024: 0.003900445765230312, 2025: 0.0037562212414311204, 2026: 0.004004576659038902}",3.118485055897817e-05,0.9957439303398132,"[np.float32(0.98816794), np.float32(0.99969333), np.float32(0.9993706)]","{2023: 0.004990806409246125, 2024: 0.0046433878157503715, 2025: 0.0046952765517889, 2026: 0.004862700228832952}",-3.3242980520092824e-05,2025,"{'interest_coverage': np.float64(3.3072750443865937), 'rating': 'Strong', 'debt_to_ebitda': np.float64(5.069305427933841), 'debt_ebitda_rating': 'Distressed'}","{'additional_debt_capacity_usd': None, 'assumptions': 'Maintain interest coverage >= 3.0x'}","{'free_cash_flow_usd': np.float64(331040000.0), 'fcf_margin': np.float64(0.2588322680271311), 'fcf_margin_rating': 'Exceptional', 'ocf_to_debt': np.float64(0.12590843802472132), 'ocf_to_debt_rating': 'Strong'}","{'current_ratio': np.float64(1.0434251234979404), 'rating': 'Adequate', 'cash_and_equiv_usd': np.float64(107415000.0)}","{'revenue_growth_yoy': np.float64(0.06363913070958342), 'ebitda_growth_yoy': np.float64(0.18566940010311184)}",Marginally feasible – monitor key risks,"{2023: np.float64(0.6001157893753443), 2024: np.float64(0.5928222591698659), 2025: np.float64(0.6127147375573886)}","{2024: np.float64(0.20686551812805348), 2025: np.float64(-0.1806532663316583)}",1.0
107,DLTR,"{2023: 0.006761155907246958, 2024: 0.005893909626719057, 2025: 0.006409976889198971, 2026: 0.006462251537570194}",-3.806458465500176e-05,1.0,"[np.float32(1.0), np.float32(1.0), np.float32(1.0)]","{2023: 0.0034557019081484447, 2024: 0.003572066440435792, 2025: 0.0036628439366851264, 2026: 0.004367590694357786}",0.0002826443854878,2026,"{'interest_coverage': np.float64(20.058479532163744), 'rating': 'Very Strong', 'debt_to_ebitda': np.float64(1.0290296644238501), 'debt_ebitda_rating': 'Moderate'}","{'additional_debt_capacity_usd': None, 'assumptions': 'Maintain interest coverage >= 3.0x'}","{'free_cash_flow_usd': np.float64(1400000000.0), 'fcf_margin': np.float64(0.07212108099197395), 'fcf_margin_rating': 'Moderate', 'ocf_to_debt': np.float64(1.0420693342106346), 'ocf_to_debt_rating': 'Very Strong'}","{'current_ratio': np.float64(1.0673976336492597), 'rating': 'Adequate', 'cash_and_equiv_usd': np.float64(717800000.0)}","{'revenue_growth_yoy': np.float64(0.10429217510026453), 'ebitda_growth_yoy': np.float64(0.17101090188305254)}",Marginally feasible – monitor key risks,"{2023: np.float64(0.38926353721530893), 2024: np.float64(0.3987985590359618), 2025: np.float64(0.424224722676867), 2026: np.float64(0.41852991034894593)}","{2024: np.float64(-0.8561441665372068), 2025: np.float64(-0.08846668898560428), 2026: np.float64(0.12802768166089964)}",0.8422391675516111
108,EXC,"{2023: 0.0028680688336520078, 2024: 0.003397027600849257, 2025: 0.003504161191414805, 2026: 0.0031069684864624943}",8.23832548997056e-05,0.9845414161682128,"[np.float32(0.98691535), np.float32(0.96896863), np.float32(0.99774015)]","{2023: 0.0019120458891013384, 2024: 0.0021231422505307855, 2025: 0.002190100744634253, 2026: 0.0022192632046160675}",9.886104406480156e-05,2025,"{'interest_coverage': np.float64(2.547249647390691), 'rating': 'Adequate', 'debt_to_ebitda': np.float64(5.277434312210201), 'debt_ebitda_rating': 'Distressed'}","{'additional_debt_capacity_usd': None, 'assumptions': 'Maintain interest coverage >= 3.0x'}","{'free_cash_flow_usd': np.float64(-2275000000.0), 'fcf_margin': np.float64(-0.09378349410503752), 'fcf_margin_rating': 'Breakeven', 'ocf_to_debt': np.float64(0.13082860908311195), 'ocf_to_debt_rating': 'Strong'}","{'current_ratio': np.float64(0.9240151001839125), 'rating': 'Marginal', 'cash_and_equiv_usd': np.float64(626000000.0)}","{'revenue_growth_yoy': np.float64(0.05341323606044815), 'ebitda_growth_yoy': np.float64(0.10801223241590215)}",Challenging – improvement needed,"{2023: np.float64(0.722370970580313), 2024: np.float64(0.5968626669297615), 2025: np.float64(0.6430505905300379)}","{2024: np.float64(0.0419816414686825), 2025: np.float64(-0.20177539805551642)}",1.0
109,EIX,"{2023: 0.005315956443453657, 2024: 0.005441162085493495, 2025: 0.0054966236802507056, 2026: 0.004914306775600467}",-0.0001149487408803,0.9238654971122742,"[np.float32(0.8614253), np.float32(0.9109478), np.float32(0.99922335)]","{2023: 0.0014698497078673705, 2024: 0.0014795069940330627, 2025: 0.0015544750226953352, 2026: 0.0015725781681921495}",3.831534096367967e-05,2025,"{'interest_coverage': np.float64(4.893437296946069), 'rating': 'Strong', 'debt_to_ebitda': np.float64(3.349739970282318), 'debt_ebitda_rating': 'High'}","{'additional_debt_capacity_usd': None, 'assumptions': 'Maintain interest coverage >= 3.0x'}","{'free_cash_flow_usd': np.float64(-715000000.0), 'fcf_margin': np.float64(-0.037014029093544544), 'fcf_margin_rating': 'Breakeven', 'ocf_to_debt': np.float64(0.16079844746326588), 'ocf_to_debt_rating': 'Strong'}","{'current_ratio': np.float64(0.729498861047836), 'rating': 'Weak', 'cash_and_equiv_usd': np.float64(158000000.0)}","{'revenue_growth_yoy': np.float64(0.09761918290811977), 'ebitda_growth_yoy': np.float64(0.709749126706891)}",Challenging – improvement needed,"{2023: np.float64(0.6659441982379797), 2024: np.float64(0.6521307629970158), 2025: np.float64(0.6545069465181519)}","{2024: np.float64(-0.047540381791483115), 2025: np.float64(-0.14158051515682496)}",1.0
110,DUK,"{2023: 0.006189956026104249, 2024: 0.006313806359632373, 2025: 0.006092523750516316, 2026: 0.00599888730316151}",-7.944887779447593e-05,0.9219112396240234,"[np.float32(0.9957094), np.float32(0.9882109), np.float32(0.7818134)]","{2023: 0.0036691594543875865, 2024: 0.0037933755951017082, 2025: 0.003201156546881454, 2026: 0.004136329551776686}",8.092912439474246e-05,2025,"{'interest_coverage': np.float64(2.5718216840946617), 'rating': 'Adequate', 'debt_to_ebitda': np.float64(4.69841642228739), 'debt_ebitda_rating': 'Very High'}","{'additional_debt_capacity_usd': None, 'assumptions': 'Maintain interest coverage >= 3.0x'}","{'free_cash_flow_usd': np.float64(-1694000000.0), 'fcf_margin': np.float64(-0.05254831404907404), 'fcf_margin_rating': 'Breakeven', 'ocf_to_debt': np.float64(0.15391721176411843), 'ocf_to_debt_rating': 'Strong'}","{'current_ratio': np.float64(0.5517650971634912), 'rating': 'Weak', 'cash_and_equiv_usd': np.float64(245000000.0)}","{'revenue_growth_yoy': np.float64(0.06192970319860329), 'ebitda_growth_yoy': np.float64(0.1368940454757618)}",Challenging – improvement needed,"{2023: np.float64(0.534424793637739), 2024: np.float64(0.527855107960294), 2025: np.float64(0.5244245804485774)}","{2024: np.float64(0.025706125039669948), 2025: np.float64(-0.14201954397394137)}",1.0
111,EVRG,"{2023: 0.0042691005446783455, 2024: 0.005215437695578914, 2025: 0.005149410938597176, 2026: 0.005795884082318354}",0.0004514323855939,0.9799463152885436,"[np.float32(0.949736), np.float32(0.99108547), np.float32(0.99901736)]","{2023: 0.0028706020903871633, 2024: 0.0019257000722137528, 2025: 0.0017944916907232582, 2026: 0.002351952960940781}",-0.0001687155769829,2025,"{'interest_coverage': np.float64(2.4457244848288173), 'rating': 'Adequate', 'debt_to_ebitda': np.float64(4.784325236662508), 'debt_ebitda_rating': 'Very High'}","{'additional_debt_capacity_usd': None, 'assumptions': 'Maintain interest coverage >= 3.0x'}","{'free_cash_flow_usd': np.float64(-751700000.0), 'fcf_margin': np.float64(-0.12609031132581858), 'fcf_margin_rating': 'Breakeven', 'ocf_to_debt': np.float64(0.15685011350389594), 'ocf_to_debt_rating': 'Strong'}","{'current_ratio': np.float64(0.49130117156849484), 'rating': 'Critical', 'cash_and_equiv_usd': np.float64(19800000.0)}","{'revenue_growth_yoy': np.float64(0.019547483453901802), 'ebitda_growth_yoy': np.float64(0.03172319806178074)}",Challenging – improvement needed,"{2023: np.float64(0.6274654189864658), 2024: np.float64(0.616908740467177), 2025: np.float64(0.7025133851178301)}","{2024: np.float64(-0.0011139674378748928), 2025: np.float64(-0.19699563468287254)}",1.0
112,FIS,"{2023: 0.00410477615055484, 2025: 0.003627232142857143, 2026: 0.003563223779830278}",-0.0001888395350425,0.7491031885147095,"[np.float32(0.49820644), np.float32(1.0)]","{2023: 0.003026402755070094, 2025: 0.003115699404761905, 2026: 0.0032350321158985417}",6.598672092895376e-05,2025,"{'interest_coverage': np.float64(4.0076726342711), 'rating': 'Strong', 'debt_to_ebitda': np.float64(2.628695652173913), 'debt_ebitda_rating': 'Elevated'}","{'additional_debt_capacity_usd': None, 'assumptions': 'Maintain interest coverage >= 3.0x'}","{'free_cash_flow_usd': np.float64(1827000000.0), 'fcf_margin': np.float64(0.17111548187693174), 'fcf_margin_rating': 'Excellent', 'ocf_to_debt': np.float64(0.3105083250634028), 'ocf_to_debt_rating': 'Very Strong'}","{'current_ratio': np.float64(0.5892857142857143), 'rating': 'Weak', 'cash_and_equiv_usd': np.float64(599000000.0)}","{'revenue_growth_yoy': np.float64(0.0543102597017873), 'ebitda_growth_yoy': np.float64(0.019202363367799114)}",Feasible – strong financial health,"{2023: np.float64(0.8008992834948003), 2025: np.float64(0.8055019109323621)}",{2025: np.float64(-0.26794871794871794)},
113,EL,"{2022: 0.0028536485935589076, 2023: 0.0028973509933774835, 2024: 0.0021213406873143827, 2025: 0.0017801513128615932}",-0.0003996502148155,0.9577458500862122,"[np.float32(0.98112243), np.float32(0.9916425), np.float32(0.9004725)]","{2022: 0.0036689767631471666, 2023: 0.0037251655629139072, 2024: 0.004242681374628765, 2025: 0.006230529595015576}",0.0008202174307321,2025,"{'interest_coverage': np.float64(-1.9131652661064427), 'rating': 'Critical (default risk)', 'debt_to_ebitda': np.float64(50.0958904109589), 'debt_ebitda_rating': 'Distressed'}","{'additional_debt_capacity_usd': None, 'assumptions': 'Maintain interest coverage >= 3.0x'}","{'free_cash_flow_usd': np.float64(670000000.0), 'fcf_margin': np.float64(0.046768113918749125), 'fcf_margin_rating': 'Weak', 'ocf_to_debt': np.float64(0.17391304347826086), 'ocf_to_debt_rating': 'Strong'}","{'current_ratio': np.float64(1.3006439742410303), 'rating': 'Good', 'cash_and_equiv_usd': np.float64(2921000000.0)}","{'revenue_growth_yoy': np.float64(-0.08213736545361353), 'ebitda_growth_yoy': np.float64(-0.9260759493670886)}",Challenging – improvement needed,"{2022: np.float64(0.4971762150526047), 2023: np.float64(0.5625177070498466), 2024: np.float64(0.6066195021073023), 2025: np.float64(0.6691281683743)}","{2023: np.float64(-2.1625), 2024: np.float64(0.720583764062025), 2025: np.float64(0.34494015233949943)}",0.8617252379393331
114,DOW,"{2023: 0.005069205677510359, 2024: 0.004943120260021669, 2025: 0.005547198194810079, 2026: 0.005652959912766507}",0.0002355340640558,0.8105303645133972,"[np.float32(0.44101483), np.float32(0.99057615), np.float32(1.0000001)]","{2023: 0.0029533633077669045, 2024: 0.0034195557963163595, 2025: 0.003698132129873386, 2026: 0.0039025510057677406}",0.000312613942756,2025,"{'interest_coverage': np.float64(-1.9028901734104047), 'rating': 'Critical (default risk)', 'debt_to_ebitda': np.float64(14.076599326599327), 'debt_ebitda_rating': 'Distressed'}","{'additional_debt_capacity_usd': None, 'assumptions': 'Maintain interest coverage >= 3.0x'}","{'free_cash_flow_usd': np.float64(-1447000000.0), 'fcf_margin': np.float64(-0.03620396317053643), 'fcf_margin_rating': 'Breakeven', 'ocf_to_debt': np.float64(0.061711415415894276), 'ocf_to_debt_rating': 'Adequate'}","{'current_ratio': np.float64(1.966895350103452), 'rating': 'Strong', 'cash_and_equiv_usd': np.float64(3816000000.0)}","{'revenue_growth_yoy': np.float64(-0.06973279955311423), 'ebitda_growth_yoy': np.float64(-0.7760603204524034)}",Challenging – improvement needed,"{2023: np.float64(0.49933435857960595), 2024: np.float64(0.501991229343934), 2025: np.float64(0.5044157593735641)}","{2024: np.float64(-0.23738393217601939), 2025: np.float64(0.19119086460032628)}",1.0
115,EG,"{2024: 0.004328018223234624, 2025: 0.004166382077726931, 2026: 0.004335628666156593}",3.805221460992721e-06,0.7722116708755493,"[np.float32(0.64492595), np.float32(0.89949733)]","{2024: 0.0037965072133637054, 2025: 0.004849395533092002, 2026: 0.005292017342514665}",0.0007477550645754,2025,"{'interest_coverage': np.float64(13.496688741721854), 'rating': 'Very Strong', 'debt_to_ebitda': None, 'debt_ebitda_rating': 'N/A'}","{'additional_debt_capacity_usd': None, 'assumptions': 'Maintain interest coverage >= 3.0x'}","{'free_cash_flow_usd': None, 'fcf_margin': None, 'fcf_margin_rating': 'N/A', 'ocf_to_debt': np.float64(0.8548342156589579), 'ocf_to_debt_rating': 'Very Strong'}","{'current_ratio': None, 'rating': 'N/A', 'cash_and_equiv_usd': np.float64(1318000000.0)}","{'revenue_growth_yoy': np.float64(0.008315764816116187), 'ebitda_growth_yoy': None}",Challenging – improvement needed,,,
116,EXPE,{2026: 0.0},,,[],{2026: 0.0},,2025,"{'interest_coverage': np.float64(6.321070234113712), 'rating': 'Very Strong', 'debt_to_ebitda': np.float64(1.6092906013683832), 'debt_ebitda_rating': 'Moderate'}","{'additional_debt_capacity_usd': None, 'assumptions': 'Maintain interest coverage >= 3.0x'}","{'free_cash_flow_usd': np.float64(3110000000.0), 'fcf_margin': np.float64(0.21109074865947194), 'fcf_margin_rating': 'Exceptional', 'ocf_to_debt': np.float64(0.8682031774446185), 'ocf_to_debt_rating': 'Very Strong'}","{'current_ratio': np.float64(0.7323647715675091), 'rating': 'Weak', 'cash_and_equiv_usd': np.float64(5413000000.0)}","{'revenue_growth_yoy': np.float64(0.07610839237455262), 'ebitda_growth_yoy': np.float64(0.0575019040365575)}",Feasible – strong financial health,,,
117,FFIV,{2025: 0.005612520237452779},,,[],{2025: 0.004209390178089584},,2025,"{'interest_coverage': None, 'rating': 'N/A', 'debt_to_ebitda': np.float64(nan), 'debt_ebitda_rating': 'Distressed'}","{'additional_debt_capacity_usd': None, 'assumptions': 'Maintain interest coverage >= 3.0x'}","{'free_cash_flow_usd': np.float64(906406000.0), 'fcf_margin': np.float64(0.2935184153737348), 'fcf_margin_rating': 'Exceptional', 'ocf_to_debt': np.float64(nan), 'ocf_to_debt_rating': 'Very Strong'}","{'current_ratio': np.float64(1.5619066577120777), 'rating': 'Strong', 'cash_and_equiv_usd': np.float64(1344273000.0)}","{'revenue_growth_yoy': np.float64(0.09656974844821954), 'ebitda_growth_yoy': np.float64(0.14155226371253246)}",Marginally feasible – monitor key risks,,,
118,FITB,"{2023: 0.0027482150074094034, 2024: 0.0031498257839721253, 2025: 0.0033776587651766425, 2026: 0.0028441774255400743}",5.157202355965021e-05,1.000000238418579,"[np.float32(1.0000002), np.float32(1.0000002), np.float32(1.0000002)]","{2023: 0.002155462750909336, 2024: 0.002062717770034843, 2025: 0.0021300550771384233, 2026: 0.0019174229835101624}",-6.467819950942187e-05,2025,"{'interest_coverage': None, 'rating': 'N/A', 'debt_to_ebitda': None, 'debt_ebitda_rating': 'N/A'}","{'additional_debt_capacity_usd': None, 'assumptions': 'Maintain interest coverage >= 3.0x'}","{'free_cash_flow_usd': np.float64(3805000000.0), 'fcf_margin': np.float64(0.4313569890035143), 'fcf_margin_rating': 'Exceptional', 'ocf_to_debt': np.float64(0.3321804400618147), 'ocf_to_debt_rating': 'Very Strong'}","{'current_ratio': None, 'rating': 'N/A', 'cash_and_equiv_usd': np.float64(3499000000.0)}","{'revenue_growth_yoy': np.float64(0.06611070824268794), 'ebitda_growth_yoy': None}",Challenging – improvement needed,"{2023: np.float64(0.6373117419017345), 2024: np.float64(0.66017587790689), 2025: np.float64(0.6335403677551266)}","{2024: np.float64(0.19767441860465115), 2025: np.float64(-0.7125603864734299)}",-1.0
119,FE,"{2023: 0.0, 2024: 0.0, 2025: 0.0, 2026: 0.0}",0.0,0.871295690536499,"[np.float32(0.96041256), np.float32(0.97281575), np.float32(0.6806588)]","{2023: 0.0, 2024: 0.0, 2025: 0.0, 2026: 0.0}",0.0,2025,"{'interest_coverage': np.float64(2.510658914728682), 'rating': 'Adequate', 'debt_to_ebitda': np.float64(5.994829612220917), 'debt_ebitda_rating': 'Distressed'}","{'additional_debt_capacity_usd': None, 'assumptions': 'Maintain interest coverage >= 3.0x'}","{'free_cash_flow_usd': np.float64(-1005000000.0), 'fcf_margin': np.float64(-0.06660039761431412), 'fcf_margin_rating': 'Breakeven', 'ocf_to_debt': np.float64(0.14505253253881134), 'ocf_to_debt_rating': 'Strong'}","{'current_ratio': np.float64(0.5651678998292544), 'rating': 'Weak', 'cash_and_equiv_usd': np.float64(57000000.0)}","{'revenue_growth_yoy': np.float64(0.12010095011876484), 'ebitda_growth_yoy': np.float64(0.038818359375)}",Challenging – improvement needed,"{2023: 0.5, 2024: 0.5, 2025: 0.5}","{2024: np.float64(-0.20083432657926104), 2025: np.float64(-0.1674937965260546)}",
120,FISV,"{2023: 0.005104083266613291, 2024: 0.007807417046193884, 2025: 0.0074415308291991495, 2026: 0.007931262392597489}",0.000811565116096,0.8278484344482422,"[np.float32(0.9921888), np.float32(0.7404704), np.float32(0.75088596)]","{2023: 0.004603682946357086, 2024: 0.005855562784645413, 2025: 0.007087172218284904, 2026: 0.005948446794448116}",0.0005265900977914,2025,"{'interest_coverage': np.float64(3.7851077726975833), 'rating': 'Strong', 'debt_to_ebitda': np.float64(2.9168155426529703), 'debt_ebitda_rating': 'Elevated'}","{'additional_debt_capacity_usd': None, 'assumptions': 'Maintain interest coverage >= 3.0x'}","{'free_cash_flow_usd': np.float64(4299000000.0), 'fcf_margin': np.float64(0.20284999764073042), 'fcf_margin_rating': 'Exceptional', 'ocf_to_debt': np.float64(0.2320560425678521), 'ocf_to_debt_rating': 'Very Strong'}","{'current_ratio': np.float64(1.03197990791126), 'rating': 'Adequate', 'cash_and_equiv_usd': np.float64(798000000.0)}","{'revenue_growth_yoy': np.float64(0.03602854908095424), 'ebitda_growth_yoy': np.float64(0.013236791492250254)}",Feasible – strong financial health,"{2023: np.float64(0.5487427939660847), 2024: np.float64(0.361718664350717), 2025: np.float64(0.35087293435050093)}","{2024: np.float64(-0.1304034582132565), 2025: np.float64(-0.12364563416188655)}",-1.0
121,F,"{2023: 0.001949317738791423, 2024: 0.002066115702479339, 2025: 0.002967359050445104, 2026: 0.0019704433497536944}",9.646201808529236e-05,0.9852921962738036,"[np.float32(0.96825933), np.float32(0.99135524), np.float32(0.9962621)]","{2023: 0.001949317738791423, 2024: 0.002066115702479339, 2025: 0.0019782393669634025, 2026: 0.0019704433497536944}",-2.4499502629209984e-06,2025,"{'interest_coverage': np.float64(-7.874718679669917), 'rating': 'Critical (default risk)', 'debt_to_ebitda': np.float64(29.146234194612425), 'debt_ebitda_rating': 'Distressed'}","{'additional_debt_capacity_usd': None, 'assumptions': 'Maintain interest coverage >= 3.0x'}","{'free_cash_flow_usd': np.float64(12467000000.0), 'fcf_margin': np.float64(0.06657339520577571), 'fcf_margin_rating': 'Moderate', 'ocf_to_debt': np.float64(0.20070920648094007), 'ocf_to_debt_rating': 'Very Strong'}","{'current_ratio': np.float64(1.0748280964400732), 'rating': 'Adequate', 'cash_and_equiv_usd': np.float64(23356000000.0)}","{'revenue_growth_yoy': np.float64(0.01229782909531223), 'ebitda_growth_yoy': np.float64(-0.7444506883956168)}",Infeasible – high risk of distress,"{2023: np.float64(0.34579798579216003), 2024: np.float64(0.26817466877400875), 2025: np.float64(0.2615562044084072)}","{2024: np.float64(-0.054395337542496355), 2025: np.float64(-0.015085214187010594)}",-1.0
122,FTNT,"{2023: 0.004106214070626882, 2024: 0.005449591280653951, 2025: 0.0050275548680266844, 2026: 0.005122950819672131}",0.0002628173834508,0.8963654637336731,"[np.float32(0.7330459), np.float32(0.96942), np.float32(0.98663056)]","{2023: 0.010584907382060407, 2024: 0.011527981555229511, 2025: 0.009958425988591318, 2026: 0.009687034277198211}",-0.0004263174881227,2025,"{'interest_coverage': np.float64(114.54228855721394), 'rating': 'Very Strong', 'debt_to_ebitda': np.float64(0.2023387523937579), 'debt_ebitda_rating': 'Conservative'}","{'additional_debt_capacity_usd': None, 'assumptions': 'Maintain interest coverage >= 3.0x'}","{'free_cash_flow_usd': np.float64(2225800000.0), 'fcf_margin': np.float64(0.3273427848696982), 'fcf_margin_rating': 'Exceptional', 'ocf_to_debt': np.float64(5.216673378977044), 'ocf_to_debt_rating': 'Very Strong'}","{'current_ratio': np.float64(1.1720699245133095), 'rating': 'Adequate', 'cash_and_equiv_usd': np.float64(2495300000.0)}","{'revenue_growth_yoy': np.float64(0.14167702071929883), 'ebitda_growth_yoy': np.float64(0.11493208558579021)}",Feasible – strong financial health,"{2023: np.float64(0.586731405928731), 2024: np.float64(0.5259777105945561), 2025: np.float64(0.5103813758718648)}","{2024: np.float64(-0.8564429201371877), 2025: np.float64(0.03721298495645289)}",-1.0
123,FTV,"{2023: 0.003994038748137109, 2024: 0.0064979816875061535, 2025: 0.0056508577194752775, 2026: 0.004506699147381242}",6.908572297002074e-05,0.8644744753837585,"[np.float32(0.79100573), np.float32(0.9687014), np.float32(0.8337161)]","{2023: 0.004828614008941878, 2024: 0.0064979816875061535, 2025: 0.007870837537840566, 2026: 0.006942752740560293}",0.0007715272045192,2025,"{'interest_coverage': np.float64(5.997510373443983), 'rating': 'Very Strong', 'debt_to_ebitda': np.float64(1.987847970352495), 'debt_ebitda_rating': 'Moderate'}","{'additional_debt_capacity_usd': None, 'assumptions': 'Maintain interest coverage >= 3.0x'}","{'free_cash_flow_usd': np.float64(nan), 'fcf_margin': np.float64(nan), 'fcf_margin_rating': 'Exceptional', 'ocf_to_debt': np.float64(0.46962930847604595), 'ocf_to_debt_rating': 'Very Strong'}","{'current_ratio': np.float64(0.714724472536277), 'rating': 'Weak', 'cash_and_equiv_usd': np.float64(375500000.0)}","{'revenue_growth_yoy': np.float64(0.019162439657918598), 'ebitda_growth_yoy': np.float64(0.0644954128440367)}",Marginally feasible – monitor key risks,"{2023: np.float64(0.6653574886675699), 2024: np.float64(0.6415154817322753), 2025: np.float64(0.6846692542678543)}","{2024: np.float64(-0.11688311688311688), 2025: np.float64(nan)}",
124,FOXA,"{2022: 0.005950132225160559, 2023: 0.005928853754940711, 2024: 0.005914243469689502, 2025: 0.007995735607675906}",0.0006122199862295,0.8621006011962891,"[np.float32(0.88532126), np.float32(0.99999976), np.float32(0.7009808)]","{2022: 0.0014166981488477521, 2023: 0.002173913043478261, 2024: 0.0018728437654016758, 2025: 0.0013326226012793177}",-5.532959207822926e-05,2025,"{'interest_coverage': np.float64(8.595533498759306), 'rating': 'Very Strong', 'debt_to_ebitda': np.float64(1.7152507144712912), 'debt_ebitda_rating': 'Moderate'}","{'additional_debt_capacity_usd': None, 'assumptions': 'Maintain interest coverage >= 3.0x'}","{'free_cash_flow_usd': np.float64(2993000000.0), 'fcf_margin': np.float64(0.1836196319018405), 'fcf_margin_rating': 'Excellent', 'ocf_to_debt': np.float64(0.5034837927900636), 'ocf_to_debt_rating': 'Very Strong'}","{'current_ratio': np.float64(2.9095616154642734), 'rating': 'Very Strong', 'cash_and_equiv_usd': np.float64(5351000000.0)}","{'revenue_growth_yoy': np.float64(0.1659513590844063), 'ebitda_growth_yoy': np.float64(0.3281573498964803)}",Feasible – strong financial health,"{2022: np.float64(0.7508243511260395), 2023: np.float64(0.7360923833830256), 2024: np.float64(0.7334534840877441), 2025: np.float64(0.7339482274073273)}","{2023: np.float64(-0.16286644951140064), 2024: np.float64(0.03361344537815126), 2025: np.float64(0.04057971014492753)}",-0.993816398165974
125,FOX,"{2022: 0.005950132225160559, 2023: 0.005928853754940711, 2024: 0.005914243469689502, 2025: 0.007995735607675906}",0.0006122199862295,0.8621006011962891,"[np.float32(0.88532126), np.float32(0.99999976), np.float32(0.7009808)]","{2022: 0.0014166981488477521, 2023: 0.002173913043478261, 2024: 0.0018728437654016758, 2025: 0.0013326226012793177}",-5.532959207822926e-05,2025,"{'interest_coverage': np.float64(8.595533498759306), 'rating': 'Very Strong', 'debt_to_ebitda': np.float64(1.7152507144712912), 'debt_ebitda_rating': 'Moderate'}","{'additional_debt_capacity_usd': None, 'assumptions': 'Maintain interest coverage >= 3.0x'}","{'free_cash_flow_usd': np.float64(2993000000.0), 'fcf_margin': np.float64(0.1836196319018405), 'fcf_margin_rating': 'Excellent', 'ocf_to_debt': np.float64(0.5034837927900636), 'ocf_to_debt_rating': 'Very Strong'}","{'current_ratio': np.float64(2.9095616154642734), 'rating': 'Very Strong', 'cash_and_equiv_usd': np.float64(5351000000.0)}","{'revenue_growth_yoy': np.float64(0.1659513590844063), 'ebitda_growth_yoy': np.float64(0.3281573498964803)}",Feasible – strong financial health,"{2022: np.float64(0.7508243511260395), 2023: np.float64(0.7360923833830256), 2024: np.float64(0.7334534840877441), 2025: np.float64(0.7339482274073273)}","{2023: np.float64(-0.16286644951140064), 2024: np.float64(0.03361344537815126), 2025: np.float64(0.04057971014492753)}",-0.993816398165974
126,GRMN,"{2024: 0.004621848739495798, 2025: 0.004562773413613058, 2026: 0.0041413459374296645}",-0.000240251401033,0.9977197647094728,"[np.float32(0.9998214), np.float32(0.99561816)]","{2024: 0.004201680672268907, 2025: 0.0037160731925302225, 2026: 0.003961287418410984}",-0.0001201966269289,2025,"{'interest_coverage': None, 'rating': 'N/A', 'debt_to_ebitda': None, 'debt_ebitda_rating': 'N/A'}","{'additional_debt_capacity_usd': None, 'assumptions': 'Maintain interest coverage >= 3.0x'}","{'free_cash_flow_usd': np.float64(1362913000.0), 'fcf_margin': np.float64(0.18810426140625675), 'fcf_margin_rating': 'Excellent', 'ocf_to_debt': None, 'ocf_to_debt_rating': 'N/A'}","{'current_ratio': np.float64(3.6325337733151715), 'rating': 'Very Strong', 'cash_and_equiv_usd': np.float64(2278646000.0)}","{'revenue_growth_yoy': np.float64(0.15064802491002324), 'ebitda_growth_yoy': np.float64(0.16412090009240418)}",Marginally feasible – monitor key risks,"{2024: np.float64(0.4252316313467815), 2025: np.float64(0.4313293249464371)}",{2025: np.float64(-0.39714110068140374)},
127,IT,"{2023: 0.007880220646178092, 2024: 0.007106598984771574, 2025: 0.00724881995954147, 2026: 0.00718369740507257}",-0.0001947348748547,0.9966940879821776,"[np.float32(0.9948477), np.float32(0.9963575), np.float32(0.99887705)]","{2023: 0.006304176516942475, 2024: 0.006598984771573604, 2025: 0.006237356709372893, 2026: 0.002492303181351708}",-0.0011797248068979,2025,"{'interest_coverage': np.float64(8.727819152757489), 'rating': 'Very Strong', 'debt_to_ebitda': np.float64(2.3008926307717994), 'debt_ebitda_rating': 'Elevated'}","{'additional_debt_capacity_usd': None, 'assumptions': 'Maintain interest coverage >= 3.0x'}","{'free_cash_flow_usd': np.float64(1175223000.0), 'fcf_margin': np.float64(0.1808807327927334), 'fcf_margin_rating': 'Excellent', 'ocf_to_debt': np.float64(0.4334922131210875), 'ocf_to_debt_rating': 'Very Strong'}","{'current_ratio': np.float64(0.9985867215180797), 'rating': 'Marginal', 'cash_and_equiv_usd': np.float64(1722521000.0)}","{'revenue_growth_yoy': np.float64(0.03666825105294674), 'ebitda_growth_yoy': np.float64(-0.24816778876468487)}",Feasible – strong financial health,"{2023: np.float64(0.6182630254036706), 2024: np.float64(0.6405813651159405), 2025: np.float64(0.617248707410434)}","{2024: np.float64(0.013449827392265622), 2025: np.float64(-0.1317613061128203)}",-1.0
128,GEHC,"{2023: 0.006864274570982839, 2024: 0.006937436932391523, 2025: 0.0052547406899703, 2026: 0.005548037889039242}",-0.0005631406288254,0.8864830136299133,"[np.float32(0.822703), np.float32(0.93864775), np.float32(0.89809835)]","{2023: 0.005304212168486739, 2024: 0.003910191725529768, 2025: 0.0052547406899703, 2026: 0.004736129905277402}",-3.596978251868124e-05,2025,"{'interest_coverage': np.float64(7.290909090909091), 'rating': 'Very Strong', 'debt_to_ebitda': np.float64(2.507923930269414), 'debt_ebitda_rating': 'Elevated'}","{'additional_debt_capacity_usd': None, 'assumptions': 'Maintain interest coverage >= 3.0x'}","{'free_cash_flow_usd': np.float64(1505000000.0), 'fcf_margin': np.float64(0.07296969696969698), 'fcf_margin_rating': 'Moderate', 'ocf_to_debt': np.float64(0.20926803580832018), 'ocf_to_debt_rating': 'Very Strong'}","{'current_ratio': np.float64(1.3729818780889622), 'rating': 'Good', 'cash_and_equiv_usd': np.float64(4492000000.0)}","{'revenue_growth_yoy': np.float64(0.048444489629930865), 'ebitda_growth_yoy': np.float64(0.03273322422258593)}",Feasible – strong financial health,"{2023: np.float64(0.640587626557265), 2024: np.float64(0.6724863200197144), 2025: np.float64(0.7049262983216481)}","{2024: np.float64(-0.03617571059431524), 2025: np.float64(-0.20199501246882792)}",-1.0
129,GEN,"{2022: 0.0044091046126017485, 2023: 0.005018292485511704, 2024: 0.005292689721039436, 2025: 0.005061783534315915}",0.000223243400067,0.9794337153434752,"[np.float32(0.9603871), np.float32(0.9845416), np.float32(0.9933723)]","{2022: 0.0020726560144709075, 2023: 0.0012950432220675365, 2024: 0.0014724024035974372, 2025: 0.0013771028733065357}",-0.0001909300241963,2025,"{'interest_coverage': np.float64(2.7802768166089966), 'rating': 'Adequate', 'debt_to_ebitda': np.float64(3.932872655478776), 'debt_ebitda_rating': 'High'}","{'additional_debt_capacity_usd': None, 'assumptions': 'Maintain interest coverage >= 3.0x'}","{'free_cash_flow_usd': np.float64(1206000000.0), 'fcf_margin': np.float64(0.3064803049555273), 'fcf_margin_rating': 'Exceptional', 'ocf_to_debt': np.float64(0.1532379518072289), 'ocf_to_debt_rating': 'Strong'}","{'current_ratio': np.float64(0.5064889512451771), 'rating': 'Weak', 'cash_and_equiv_usd': np.float64(1006000000.0)}","{'revenue_growth_yoy': np.float64(0.035526315789473684), 'ebitda_growth_yoy': np.float64(0.2654590880699563)}",Marginally feasible – monitor key risks,"{2022: np.float64(0.6921217770073308), 2023: np.float64(0.6623331333963788), 2024: np.float64(0.6726396085475298), 2025: np.float64(0.7033387705306994)}","{2023: np.float64(0.0), 2024: np.float64(-2.3333333333333335), 2025: np.float64(0.25)}",0.7056603165615216
130,GNRC,"{2023: 0.004946858010481461, 2024: 0.005464719769170237, 2025: 0.005544354838709678, 2026: 0.005403105722186769}",0.0001448378204655,0.933594524860382,"[np.float32(0.9416745), np.float32(0.8723661), np.float32(0.9867431)]","{2023: 0.003134642699711025, 2024: 0.0035411384104223134, 2025: 0.003803152492668622, 2026: 0.0042969580940225485}",0.0003748960265182,2025,"{'interest_coverage': np.float64(3.8156781758773355), 'rating': 'Strong', 'debt_to_ebitda': np.float64(2.537288631745704), 'debt_ebitda_rating': 'Elevated'}","{'additional_debt_capacity_usd': None, 'assumptions': 'Maintain interest coverage >= 3.0x'}","{'free_cash_flow_usd': np.float64(268128000.0), 'fcf_margin': np.float64(0.06370126773904547), 'fcf_margin_rating': 'Moderate', 'ocf_to_debt': np.float64(0.37154437887893155), 'ocf_to_debt_rating': 'Very Strong'}","{'current_ratio': np.float64(2.0261538689393803), 'rating': 'Very Strong', 'cash_and_equiv_usd': np.float64(341413000.0)}","{'revenue_growth_yoy': np.float64(-0.020179317915915745), 'ebitda_growth_yoy': np.float64(-0.3075289267407839)}",Feasible – strong financial health,"{2023: np.float64(0.4844612396441232), 2024: np.float64(0.46256234306105953), 2025: np.float64(0.4604183915156894)}","{2024: np.float64(-0.05945296761196343), 2025: np.float64(-0.24220195563616684)}",1.0
131,GM,"{2023: 0.006644352300544537, 2024: 0.006532960988406533, 2025: 0.006412353595498266, 2026: 0.0060565495624918374}",-0.0001884015607067,0.9071552753448486,"[np.float32(0.9917147), np.float32(0.9341898), np.float32(0.79556125)]","{2023: 0.003946645351451266, 2024: 0.002843361259202843, 2025: 0.002895373944906105, 2026: 0.0027589134125636672}",-0.000351118313096,2025,"{'interest_coverage': np.float64(5.287482806052269), 'rating': 'Very Strong', 'debt_to_ebitda': np.float64(5.132866753472222), 'debt_ebitda_rating': 'Distressed'}","{'additional_debt_capacity_usd': None, 'assumptions': 'Maintain interest coverage >= 3.0x'}","{'free_cash_flow_usd': np.float64(1771000000.0), 'fcf_margin': np.float64(0.009571989903739616), 'fcf_margin_rating': 'Weak', 'ocf_to_debt': np.float64(0.2839793254341553), 'ocf_to_debt_rating': 'Very Strong'}","{'current_ratio': np.float64(1.165252512266718), 'rating': 'Adequate', 'cash_and_equiv_usd': np.float64(20945000000.0)}","{'revenue_growth_yoy': np.float64(-0.012926665315137482), 'ebitda_growth_yoy': np.float64(-0.1527075480371426)}",Challenging – improvement needed,"{2023: np.float64(0.4312815864490611), 2024: np.float64(0.6227272370676558), 2025: np.float64(0.6191210634265814)}","{2024: np.float64(-0.06091019910605445), 2025: np.float64(0.03879888161170478)}",1.0
132,GILD,"{2023: 0.006011724730219185, 2024: 0.006585765386286899, 2025: 0.006719328722671999, 2026: 0.006789587154487241}",0.000246715060919,0.9408698081970216,"[np.float32(0.9445478), np.float32(0.88524973), np.float32(0.99281204)]","{2023: 0.006795862738508645, 2024: 0.006886637916624879, 2025: 0.007407650201579861, 2026: 0.007014834121697719}",0.0001177926434522,2025,"{'interest_coverage': np.float64(10.56640625), 'rating': 'Very Strong', 'debt_to_ebitda': np.float64(1.6295287187039764), 'debt_ebitda_rating': 'Moderate'}","{'additional_debt_capacity_usd': None, 'assumptions': 'Maintain interest coverage >= 3.0x'}","{'free_cash_flow_usd': np.float64(9456000000.0), 'fcf_margin': np.float64(0.32117383329936827), 'fcf_margin_rating': 'Exceptional', 'ocf_to_debt': np.float64(0.45275430430656605), 'ocf_to_debt_rating': 'Very Strong'}","{'current_ratio': np.float64(1.5526961821721832), 'rating': 'Strong', 'cash_and_equiv_usd': np.float64(7564000000.0)}","{'revenue_growth_yoy': np.float64(0.02392710579397649), 'ebitda_growth_yoy': np.float64(2.0626973387460534)}",Feasible – strong financial health,"{2023: np.float64(0.5659906747539274), 2024: np.float64(0.5704205457533148), 2025: np.float64(0.5567260222045876)}","{2024: np.float64(0.10598290598290598), 2025: np.float64(-0.07648183556405354)}",-1.0
133,GL,"{2023: 0.005747903705707331, 2024: 0.0052367605841569555, 2025: 0.00536230861497213, 2026: 0.005075083426028921}",-0.000189291280822,0.7829578518867493,"[np.float32(0.67980903), np.float32(0.6860158), np.float32(0.98304874)]","{2023: 0.009129023532593995, 2024: 0.009735949255052367, 2025: 0.009384040076201227, 2026: 0.008620689655172414}",-0.0001876910811117,2025,"{'interest_coverage': np.float64(11.168282337612679), 'rating': 'Very Strong', 'debt_to_ebitda': None, 'debt_ebitda_rating': 'N/A'}","{'additional_debt_capacity_usd': None, 'assumptions': 'Maintain interest coverage >= 3.0x'}","{'free_cash_flow_usd': np.float64(1253907000.0), 'fcf_margin': np.float64(0.20918259591833466), 'fcf_margin_rating': 'Exceptional', 'ocf_to_debt': np.float64(0.6016870095695739), 'ocf_to_debt_rating': 'Very Strong'}","{'current_ratio': None, 'rating': 'N/A', 'cash_and_equiv_usd': np.float64(144704000.0)}","{'revenue_growth_yoy': np.float64(0.03742582513292936), 'ebitda_growth_yoy': None}",Marginally feasible – monitor key risks,"{2023: np.float64(0.563595243714868), 2024: np.float64(0.685858696261991), 2025: np.float64(0.6659308942737725)}","{2024: np.float64(-0.43371743385869677), 2025: np.float64(-1.0055457808431276)}",-1.0
134,GDDY,"{2023: 0.0076706724622858605, 2024: 0.008097721657974196, 2025: 0.006446776611694153, 2026: 0.007008964955175224}",-0.0003636067567614,0.9802940487861632,"[np.float32(0.9798114), np.float32(0.96760195), np.float32(0.99346876)]","{2023: 0.009716185118895423, 2024: 0.006587976942080703, 2025: 0.0074962518740629685, 2026: 0.006030969845150775}",-0.0010147370889254,2025,"{'interest_coverage': np.float64(7.754966887417218), 'rating': 'Very Strong', 'debt_to_ebitda': np.float64(2.9242000621310966), 'debt_ebitda_rating': 'Elevated'}","{'additional_debt_capacity_usd': None, 'assumptions': 'Maintain interest coverage >= 3.0x'}","{'free_cash_flow_usd': np.float64(1575500000.0), 'fcf_margin': np.float64(0.31821211447961056), 'fcf_margin_rating': 'Exceptional', 'ocf_to_debt': np.float64(0.42478487198555187), 'ocf_to_debt_rating': 'Very Strong'}","{'current_ratio': np.float64(0.614555166082457), 'rating': 'Weak', 'cash_and_equiv_usd': np.float64(1080900000.0)}","{'revenue_growth_yoy': np.float64(0.08263360447826468), 'ebitda_growth_yoy': np.float64(0.2158640226628895)}",Feasible – strong financial health,"{2023: np.float64(0.5834847418949581), 2024: np.float64(0.5593293319371614), 2025: np.float64(0.5855047382505202)}","{2024: np.float64(0.6563307493540051), 2025: np.float64(0.10150375939849623)}",1.0
135,GS,"{2024: 0.005432221257596428, 2025: 0.005361402818425519, 2026: 0.005046375254070977}",-0.0001929230017627,0.9995253682136536,"[np.float32(0.9993119), np.float32(0.9997388)]","{2024: 0.002753317623713258, 2025: 0.0023855783182902537, 2026: 0.0026400018690278717}",-5.6657877342675184e-05,2025,"{'interest_coverage': None, 'rating': 'N/A', 'debt_to_ebitda': None, 'debt_ebitda_rating': 'N/A'}","{'additional_debt_capacity_usd': None, 'assumptions': 'Maintain interest coverage >= 3.0x'}","{'free_cash_flow_usd': np.float64(-47218000000.0), 'fcf_margin': np.float64(-0.8101504726935813), 'fcf_margin_rating': 'Breakeven', 'ocf_to_debt': np.float64(-0.15243811864475443), 'ocf_to_debt_rating': 'Cannot cover interest'}","{'current_ratio': None, 'rating': 'N/A', 'cash_and_equiv_usd': np.float64(164259000000.0)}","{'revenue_growth_yoy': np.float64(0.08915757213335326), 'ebitda_growth_yoy': None}",Infeasible – high risk of distress,"{2024: np.float64(0.688513711404009), 2025: np.float64(0.684540737382918)}",{2025: np.float64(0.01291248206599713)},
136,HAL,"{2023: 0.005045871559633028, 2024: 0.005424020662935859, 2025: 0.0056579511358765535, 2026: 0.005900484368119771}",0.0002797768898402,0.7699752449989319,"[np.float32(0.9028431), np.float32(0.98221576), np.float32(0.42486694)]","{2023: 0.0022935779816513763, 2024: 0.002152389151958674, 2025: 0.002228889841405915, 2026: 0.0021136063408190224}",-4.6341423304997096e-05,2025,"{'interest_coverage': np.float64(6.03125), 'rating': 'Very Strong', 'debt_to_ebitda': np.float64(2.196379257440933), 'debt_ebitda_rating': 'Elevated'}","{'additional_debt_capacity_usd': None, 'assumptions': 'Maintain interest coverage >= 3.0x'}","{'free_cash_flow_usd': np.float64(1672000000.0), 'fcf_margin': np.float64(0.07536963577353047), 'fcf_margin_rating': 'Moderate', 'ocf_to_debt': np.float64(0.4087734003911707), 'ocf_to_debt_rating': 'Very Strong'}","{'current_ratio': np.float64(2.039727988546886), 'rating': 'Very Strong', 'cash_and_equiv_usd': np.float64(2206000000.0)}","{'revenue_growth_yoy': np.float64(-0.033124128312412834), 'ebitda_growth_yoy': np.float64(-0.3015430775825118)}",Feasible – strong financial health,"{2023: np.float64(0.48124638099509937), 2024: np.float64(0.5042890764276187), 2025: np.float64(0.5024531034654692)}","{2024: np.float64(-0.04568527918781726), 2025: np.float64(0.130374479889043)}",1.0
137,HIG,"{2023: 0.0046364785903782735, 2024: 0.004794738339497598, 2025: 0.004680173560081181, 2026: 0.004872494240394036}",5.9348217063107467e-05,0.9563140273094176,"[np.float32(0.8689415), np.float32(1.0000002), np.float32(1.0000002)]","{2023: 0.0052811226724629535, 2024: 0.005505999698759895, 2025: 0.005817411995241094, 2026: 0.005914078154101457}",0.0002210278741397,2025,"{'interest_coverage': np.float64(24.91959798994975), 'rating': 'Very Strong', 'debt_to_ebitda': None, 'debt_ebitda_rating': 'N/A'}","{'additional_debt_capacity_usd': None, 'assumptions': 'Maintain interest coverage >= 3.0x'}","{'free_cash_flow_usd': np.float64(5753000000.0), 'fcf_margin': np.float64(0.20494460475223542), 'fcf_margin_rating': 'Exceptional', 'ocf_to_debt': np.float64(1.3548387096774193), 'ocf_to_debt_rating': 'Very Strong'}","{'current_ratio': None, 'rating': 'N/A', 'cash_and_equiv_usd': np.float64(133000000.0)}","{'revenue_growth_yoy': np.float64(0.06394026682838083), 'ebitda_growth_yoy': None}",Marginally feasible – monitor key risks,"{2023: np.float64(0.6298952892785205), 2024: np.float64(0.6594915111831021), 2025: np.float64(0.6614299235887318)}","{2024: np.float64(0.32558139534883723), 2025: np.float64(-0.16551724137931034)}",-1.0
138,HCA,"{2023: 0.004246284501061571, 2024: 0.004547579582642697, 2025: 0.0044234739015039815, 2026: 0.004926801801801802}",0.0001917446221082,0.9507073760032654,"[np.float32(0.957388), np.float32(0.9462328), np.float32(0.9485014)]","{2023: 0.001019108280254777, 2024: 0.0008925156190233329, 2025: 0.0008425664574293298, 2026: 0.0009384384384384384}",-2.9195868704307935e-05,2025,"{'interest_coverage': np.float64(5.3736654804270465), 'rating': 'Very Strong', 'debt_to_ebitda': np.float64(2.6663462154713837), 'debt_ebitda_rating': 'Elevated'}","{'additional_debt_capacity_usd': None, 'assumptions': 'Maintain interest coverage >= 3.0x'}","{'free_cash_flow_usd': np.float64(7692000000.0), 'fcf_margin': np.float64(0.10174603174603175), 'fcf_margin_rating': 'Good', 'ocf_to_debt': np.float64(0.3037280965315001), 'ocf_to_debt_rating': 'Very Strong'}","{'current_ratio': np.float64(0.9653211009174312), 'rating': 'Marginal', 'cash_and_equiv_usd': np.float64(1040000000.0)}","{'revenue_growth_yoy': np.float64(0.07077602934719487), 'ebitda_growth_yoy': np.float64(0.12284110535405872)}",Feasible – strong financial health,"{2023: np.float64(0.7863805228965236), 2024: np.float64(0.7965366175267726), 2025: np.float64(0.7905903179807211)}","{2024: np.float64(-0.02761382799325464), 2025: np.float64(-0.014153846153846154)}",1.0
139,DOC,"{2023: 0.0036426554958564794, 2024: 0.004365317127450141, 2025: 0.004204347136284309, 2026: 0.004286800802046601}",0.0001771465927404,0.921867609024048,"[np.float32(0.9735069), np.float32(0.8266072), np.float32(0.9654887)]","{2023: 0.0021855932975138877, 2024: 0.0023110502439441924, 2025: 0.0020625099159130573, 2026: 0.0035262393694254304}",0.0003773397887705,2025,"{'interest_coverage': np.float64(1.9315678063294208), 'rating': 'Marginal', 'debt_to_ebitda': np.float64(5.319933969813212), 'debt_ebitda_rating': 'Distressed'}","{'additional_debt_capacity_usd': None, 'assumptions': 'Maintain interest coverage >= 3.0x'}","{'free_cash_flow_usd': None, 'fcf_margin': None, 'fcf_margin_rating': 'N/A', 'ocf_to_debt': np.float64(0.14277029514277725), 'ocf_to_debt_rating': 'Strong'}","{'current_ratio': np.float64(0.7200019455478734), 'rating': 'Weak', 'cash_and_equiv_usd': np.float64(467457000.0)}","{'revenue_growth_yoy': np.float64(0.045201001759337056), 'ebitda_growth_yoy': np.float64(0.023301421713269717)}",Infeasible – high risk of distress,,,
140,HPE,"{2022: 0.004372950179603311, 2023: 0.005808533524560774, 2024: 0.004990088181010322, 2025: 0.005451076587626056}",0.0002415933880517,0.982604205608368,"[np.float32(0.96477914), np.float32(0.9891337), np.float32(0.99389964)]","{2022: 0.0031235358425737935, 2023: 0.0026532807457870203, 2024: 0.002324150659648643, 2025: 0.0023167075497410737}",-0.0002749614964636,2025,"{'interest_coverage': np.float64(nan), 'rating': 'Very Strong', 'debt_to_ebitda': np.float64(4.0529559461310205), 'debt_ebitda_rating': 'Very High'}","{'additional_debt_capacity_usd': None, 'assumptions': 'Maintain interest coverage >= 3.0x'}","{'free_cash_flow_usd': np.float64(627000000.0), 'fcf_margin': np.float64(0.018282015395381386), 'fcf_margin_rating': 'Weak', 'ocf_to_debt': np.float64(0.164395134039198), 'ocf_to_debt_rating': 'Strong'}","{'current_ratio': np.float64(1.0142433956904597), 'rating': 'Adequate', 'cash_and_equiv_usd': np.float64(5773000000.0)}","{'revenue_growth_yoy': np.float64(0.13838085438311148), 'ebitda_growth_yoy': np.float64(-0.13384737050217477)}",Infeasible – high risk of distress,"{2022: np.float64(0.5499018110780859), 2023: np.float64(0.6093041690905671), 2024: np.float64(0.6338353920062738), 2025: np.float64(0.6070641512503323)}","{2023: np.float64(0.09417040358744394), 2024: np.float64(0.163012729844413), 2025: np.float64(0.031685678073510776)}",-0.2573100280123185
141,HLT,"{2023: 0.004733432984554061, 2024: 0.004651687293845677, 2025: 0.004817245739748299, 2026: 0.004970894106874223}",8.779418128636039e-05,0.9773406982421876,"[np.float32(0.9848391), np.float32(0.9613358), np.float32(0.9858472)]","{2023: 0.0046227094059680006, 2024: 0.004989991824307181, 2025: 0.00596134160293852, 2026: 0.006180914382889659}",0.0005645964709398,2025,"{'interest_coverage': np.float64(4.341935483870968), 'rating': 'Strong', 'debt_to_ebitda': np.float64(4.300453119553851), 'debt_ebitda_rating': 'Very High'}","{'additional_debt_capacity_usd': None, 'assumptions': 'Maintain interest coverage >= 3.0x'}","{'free_cash_flow_usd': np.float64(1944000000.0), 'fcf_margin': np.float64(0.16147520558185896), 'fcf_margin_rating': 'Excellent', 'ocf_to_debt': np.float64(0.17255633003728318), 'ocf_to_debt_rating': 'Strong'}","{'current_ratio': np.float64(0.6645962732919255), 'rating': 'Weak', 'cash_and_equiv_usd': np.float64(918000000.0)}","{'revenue_growth_yoy': np.float64(0.07741184893502774), 'ebitda_growth_yoy': np.float64(0.14851881505204162)}",Marginally feasible – monitor key risks,"{2023: np.float64(0.4757081694584691), 2024: np.float64(0.49009066442137256), 2025: np.float64(0.5145025661215186)}","{2024: np.float64(0.19838056680161945), 2025: np.float64(0.06565656565656566)}",-1.0
142,HD,"{2023: 0.0058294081984796905, 2024: 0.005877528704209951, 2025: 0.0052414160707146985, 2026: 0.00624515462141442}",6.111266353092695e-05,0.7692417502403259,"[np.float32(0.40788832), np.float32(0.95665), np.float32(0.9431869)]","{2023: 0.0024716690761553885, 2024: 0.002505923090942227, 2025: 0.002487451694576467, 2026: 0.0026703419760530623}",5.775473033275363e-05,2026,"{'interest_coverage': np.float64(8.712271973466004), 'rating': 'Very Strong', 'debt_to_ebitda': np.float64(1.843684105828526), 'debt_ebitda_rating': 'Moderate'}","{'additional_debt_capacity_usd': None, 'assumptions': 'Maintain interest coverage >= 3.0x'}","{'free_cash_flow_usd': np.float64(12646000000.0), 'fcf_margin': np.float64(0.07678995403289957), 'fcf_margin_rating': 'Moderate', 'ocf_to_debt': np.float64(0.35227983858785955), 'ocf_to_debt_rating': 'Very Strong'}","{'current_ratio': np.float64(1.06066493955095), 'rating': 'Adequate', 'cash_and_equiv_usd': np.float64(1389000000.0)}","{'revenue_growth_yoy': np.float64(0.03240467921310982), 'ebitda_growth_yoy': np.float64(-0.013849654739485249)}",Marginally feasible – monitor key risks,"{2023: np.float64(0.4411361823054521), 2024: np.float64(0.4498572035683031), 2025: np.float64(0.4554258705354593), 2026: np.float64(0.46316855112090705)}","{2024: np.float64(-0.03430586726514909), 2025: np.float64(-0.08028518288902665), 2026: np.float64(-0.05566714490674318)}",-0.5723842865720808
143,HRL,"{2022: 0.004291845493562232, 2023: 0.0035300050428643467, 2024: 0.004732254047322541, 2025: 0.007002457002457003}",0.0009334083531143,0.756251335144043,"[np.float32(0.8077927), np.float32(0.80076283), np.float32(0.66019833)]","{2022: 0.007582260371959942, 2023: 0.008572869389813415, 2024: 0.011830635118306352, 2025: 0.009950859950859951}",0.0010363564465192,2025,"{'interest_coverage': np.float64(9.501614598016351), 'rating': 'Very Strong', 'debt_to_ebitda': np.float64(2.835500324252925), 'debt_ebitda_rating': 'Elevated'}","{'additional_debt_capacity_usd': None, 'assumptions': 'Maintain interest coverage >= 3.0x'}","{'free_cash_flow_usd': np.float64(534349000.0), 'fcf_margin': np.float64(0.04413860381822147), 'fcf_margin_rating': 'Weak', 'ocf_to_debt': np.float64(0.29649835939522473), 'ocf_to_debt_rating': 'Very Strong'}","{'current_ratio': np.float64(2.466443993174951), 'rating': 'Very Strong', 'cash_and_equiv_usd': np.float64(670679000.0)}","{'revenue_growth_yoy': np.float64(0.015549547568002375), 'ebitda_growth_yoy': np.float64(-0.2683212962235205)}",Feasible – strong financial health,"{2022: np.float64(0.48935241936649904), 2023: np.float64(0.4417510454716918), 2024: np.float64(0.47743334864243503), 2025: np.float64(0.4594463815235279)}","{2023: np.float64(0.03121706021124488), 2024: np.float64(0.05096017556650173), 2025: np.float64(-0.21237243654485827)}",-0.3409917917372992
144,HST,"{2023: 0.004827863670325881, 2024: 0.0050172278305023275, 2025: 0.004564315352697096, 2026: 0.004522865598302529}",-0.0001367906693876,0.9968402981758118,"[np.float32(0.99461424), np.float32(0.9968212), np.float32(0.99908555)]","{2023: 0.0022989827001551814, 2024: 0.00326422051623043, 2025: 0.003082394783639597, 2026: 0.0032944329666648054}",0.0002804525066938,2025,"{'interest_coverage': np.float64(4.480851063829787), 'rating': 'Strong', 'debt_to_ebitda': np.float64(2.2083333333333335), 'debt_ebitda_rating': 'Elevated'}","{'additional_debt_capacity_usd': None, 'assumptions': 'Maintain interest coverage >= 3.0x'}","{'free_cash_flow_usd': np.float64(866000000.0), 'fcf_margin': np.float64(0.1416421328099444), 'fcf_margin_rating': 'Good', 'ocf_to_debt': np.float64(0.3700073511394266), 'ocf_to_debt_rating': 'Very Strong'}","{'current_ratio': np.float64(0.7862648913805186), 'rating': 'Weak', 'cash_and_equiv_usd': np.float64(768000000.0)}","{'revenue_growth_yoy': np.float64(0.07565095003518649), 'ebitda_growth_yoy': np.float64(0.08833922261484099)}",Feasible – strong financial health,"{2023: np.float64(0.46957455742759285), 2024: np.float64(0.5007135114052667), 2025: np.float64(0.49991720740993817)}","{2024: np.float64(0.15170278637770898), 2025: np.float64(-0.17518248175182483)}",-1.0
145,HWM,"{2023: 0.004606661941885188, 2024: 0.004705030763662686, 2025: 0.005091371942903901, 2026: 0.004839238845144357}",0.0001084071889019,0.9937751293182372,"[np.float32(0.9993725), np.float32(0.98749167), np.float32(0.99446124)]","{2023: 0.001417434443656981, 2024: 0.0011762576909156715, 2025: 0.002363851259205382, 2026: 0.0036089238845144356}",0.0007762061890866,2025,"{'interest_coverage': np.float64(13.185430463576159), 'rating': 'Very Strong', 'debt_to_ebitda': np.float64(1.2572559366754616), 'debt_ebitda_rating': 'Moderate'}","{'additional_debt_capacity_usd': None, 'assumptions': 'Maintain interest coverage >= 3.0x'}","{'free_cash_flow_usd': np.float64(1431000000.0), 'fcf_margin': np.float64(0.1734125060591372), 'fcf_margin_rating': 'Excellent', 'ocf_to_debt': np.float64(0.6589716684155299), 'ocf_to_debt_rating': 'Very Strong'}","{'current_ratio': np.float64(2.13382269904009), 'rating': 'Very Strong', 'cash_and_equiv_usd': np.float64(742000000.0)}","{'revenue_growth_yoy': np.float64(0.11063257065948856), 'ebitda_growth_yoy': np.float64(0.23452768729641693)}",Feasible – strong financial health,"{2023: np.float64(0.48030464161884007), 2024: np.float64(0.4726585049703717), 2025: np.float64(0.5147523588985821)}","{2024: np.float64(-0.4657534246575342), 2025: np.float64(-0.411214953271028)}",-1.0
146,HPQ,"{2023: 0.008914525432616675, 2024: 0.008048595292331056, 2025: 0.007890168849613381}",-0.0005121782915016,0.8985003232955933,"[np.float32(0.7983639), np.float32(0.99863666)]","{2023: 0.004063974829575249, 2024: 0.005315110098709187, 2025: 0.005049708063752564}",0.0004928666170887,2025,"{'interest_coverage': np.float64(5.807207207207207), 'rating': 'Very Strong', 'debt_to_ebitda': np.float64(2.1311911089635176), 'debt_ebitda_rating': 'Elevated'}","{'additional_debt_capacity_usd': None, 'assumptions': 'Maintain interest coverage >= 3.0x'}","{'free_cash_flow_usd': np.float64(2800000000.0), 'fcf_margin': np.float64(0.05063748982728999), 'fcf_margin_rating': 'Moderate', 'ocf_to_debt': np.float64(0.4191134791973699), 'ocf_to_debt_rating': 'Very Strong'}","{'current_ratio': np.float64(0.7674140406042792), 'rating': 'Weak', 'cash_and_equiv_usd': np.float64(3690000000.0)}","{'revenue_growth_yoy': np.float64(0.032412853115256074), 'ebitda_growth_yoy': np.float64(-0.12234944868532655)}",Marginally feasible – monitor key risks,"{2023: np.float64(0.562972748093307), 2024: np.float64(0.5208000686076103), 2025: np.float64(0.49824868576151543)}","{2024: np.float64(0.0016863406408094434), 2025: np.float64(-0.5152027027027027)}",1.0
147,HUBB,"{2023: 0.0061250142840818195, 2024: 0.005828240871626471, 2025: 0.005820565999866194, 2026: 0.005229726868515774}",-0.0002693537118459,0.9849450588226318,"[np.float32(0.9871547), np.float32(0.96946394), np.float32(0.9982165)]","{2023: 0.0021254713747000343, 2024: 0.0021964639105756475, 2025: 0.0021854998773443947, 2026: 0.002286682193521067}",4.72668423232043e-05,2025,"{'interest_coverage': np.float64(18.458658346333852), 'rating': 'Very Strong', 'debt_to_ebitda': np.float64(1.4657021521629598), 'debt_ebitda_rating': 'Moderate'}","{'additional_debt_capacity_usd': None, 'assumptions': 'Maintain interest coverage >= 3.0x'}","{'free_cash_flow_usd': np.float64(874700000.0), 'fcf_margin': np.float64(0.1496595147657667), 'fcf_margin_rating': 'Good', 'ocf_to_debt': np.float64(0.5057211609291362), 'ocf_to_debt_rating': 'Very Strong'}","{'current_ratio': np.float64(1.7193610393053622), 'rating': 'Strong', 'cash_and_equiv_usd': np.float64(482500000.0)}","{'revenue_growth_yoy': np.float64(0.03839388824731278), 'ebitda_growth_yoy': np.float64(0.07472731492225575)}",Feasible – strong financial health,"{2023: np.float64(0.6477492431290129), 2024: np.float64(0.6678781782211836), 2025: np.float64(0.6744192155690215)}","{2024: np.float64(-0.08871454435727218), 2025: np.float64(0.1402439024390244)}",1.0
148,HUM,"{2023: 0.0036150022593764122, 2024: 0.004781235904375282, 2025: 0.004530120481927711, 2026: 0.004946576968737634}",0.0003743608705637,0.9405314326286316,"[np.float32(0.83664966), np.float32(0.9906281), np.float32(0.99431634)]","{2023: 0.00783250489531556, 2024: 0.007758231844835363, 2025: 0.008578313253012048, 2026: 0.007914523149980214}",0.0001066136172171,2025,"{'interest_coverage': np.float64(3.464342313787639), 'rating': 'Strong', 'debt_to_ebitda': None, 'debt_ebitda_rating': 'N/A'}","{'additional_debt_capacity_usd': None, 'assumptions': 'Maintain interest coverage >= 3.0x'}","{'free_cash_flow_usd': np.float64(375000000.0), 'fcf_margin': np.float64(0.002892090325765054), 'fcf_margin_rating': 'Weak', 'ocf_to_debt': np.float64(0.07446034440941063), 'ocf_to_debt_rating': 'Adequate'}","{'current_ratio': None, 'rating': 'N/A', 'cash_and_equiv_usd': np.float64(4200000000.0)}","{'revenue_growth_yoy': np.float64(0.10107760633826139), 'ebitda_growth_yoy': None}",Challenging – improvement needed,"{2023: np.float64(0.4855541941123428), 2024: np.float64(0.5172068028089901), 2025: np.float64(0.5435976310796344)}","{2024: np.float64(0.42729083665338646), 2025: np.float64(0.050434782608695654)}",-1.0
149,HII,"{2023: 0.007228418009087154, 2024: 0.007454739084132056, 2025: 0.007738693467336684, 2026: 0.007814065317571629}",0.0002040896308658,0.7303628921508789,"[np.float32(0.77051544), np.float32(0.6230997), np.float32(0.79747355)]","{2023: 0.0015833677543714718, 2024: 0.0016458514861070772, 2025: 0.0016080402010050252, 2026: 0.002003606491685033}",0.0001222904926839,2025,"{'interest_coverage': np.float64(8.4), 'rating': 'Very Strong', 'debt_to_ebitda': np.float64(2.2295623451692816), 'debt_ebitda_rating': 'Elevated'}","{'additional_debt_capacity_usd': None, 'assumptions': 'Maintain interest coverage >= 3.0x'}","{'free_cash_flow_usd': np.float64(794000000.0), 'fcf_margin': np.float64(0.06360140980454983), 'fcf_margin_rating': 'Moderate', 'ocf_to_debt': np.float64(0.44296296296296295), 'ocf_to_debt_rating': 'Very Strong'}","{'current_ratio': np.float64(1.1333333333333333), 'rating': 'Adequate', 'cash_and_equiv_usd': np.float64(774000000.0)}","{'revenue_growth_yoy': np.float64(0.08227134807108799), 'ebitda_growth_yoy': np.float64(0.13815789473684212)}",Marginally feasible – monitor key risks,"{2023: np.float64(0.646558481488974), 2024: np.float64(0.6926331018568367), 2025: np.float64(0.6965502663669023)}","{2024: np.float64(-0.2568493150684932), 2025: np.float64(-0.09536784741144415)}",1.0
150,IBM,"{2023: 0.0, 2024: 0.0, 2025: 0.0, 2026: 0.0}",0.0,0.9895376563072203,"[np.float32(0.96861297), np.float32(1.0), np.float32(1.0)]","{2023: 0.0, 2024: 0.0, 2025: 0.0, 2026: 0.0}",0.0,2025,"{'interest_coverage': np.float64(6.337467700258398), 'rating': 'Very Strong', 'debt_to_ebitda': np.float64(3.172645221013654), 'debt_ebitda_rating': 'High'}","{'additional_debt_capacity_usd': None, 'assumptions': 'Maintain interest coverage >= 3.0x'}","{'free_cash_flow_usd': np.float64(11455000000.0), 'fcf_margin': np.float64(0.16961324330727315), 'fcf_margin_rating': 'Excellent', 'ocf_to_debt': np.float64(0.24059012327667956), 'ocf_to_debt_rating': 'Very Strong'}","{'current_ratio': np.float64(0.9556624760722231), 'rating': 'Marginal', 'cash_and_equiv_usd': np.float64(13587000000.0)}","{'revenue_growth_yoy': np.float64(0.07621946361130146), 'ebitda_growth_yoy': np.float64(0.4195137976346912)}",Marginally feasible – monitor key risks,"{2023: 0.5, 2024: 0.5, 2025: 0.5}","{2024: np.float64(0.06906077348066299), 2025: np.float64(-0.0314540059347181)}",
151,IDXX,"{2023: 0.009012937927024277, 2024: 0.008980938416422288, 2025: 0.009571970381072784, 2026: 0.007707910750507099}",-0.0003324049564902,0.9924440383911132,"[np.float32(0.99526906), np.float32(0.9953996), np.float32(0.9866636)]","{2023: 0.004070359063817416, 2024: 0.004032258064516129, 2025: 0.004334477153693336, 2026: 0.005070993914807302}",0.0003304123642148,2025,"{'interest_coverage': np.float64(35.08290435498816), 'rating': 'Very Strong', 'debt_to_ebitda': np.float64(0.24853204828990919), 'debt_ebitda_rating': 'Conservative'}","{'additional_debt_capacity_usd': None, 'assumptions': 'Maintain interest coverage >= 3.0x'}","{'free_cash_flow_usd': np.float64(1043579000.0), 'fcf_margin': np.float64(0.2424840288663109), 'fcf_margin_rating': 'Exceptional', 'ocf_to_debt': np.float64(3.1528083832654827), 'ocf_to_debt_rating': 'Very Strong'}","{'current_ratio': np.float64(1.2306839923608173), 'rating': 'Good', 'cash_and_equiv_usd': np.float64(180070000.0)}","{'revenue_growth_yoy': np.float64(0.10422003415519265), 'ebitda_growth_yoy': np.float64(0.18666972993897585)}",Feasible – strong financial health,"{2023: np.float64(0.570712978595539), 2024: np.float64(0.5376138845113693), 2025: np.float64(0.5409003254691405)}","{2024: np.float64(0.020272242219245534), 2025: np.float64(-0.05578894303478407)}",1.0
152,ITW,"{2023: 0.008660806618407445, 2024: 0.007444471564559433, 2025: 0.007602697731453096, 2026: 0.007611679560768655}",-0.0002989155006023,0.8922755122184753,"[np.float32(0.6792875), np.float32(1.0), np.float32(0.9975391)]","{2023: 0.006980351602895553, 2024: 0.006956309494752257, 2025: 0.007234825260576333, 2026: 0.007486897928624906}",0.0001798154743013,2025,"{'interest_coverage': np.float64(14.582191780821917), 'rating': 'Very Strong', 'debt_to_ebitda': np.float64(1.4356605800214823), 'debt_ebitda_rating': 'Moderate'}","{'additional_debt_capacity_usd': None, 'assumptions': 'Maintain interest coverage >= 3.0x'}","{'free_cash_flow_usd': np.float64(2707000000.0), 'fcf_margin': np.float64(0.168723510346547), 'fcf_margin_rating': 'Excellent', 'ocf_to_debt': np.float64(0.46775400269340117), 'ocf_to_debt_rating': 'Very Strong'}","{'current_ratio': np.float64(1.2095200936402652), 'rating': 'Good', 'cash_and_equiv_usd': np.float64(851000000.0)}","{'revenue_growth_yoy': np.float64(0.00918354510001258), 'ebitda_growth_yoy': np.float64(-0.08850597219502643)}",Feasible – strong financial health,"{2023: np.float64(0.3840713821963905), 2024: np.float64(0.4354296792032463), 2025: np.float64(0.4335229967156766)}","{2024: np.float64(0.03956043956043956), 2025: np.float64(0.041189931350114416)}",1.0
153,IR,"{2023: 0.0, 2024: 0.0, 2025: 0.0, 2026: 0.0}",0.0,0.9784016013145448,"[np.float32(0.97531915), np.float32(0.9799428), np.float32(0.9799428)]","{2023: 0.0, 2024: 0.0, 2025: 0.0, 2026: 0.0}",0.0,2025,"{'interest_coverage': np.float64(4.683733753446239), 'rating': 'Strong', 'debt_to_ebitda': np.float64(2.822005899705015), 'debt_ebitda_rating': 'Elevated'}","{'additional_debt_capacity_usd': None, 'assumptions': 'Maintain interest coverage >= 3.0x'}","{'free_cash_flow_usd': np.float64(1220100000.0), 'fcf_margin': np.float64(0.15947143473316866), 'fcf_margin_rating': 'Excellent', 'ocf_to_debt': np.float64(0.2834235778646541), 'ocf_to_debt_rating': 'Very Strong'}","{'current_ratio': np.float64(2.0558486183032474), 'rating': 'Very Strong', 'cash_and_equiv_usd': np.float64(1248800000.0)}","{'revenue_growth_yoy': np.float64(0.057484450587422256), 'ebitda_growth_yoy': np.float64(-0.07275711159737418)}",Feasible – strong financial health,"{2023: 0.5, 2024: 0.5, 2025: 0.5}","{2024: np.float64(-0.4146110056925996), 2025: np.float64(0.09054325955734406)}",
154,PODD,"{2023: 0.008050702295306612, 2024: 0.00913390963953678, 2025: 0.007289958082741024, 2026: 0.006618863761720904}",-0.0006139467157556,0.8951857686042786,"[np.float32(0.9161056), np.float32(0.9561696), np.float32(0.81328213)]","{2023: 0.007022953066118534, 2024: 0.008155276463872126, 2025: 0.010205941315837434, 2026: 0.00827357970215113}",0.0005802544760065,2025,"{'interest_coverage': np.float64(6.715488215488215), 'rating': 'Very Strong', 'debt_to_ebitda': np.float64(1.9023094216227263), 'debt_ebitda_rating': 'Moderate'}","{'additional_debt_capacity_usd': None, 'assumptions': 'Maintain interest coverage >= 3.0x'}","{'free_cash_flow_usd': np.float64(349900000.0), 'fcf_margin': np.float64(0.12920497765961375), 'fcf_margin_rating': 'Good', 'ocf_to_debt': np.float64(0.6116244091104426), 'ocf_to_debt_rating': 'Very Strong'}","{'current_ratio': np.float64(2.8142920158800178), 'rating': 'Very Strong', 'cash_and_equiv_usd': np.float64(716100000.0)}","{'revenue_growth_yoy': np.float64(0.3072504344468044), 'ebitda_growth_yoy': np.float64(0.15482652820391787)}",Feasible – strong financial health,"{2023: np.float64(0.49683040945807044), 2024: np.float64(0.5079128287398993), 2025: np.float64(0.49061736067676026)}","{2024: np.float64(-0.2271062271062271), 2025: np.float64(-0.6373134328358209)}",-1.0
155,IBKR,{2025: 0.005870020964360587},,,[],{2025: 0.0025157232704402514},,2025,"{'interest_coverage': np.float64(2.1308366911590424), 'rating': 'Adequate', 'debt_to_ebitda': np.float64(nan), 'debt_ebitda_rating': 'Distressed'}","{'additional_debt_capacity_usd': None, 'assumptions': 'Maintain interest coverage >= 3.0x'}","{'free_cash_flow_usd': np.float64(15744000000.0), 'fcf_margin': np.float64(1.5402073958129525), 'fcf_margin_rating': 'Exceptional', 'ocf_to_debt': np.float64(nan), 'ocf_to_debt_rating': 'Very Strong'}","{'current_ratio': np.float64(1.1323397572435894), 'rating': 'Adequate', 'cash_and_equiv_usd': np.float64(4963000000.0)}","{'revenue_growth_yoy': np.float64(0.09725203950193216), 'ebitda_growth_yoy': np.float64(0.1377238011769125)}",Marginally feasible – monitor key risks,,,
156,ICE,"{2025: 0.004465531677365337, 2026: 0.004286204137615728}",,0.997349977493286,[np.float32(0.99735)],"{2025: 0.003628244487859336, 2026: 0.004000457195108012}",,2025,"{'interest_coverage': np.float64(6.412204234122043), 'rating': 'Very Strong', 'debt_to_ebitda': np.float64(2.773736771500969), 'debt_ebitda_rating': 'Elevated'}","{'additional_debt_capacity_usd': None, 'assumptions': 'Maintain interest coverage >= 3.0x'}","{'free_cash_flow_usd': np.float64(3871000000.0), 'fcf_margin': np.float64(0.30625), 'fcf_margin_rating': 'Exceptional', 'ocf_to_debt': np.float64(0.25052394002901823), 'ocf_to_debt_rating': 'Very Strong'}","{'current_ratio': np.float64(1.0197584288363688), 'rating': 'Adequate', 'cash_and_equiv_usd': np.float64(837000000.0)}","{'revenue_growth_yoy': np.float64(0.0747385426409319), 'ebitda_growth_yoy': np.float64(0.10436213991769547)}",Feasible – strong financial health,,,
157,IFF,"{2023: 0.0063279696257457965, 2024: 0.004291845493562232, 2025: 0.004956772334293948, 2026: 0.004536401858818323}",-0.0004709776460051,0.4670324325561523,"[np.float32(0.21186611), np.float32(0.48889485), np.float32(0.70033634)]","{2023: 0.004158380039775809, 2024: 0.004184549356223176, 2025: 0.004380403458213256, 2026: 0.004536401858818323}",0.0001329919559118,2025,"{'interest_coverage': np.float64(-0.7991266375545851), 'rating': 'Critical (default risk)', 'debt_to_ebitda': np.float64(6.084724005134788), 'debt_ebitda_rating': 'Distressed'}","{'additional_debt_capacity_usd': None, 'assumptions': 'Maintain interest coverage >= 3.0x'}","{'free_cash_flow_usd': np.float64(254000000.0), 'fcf_margin': np.float64(0.02332415059687787), 'fcf_margin_rating': 'Weak', 'ocf_to_debt': np.float64(0.17932489451476794), 'ocf_to_debt_rating': 'Strong'}","{'current_ratio': np.float64(1.42232392575642), 'rating': 'Good', 'cash_and_equiv_usd': np.float64(590000000.0)}","{'revenue_growth_yoy': np.float64(-0.05172413793103448), 'ebitda_growth_yoy': np.float64(-0.5214987714987716)}",Challenging – improvement needed,"{2023: np.float64(0.6311158056963574), 2024: np.float64(0.6514832028575862), 2025: np.float64(0.6962581678795127)}","{2024: np.float64(0.06958250497017893), 2025: np.float64(-0.27350427350427353)}",-1.0
158,IP,"{2023: 0.006574251474510688, 2024: 0.006610109579356663, 2025: 0.006919197842148469, 2026: 0.00631911532385466}",-4.5632018917656856e-05,0.4129425585269928,"[np.float32(0.31710812), np.float32(0.48055652), np.float32(0.4411631)]","{2023: 0.0029302378000676207, 2024: 0.0024390243902439024, 2025: 0.0032250498416793714, 2026: 0.0027422575933708903}",2.220848313456664e-05,2025,"{'interest_coverage': np.float64(-5.112522686025408), 'rating': 'Critical (default risk)', 'debt_to_ebitda': np.float64(135.98461538461538), 'debt_ebitda_rating': 'Distressed'}","{'additional_debt_capacity_usd': None, 'assumptions': 'Maintain interest coverage >= 3.0x'}","{'free_cash_flow_usd': np.float64(-159000000.0), 'fcf_margin': np.float64(-0.006727595836506728), 'fcf_margin_rating': 'Breakeven', 'ocf_to_debt': np.float64(0.19210317909265753), 'ocf_to_debt_rating': 'Strong'}","{'current_ratio': np.float64(1.2794024560070896), 'rating': 'Good', 'cash_and_equiv_usd': np.float64(1145000000.0)}","{'revenue_growth_yoy': np.float64(0.4925165772023998), 'ebitda_growth_yoy': np.float64(-0.9691358024691358)}",Challenging – improvement needed,"{2023: np.float64(0.4974895763757374), 2024: np.float64(0.5192403050900345), 2025: np.float64(0.4731996518249313)}","{2024: np.float64(0.19281332164767748), 2025: np.float64(-1.01628664495114)}",-1.0
159,ISRG,"{2023: 0.004404558718273413, 2024: 0.004416860221604538, 2025: 0.0043940795559666975, 2026: 0.005235004092821381}",0.0002468555458007,0.970679521560669,"[np.float32(0.99285805), np.float32(0.9974625), np.float32(0.92171806)]","{2023: 0.003248362054726642, 2024: 0.0030461104976583025, 2025: 0.0033919210607462227, 2026: 0.003654984675715292}",0.0001565678426054,2025,"{'interest_coverage': None, 'rating': 'N/A', 'debt_to_ebitda': None, 'debt_ebitda_rating': 'N/A'}","{'additional_debt_capacity_usd': None, 'assumptions': 'Maintain interest coverage >= 3.0x'}","{'free_cash_flow_usd': np.float64(2490700000.0), 'fcf_margin': np.float64(0.24746887636988682), 'fcf_margin_rating': 'Exceptional', 'ocf_to_debt': None, 'ocf_to_debt_rating': 'N/A'}","{'current_ratio': np.float64(4.874638620277141), 'rating': 'Very Strong', 'cash_and_equiv_usd': np.float64(3368000000.0)}","{'revenue_growth_yoy': np.float64(0.20505022688904587), 'ebitda_growth_yoy': np.float64(0.2717124201362073)}",Marginally feasible – monitor key risks,"{2023: np.float64(0.5285924293736859), 2024: np.float64(0.49508399804488074), 2025: np.float64(0.47553278138625554)}","{2024: np.float64(-0.04416463070851344), 2025: np.float64(0.5142188624910007)}",-1.0
160,IVZ,"{2023: 0.0, 2024: 0.0, 2025: 0.0, 2026: 0.0}",0.0,0.9805679321289062,"[np.float32(0.9706514), np.float32(0.9710521), np.float32(1.0000001)]","{2023: 0.0, 2024: 0.0, 2025: 0.0, 2026: 0.0}",0.0,2025,"{'interest_coverage': np.float64(-3.5987878787878786), 'rating': 'Critical (default risk)', 'debt_to_ebitda': np.float64(6.107326603712146), 'debt_ebitda_rating': 'Distressed'}","{'additional_debt_capacity_usd': None, 'assumptions': 'Maintain interest coverage >= 3.0x'}","{'free_cash_flow_usd': np.float64(1441000000.0), 'fcf_margin': np.float64(0.2259647802292578), 'fcf_margin_rating': 'Exceptional', 'ocf_to_debt': np.float64(0.16265008850689927), 'ocf_to_debt_rating': 'Strong'}","{'current_ratio': np.float64(3.4900780379041247), 'rating': 'Very Strong', 'cash_and_equiv_usd': np.float64(1979800000.0)}","{'revenue_growth_yoy': np.float64(0.05111257623207516), 'ebitda_growth_yoy': np.float64(0.23541716952289002)}",Marginally feasible – monitor key risks,"{2023: 0.5, 2024: 0.5, 2025: 0.5}","{2024: np.float64(0.5794278758368837), 2025: np.float64(-0.2199710564399421)}",
161,INVH,"{2023: 0.004239049123098661, 2024: 0.004218040233614536, 2025: 0.004193548387096774, 2026: 0.0047024623803009575}",0.0001365747925089,0.994539439678192,"[np.float32(0.99311244), np.float32(0.99130315), np.float32(0.99920267)]","{2023: 0.001329897764109384, 2024: 0.0013789746917585984, 2025: 0.0017741935483870969, 2026: 0.003590971272229822}",0.0007178439380993,2025,"{'interest_coverage': np.float64(2.66958370008519), 'rating': 'Adequate', 'debt_to_ebitda': np.float64(4.8723056688414), 'debt_ebitda_rating': 'Very High'}","{'additional_debt_capacity_usd': None, 'assumptions': 'Maintain interest coverage >= 3.0x'}","{'free_cash_flow_usd': np.float64(963478000.0), 'fcf_margin': np.float64(0.35301337780878295), 'fcf_margin_rating': 'Exceptional', 'ocf_to_debt': np.float64(0.14647566126129627), 'ocf_to_debt_rating': 'Strong'}","{'current_ratio': np.float64(1.516110297056081), 'rating': 'Strong', 'cash_and_equiv_usd': np.float64(129971000.0)}","{'revenue_growth_yoy': np.float64(0.04213686290112572), 'ebitda_growth_yoy': np.float64(0.10054168584825374)}",Feasible – strong financial health,"{2023: np.float64(0.43618879578291225), 2024: np.float64(0.423257384941263), 2025: np.float64(0.387886030362411)}","{2024: np.float64(0.0077249414297473565), 2025: np.float64(-0.1064659926889523)}",1.0
162,IQV,"{2023: 0.006967022758941012, 2024: 0.005463154060944519, 2025: 0.006172839506172839, 2026: 0.005478404892342974}",-0.0003756168154566,0.9671668410301208,"[np.float32(0.9913589), np.float32(0.93949395), np.float32(0.9706475)]","{2023: 0.007895959126799815, 2024: 0.006555784873133423, 2025: 0.008051529790660225, 2026: 0.007644285896292522}",7.407252260061098e-05,2025,"{'interest_coverage': np.float64(3.1824417009602195), 'rating': 'Strong', 'debt_to_ebitda': np.float64(4.0080831408775985), 'debt_ebitda_rating': 'Very High'}","{'additional_debt_capacity_usd': None, 'assumptions': 'Maintain interest coverage >= 3.0x'}","{'free_cash_flow_usd': np.float64(2051000000.0), 'fcf_margin': np.float64(0.1257510729613734), 'fcf_margin_rating': 'Good', 'ocf_to_debt': np.float64(0.19115528666090464), 'ocf_to_debt_rating': 'Strong'}","{'current_ratio': np.float64(0.7494603022307508), 'rating': 'Weak', 'cash_and_equiv_usd': np.float64(1980000000.0)}","{'revenue_growth_yoy': np.float64(0.058747160012982795), 'ebitda_growth_yoy': np.float64(0.003185635679119606)}",Marginally feasible – monitor key risks,"{2023: np.float64(0.6574062324467708), 2024: np.float64(0.6566658266716533), 2025: np.float64(0.6624091948072116)}","{2024: np.float64(0.0724191063174114), 2025: np.float64(-0.0016611295681063123)}",1.0
163,IRM,"{2023: 0.006142185049660219, 2024: 0.00514317486794551, 2025: 0.005955827611878567, 2026: 0.0055807464248343215}",-8.716631305444664e-05,0.9839885830879213,"[np.float32(0.986457), np.float32(0.9879585), np.float32(0.9775503)]","{2023: 0.005423418714061683, 2024: 0.0050041701417848205, 2025: 0.0052113491603937466, 2026: 0.005929543076386466}",0.0001725552105584,2025,"{'interest_coverage': np.float64(1.2494949566548763), 'rating': 'Weak', 'debt_to_ebitda': np.float64(7.667614407424815), 'debt_ebitda_rating': 'Distressed'}","{'additional_debt_capacity_usd': None, 'assumptions': 'Maintain interest coverage >= 3.0x'}","{'free_cash_flow_usd': np.float64(-1007116000.0), 'fcf_margin': np.float64(-0.14592210627556512), 'fcf_margin_rating': 'Breakeven', 'ocf_to_debt': np.float64(0.08263495948571416), 'ocf_to_debt_rating': 'Adequate'}","{'current_ratio': np.float64(0.7386852279980577), 'rating': 'Weak', 'cash_and_equiv_usd': np.float64(158535000.0)}","{'revenue_growth_yoy': np.float64(0.12225026419090104), 'ebitda_growth_yoy': np.float64(0.10884758925659613)}",Infeasible – high risk of distress,"{2023: np.float64(0.594353552670123), 2024: np.float64(0.6317421151563908), 2025: np.float64(0.6546967845748771)}","{2024: np.float64(-0.3783020852771213), 2025: np.float64(-0.2660077132608754)}",1.0
164,JBHT,{2026: 0.0027925869510027927},,,[],{2026: 0.0007616146230007616},,2025,"{'interest_coverage': np.float64(11.559157514028136), 'rating': 'Very Strong', 'debt_to_ebitda': np.float64(0.4841465485514515), 'debt_ebitda_rating': 'Conservative'}","{'additional_debt_capacity_usd': None, 'assumptions': 'Maintain interest coverage >= 3.0x'}","{'free_cash_flow_usd': np.float64(947585000.0), 'fcf_margin': np.float64(0.07897136584289349), 'fcf_margin_rating': 'Moderate', 'ocf_to_debt': np.float64(2.1882759753721945), 'ocf_to_debt_rating': 'Very Strong'}","{'current_ratio': np.float64(0.8288918295103245), 'rating': 'Marginal', 'cash_and_equiv_usd': np.float64(17284000.0)}","{'revenue_growth_yoy': np.float64(-0.00728936154300035), 'ebitda_growth_yoy': np.float64(-0.009735715397545879)}",Marginally feasible – monitor key risks,,,
165,JBL,"{2022: 0.006093240753861414, 2023: 0.00671054329590915, 2024: 0.006110711718188354, 2025: 0.0057597654204628755}",-0.0001600257577916,0.821049690246582,"[np.float32(0.99897313), np.float32(0.82710516), np.float32(0.63707066)]","{2022: 0.002408955646875443, 2023: 0.0019357336430507162, 2024: 0.001917086029235562, 2025: 0.00240862917582993}",-1.9627026951393018e-06,2025,"{'interest_coverage': np.float64(7.068027210884353), 'rating': 'Very Strong', 'debt_to_ebitda': np.float64(1.3928779918272038), 'debt_ebitda_rating': 'Moderate'}","{'additional_debt_capacity_usd': None, 'assumptions': 'Maintain interest coverage >= 3.0x'}","{'free_cash_flow_usd': np.float64(1172000000.0), 'fcf_margin': np.float64(0.039326219716797534), 'fcf_margin_rating': 'Weak', 'ocf_to_debt': np.float64(0.6873428331936295), 'ocf_to_debt_rating': 'Very Strong'}","{'current_ratio': np.float64(1.0004375091147732), 'rating': 'Adequate', 'cash_and_equiv_usd': np.float64(1933000000.0)}","{'revenue_growth_yoy': np.float64(0.03181802444344424), 'ebitda_growth_yoy': np.float64(-0.34618320610687026)}",Marginally feasible – monitor key risks,"{2022: np.float64(0.6811216784133153), 2023: np.float64(0.6947685776472982), 2024: np.float64(0.6827000462592153), 2025: np.float64(0.6323207439306904)}","{2023: np.float64(0.2563176895306859), 2024: np.float64(0.23883495145631067), 2025: np.float64(0.4030612244897959)}",-0.492322744512559
166,JKHY,"{2022: 0.005369825047635545, 2023: 0.003305238803503553, 2024: 0.002364066193853428, 2025: 0.0022099447513812156}",-0.0010420813498412,0.9878377914428712,"[np.float32(0.9805038), np.float32(0.99020183), np.float32(0.99280775)]","{2022: 0.006409146024597263, 2023: 0.006279953726656751, 2024: 0.0070921985815602835, 2025: 0.006998158379373849}",0.0002579281919233,2025,"{'interest_coverage': np.float64(57.144472121095994), 'rating': 'Very Strong', 'debt_to_ebitda': np.float64(nan), 'debt_ebitda_rating': 'Distressed'}","{'additional_debt_capacity_usd': None, 'assumptions': 'Maintain interest coverage >= 3.0x'}","{'free_cash_flow_usd': np.float64(410338000.0), 'fcf_margin': np.float64(0.17275294616905404), 'fcf_margin_rating': 'Excellent', 'ocf_to_debt': np.float64(nan), 'ocf_to_debt_rating': 'Very Strong'}","{'current_ratio': np.float64(1.2719006166664177), 'rating': 'Good', 'cash_and_equiv_usd': np.float64(101953000.0)}","{'revenue_growth_yoy': np.float64(0.07210196326589012), 'ebitda_growth_yoy': np.float64(0.1216815738890981)}",Feasible – strong financial health,"{2022: np.float64(0.5252929438891656), 2023: np.float64(0.6062794145196676), 2024: np.float64(0.5327405662221067), 2025: np.float64(0.5439641134192547)}","{2023: np.float64(-0.08148326183845467), 2024: np.float64(-0.12290321957252734), 2025: np.float64(0.005408242729850316)}",-0.690437067793653
167,J,"{2022: 0.003015075376884422, 2023: 0.0023894862604540022, 2024: 0.0032545805207328834, 2025: 0.003006823175667862}",8.403376566292775e-05,0.9976810812950134,"[np.float32(0.9964261), np.float32(0.9967819), np.float32(0.99983525)]","{2022: 0.005527638190954774, 2023: 0.004679410593389088, 2024: 0.0024108003857280617, 2025: 0.0038163524921938246}",-0.0007402467303943,2025,"{'interest_coverage': np.float64(4.727858259939089), 'rating': 'Strong', 'debt_to_ebitda': np.float64(2.412987772444249), 'debt_ebitda_rating': 'Elevated'}","{'additional_debt_capacity_usd': None, 'assumptions': 'Maintain interest coverage >= 3.0x'}","{'free_cash_flow_usd': np.float64(607472000.0), 'fcf_margin': np.float64(0.05049733648562073), 'fcf_margin_rating': 'Moderate', 'ocf_to_debt': np.float64(0.307050082809588), 'ocf_to_debt_rating': 'Very Strong'}","{'current_ratio': np.float64(1.300940135766551), 'rating': 'Good', 'cash_and_equiv_usd': np.float64(1235448000.0)}","{'revenue_growth_yoy': np.float64(0.04598249830166071), 'ebitda_growth_yoy': np.float64(-0.2615301139446555)}",Feasible – strong financial health,"{2022: np.float64(0.7029899620899448), 2023: np.float64(0.6129232391540427), 2024: np.float64(0.6216742225668647), 2025: np.float64(0.6560787029850942)}","{2023: np.float64(-0.07734984131959409), 2024: np.float64(0.11908121554194609), 2025: np.float64(0.34580643030533215)}",-0.7941921779565244
168,JNJ,"{2023: 0.0028448879551820727, 2024: 0.002560702364077004, 2025: 0.002704809058818136, 2026: 0.002793296089385475}",-1.0668902648485633e-06,0.7550651431083679,"[np.float32(0.45259032), np.float32(1.0), np.float32(0.81260514)]","{2023: 0.007221638655462185, 2024: 0.007362019296721386, 2025: 0.007014165864392794, 2026: 0.007208506037123806}",-3.872512873440145e-05,2025,"{'interest_coverage': np.float64(34.55406797116375), 'rating': 'Very Strong', 'debt_to_ebitda': np.float64(0.960613810741688), 'debt_ebitda_rating': 'Conservative'}","{'additional_debt_capacity_usd': None, 'assumptions': 'Maintain interest coverage >= 3.0x'}","{'free_cash_flow_usd': np.float64(19313000000.0), 'fcf_margin': np.float64(0.20503646767806524), 'fcf_margin_rating': 'Exceptional', 'ocf_to_debt': np.float64(0.6219889446726508), 'ocf_to_debt_rating': 'Very Strong'}","{'current_ratio': np.float64(1.027676163027011), 'rating': 'Adequate', 'cash_and_equiv_usd': np.float64(19709000000.0)}","{'revenue_growth_yoy': np.float64(0.06048119251078011), 'ebitda_growth_yoy': np.float64(0.6567128041644809)}",Feasible – strong financial health,"{2023: np.float64(0.5629360480299155), 2024: np.float64(0.5664235851019621), 2025: np.float64(0.5762241025165212)}","{2024: np.float64(-0.2381807301017355), 2025: np.float64(0.1594973417109715)}",1.0
169,JCI,"{2022: 0.0052210829039491926, 2023: 0.005674142123750338, 2024: 0.005191175002495757, 2025: 0.00558659217877095}",6.135607032107528e-05,0.9772147536277772,"[np.float32(0.9547442), np.float32(0.9913371), np.float32(0.9855628)]","{2022: 0.0024650358628481436, 2023: 0.002685085112131856, 2024: 0.003028185418122525, 2025: 0.0030568145883841046}",0.0002118436482598,2025,"{'interest_coverage': np.float64(9.674008810572687), 'rating': 'Very Strong', 'debt_to_ebitda': np.float64(2.8065991506043777), 'debt_ebitda_rating': 'Elevated'}","{'additional_debt_capacity_usd': None, 'assumptions': 'Maintain interest coverage >= 3.0x'}","{'free_cash_flow_usd': np.float64(965000000.0), 'fcf_margin': np.float64(0.040896762163078484), 'fcf_margin_rating': 'Weak', 'ocf_to_debt': np.float64(0.16284483762076593), 'ocf_to_debt_rating': 'Strong'}","{'current_ratio': np.float64(0.9287999268805411), 'rating': 'Marginal', 'cash_and_equiv_usd': np.float64(379000000.0)}","{'revenue_growth_yoy': np.float64(0.028058556988497733), 'ebitda_growth_yoy': np.float64(0.1257815373299007)}",Marginally feasible – monitor key risks,"{2022: np.float64(0.6174332354619296), 2023: np.float64(0.6211194347718912), 2024: np.float64(0.6127561625476265), 2025: np.float64(0.6212824471255165)}","{2023: np.float64(0.08418891170431211), 2024: np.float64(-0.10762331838565023), 2025: np.float64(0.1214574898785425)}",-0.9048729244492364
170,JPM,"{2023: 0.0, 2024: 0.0, 2025: 0.0, 2026: 0.0}",0.0,0.9981749653816224,"[np.float32(0.99811184), np.float32(0.9983209), np.float32(0.9980923)]","{2023: 0.0, 2024: 0.0, 2025: 0.0, 2026: 0.0}",0.0,2025,"{'interest_coverage': None, 'rating': 'N/A', 'debt_to_ebitda': None, 'debt_ebitda_rating': 'N/A'}","{'additional_debt_capacity_usd': None, 'assumptions': 'Maintain interest coverage >= 3.0x'}","{'free_cash_flow_usd': None, 'fcf_margin': None, 'fcf_margin_rating': 'N/A', 'ocf_to_debt': np.float64(-0.3405350600271908), 'ocf_to_debt_rating': 'Cannot cover interest'}","{'current_ratio': None, 'rating': 'N/A', 'cash_and_equiv_usd': np.float64(343338000000.0)}","{'revenue_growth_yoy': np.float64(0.07322989394413329), 'ebitda_growth_yoy': None}",Infeasible – high risk of distress,,,
171,KDP,"{2023: 0.0030514814450241165, 2024: 0.0033771980901362523, 2025: 0.0047344281698476105, 2026: 0.005076142131979695}",0.0007431212140581,0.9231498837471008,"[np.float32(0.88307875), np.float32(0.8918115), np.float32(0.9945594)]","{2023: 0.007973225711192047, 2024: 0.006754396180272505, 2025: 0.0047344281698476105, 2026: 0.005403635172752579}",-0.0009728739625747,2025,"{'interest_coverage': np.float64(4.563660477453581), 'rating': 'Strong', 'debt_to_ebitda': np.float64(3.1082498807820698), 'debt_ebitda_rating': 'High'}","{'additional_debt_capacity_usd': None, 'assumptions': 'Maintain interest coverage >= 3.0x'}","{'free_cash_flow_usd': np.float64(1488000000.0), 'fcf_margin': np.float64(0.0896223574052882), 'fcf_margin_rating': 'Moderate', 'ocf_to_debt': np.float64(0.15273089904878798), 'ocf_to_debt_rating': 'Strong'}","{'current_ratio': np.float64(0.6352231604342582), 'rating': 'Weak', 'cash_and_equiv_usd': np.float64(1026000000.0)}","{'revenue_growth_yoy': np.float64(0.08155820467721972), 'ebitda_growth_yoy': np.float64(0.24009461856889414)}",Challenging – improvement needed,"{2023: np.float64(0.5918141036118204), 2024: np.float64(0.6006669210450303), 2025: np.float64(0.6585926851922912)}","{2024: np.float64(-0.29313929313929316), 2025: np.float64(0.19131832797427653)}",1.0
172,KEY,"{2023: 0.0035415722933739655, 2024: 0.0036248854495468893, 2025: 0.003622041010212968, 2026: 0.00350635280212745}",-1.0850291307358652e-05,0.9995205402374268,"[np.float32(1.0), np.float32(1.0), np.float32(0.9985617)]","{2023: 0.002450273854136639, 2024: 0.0023215558497098054, 2025: 0.00318660438603436, 2026: 0.002659312518467448}",0.0001492164529317,2025,"{'interest_coverage': None, 'rating': 'N/A', 'debt_to_ebitda': None, 'debt_ebitda_rating': 'N/A'}","{'additional_debt_capacity_usd': None, 'assumptions': 'Maintain interest coverage >= 3.0x'}","{'free_cash_flow_usd': np.float64(2101000000.0), 'fcf_margin': np.float64(0.28840082361015784), 'fcf_margin_rating': 'Exceptional', 'ocf_to_debt': np.float64(0.22264797821921953), 'ocf_to_debt_rating': 'Very Strong'}","{'current_ratio': None, 'rating': 'N/A', 'cash_and_equiv_usd': np.float64(1287000000.0)}","{'revenue_growth_yoy': np.float64(0.6571883530482256), 'ebitda_growth_yoy': None}",Challenging – improvement needed,"{2023: np.float64(0.6204466374635493), 2024: np.float64(0.6000262428055047), 2025: np.float64(0.5941525389285686)}","{2024: np.float64(0.5422535211267606), 2025: np.float64(-0.6461538461538462)}",1.0
173,KMB,"{2023: 0.008251748251748252, 2024: 0.008216273522395972, 2025: 0.007029053420805998, 2026: 0.007177814029363785}",-0.0004409022768745,0.7972784042358398,"[np.float32(0.8862432), np.float32(0.7218952), np.float32(0.78369665)]","{2023: 0.006573426573426574, 2024: 0.0068910681155579115, 2025: 0.010309278350515464, 2026: 0.009026644915715063}",0.0010777865261828,2025,"{'interest_coverage': np.float64(9.015625), 'rating': 'Very Strong', 'debt_to_ebitda': np.float64(2.0796659171217473), 'debt_ebitda_rating': 'Elevated'}","{'additional_debt_capacity_usd': None, 'assumptions': 'Maintain interest coverage >= 3.0x'}","{'free_cash_flow_usd': np.float64(1639000000.0), 'fcf_margin': np.float64(0.09965343223688211), 'fcf_margin_rating': 'Moderate', 'ocf_to_debt': np.float64(0.42894655545257954), 'ocf_to_debt_rating': 'Very Strong'}","{'current_ratio': np.float64(0.7452631578947368), 'rating': 'Weak', 'cash_and_equiv_usd': np.float64(688000000.0)}","{'revenue_growth_yoy': np.float64(-0.021303183576316574), 'ebitda_growth_yoy': np.float64(-0.10262323436148746)}",Marginally feasible – monitor key risks,"{2023: np.float64(0.6188727543140723), 2024: np.float64(0.5878325392416602), 2025: np.float64(0.5814264574430034)}","{2024: np.float64(0.0587467362924282), 2025: np.float64(-0.5783633841886269)}",1.0
174,KIM,"{2023: 0.0, 2024: 0.0, 2025: 0.0, 2026: 0.0}",0.0,0.9692151546478271,"[np.float32(0.9690094), np.float32(0.9675839), np.float32(0.9710522)]","{2023: 0.0, 2024: 0.0, 2025: 0.0, 2026: 0.0}",0.0,2025,"{'interest_coverage': np.float64(2.494975711395656), 'rating': 'Adequate', 'debt_to_ebitda': np.float64(5.64186678668239), 'debt_ebitda_rating': 'Distressed'}","{'additional_debt_capacity_usd': None, 'assumptions': 'Maintain interest coverage >= 3.0x'}","{'free_cash_flow_usd': None, 'fcf_margin': None, 'fcf_margin_rating': 'N/A', 'ocf_to_debt': np.float64(0.13682241287247113), 'ocf_to_debt_rating': 'Strong'}","{'current_ratio': np.float64(3.312420035878808), 'rating': 'Very Strong', 'cash_and_equiv_usd': np.float64(211648000.0)}","{'revenue_growth_yoy': np.float64(0.05061428149241979), 'ebitda_growth_yoy': np.float64(0.14906323676505645)}",Marginally feasible – monitor key risks,,,
175,KKR,"{2023: 0.002922070081383274, 2024: 0.003942640121259601, 2025: 0.004189789830623709, 2026: 0.003699903615956223}",0.0002580650313083,0.6736776232719421,"[np.float32(0.46714824), np.float32(0.89276344), np.float32(0.6611211)]","{2023: 0.012654253906155667, 2024: 0.012858286356591787, 2025: 0.013810159178019326, 2026: 0.01448869819357647}",0.0006455205683693,2025,"{'interest_coverage': np.float64(3.3109884225312225), 'rating': 'Strong', 'debt_to_ebitda': np.float64(5.270082070970866), 'debt_ebitda_rating': 'Distressed'}","{'additional_debt_capacity_usd': None, 'assumptions': 'Maintain interest coverage >= 3.0x'}","{'free_cash_flow_usd': np.float64(316995000.0), 'fcf_margin': np.float64(0.016503671682334815), 'fcf_margin_rating': 'Weak', 'ocf_to_debt': np.float64(0.008913033744757697), 'ocf_to_debt_rating': 'Weak'}","{'current_ratio': np.float64(4.178287616042051), 'rating': 'Very Strong', 'cash_and_equiv_usd': np.float64(16892147000.0)}","{'revenue_growth_yoy': np.float64(-0.11241735784662385), 'ebitda_growth_yoy': np.float64(0.10961051332662837)}",Marginally feasible – monitor key risks,"{2023: np.float64(0.6171391027397476), 2024: np.float64(0.5349431475800718), 2025: np.float64(0.5266006177090682)}","{2024: np.float64(-0.30576697757235244), 2025: np.float64(-0.135859427990052)}",-1.0
176,KHC,"{2023: 0.0, 2024: 0.0, 2025: 0.0, 2026: 0.0}",0.0,0.9976344704627992,"[np.float32(0.99846375), np.float32(0.99752647), np.float32(0.9969132)]","{2023: 0.0, 2024: 0.0, 2025: 0.0, 2026: 0.0}",0.0,2025,"{'interest_coverage': np.float64(-4.74973600844773), 'rating': 'Critical (default risk)', 'debt_to_ebitda': np.float64(-5.470538243626062), 'debt_ebitda_rating': 'No debt'}","{'additional_debt_capacity_usd': None, 'assumptions': 'Maintain interest coverage >= 3.0x'}","{'free_cash_flow_usd': np.float64(3661000000.0), 'fcf_margin': np.float64(0.14678053083152914), 'fcf_margin_rating': 'Good', 'ocf_to_debt': np.float64(0.2310600176065455), 'ocf_to_debt_rating': 'Very Strong'}","{'current_ratio': np.float64(1.1536796536796536), 'rating': 'Adequate', 'cash_and_equiv_usd': np.float64(2615000000.0)}","{'revenue_growth_yoy': np.float64(-0.0349763986690397), 'ebitda_growth_yoy': np.float64(-2.299705449189985)}",Marginally feasible – monitor key risks,"{2023: 0.5, 2024: 0.5, 2025: 0.5}","{2024: np.float64(-0.14906219151036526), 2025: np.float64(0.3118556701030928)}",
177,LHX,"{2023: 0.006767091541135573, 2024: 0.006619281816344405, 2025: 0.006279434850863423, 2026: 0.006952759048039154}",2.1715555522999727e-05,0.7835702896118164,"[np.float32(0.9999998), np.float32(0.45862958), np.float32(0.8920816)]","{2023: 0.002286597141753573, 2024: 0.0025096004850771406, 2025: 0.0023051089958865726, 2026: 0.0027516961791333207}",0.0001190805622949,2025,"{'interest_coverage': np.float64(4.236180904522613), 'rating': 'Strong', 'debt_to_ebitda': np.float64(2.782573940847322), 'debt_ebitda_rating': 'Elevated'}","{'additional_debt_capacity_usd': None, 'assumptions': 'Maintain interest coverage >= 3.0x'}","{'free_cash_flow_usd': np.float64(2682000000.0), 'fcf_margin': np.float64(0.12266178824605534), 'fcf_margin_rating': 'Good', 'ocf_to_debt': np.float64(0.2974241118452552), 'ocf_to_debt_rating': 'Very Strong'}","{'current_ratio': np.float64(1.1891779684472736), 'rating': 'Adequate', 'cash_and_equiv_usd': np.float64(1069000000.0)}","{'revenue_growth_yoy': np.float64(0.025322391559202812), 'ebitda_growth_yoy': np.float64(0.05391743892165122)}",Feasible – strong financial health,"{2023: np.float64(0.6305908151810953), 2024: np.float64(0.657279194408604), 2025: np.float64(0.6744571222190311)}","{2024: np.float64(0.09131403118040089), 2025: np.float64(-0.0392156862745098)}",-1.0
178,LH,"{2023: 0.004734716613285058, 2024: 0.0024509803921568627, 2025: 0.003480102889998487, 2026: 0.004145408163265306}",-7.388028522165161e-05,0.8635984063148499,"[np.float32(0.8903178), np.float32(0.9213067), np.float32(0.77917075)]","{2023: 0.008216125887759365, 2024: 0.006062951496388029, 2025: 0.003480102889998487, 2026: 0.004464285714285714}",-0.0013838369126816,2025,"{'interest_coverage': np.float64(5.941990182954038), 'rating': 'Very Strong', 'debt_to_ebitda': np.float64(2.526258260048691), 'debt_ebitda_rating': 'Elevated'}","{'additional_debt_capacity_usd': None, 'assumptions': 'Maintain interest coverage >= 3.0x'}","{'free_cash_flow_usd': np.float64(1206000000.0), 'fcf_margin': np.float64(0.08644107886494119), 'fcf_margin_rating': 'Moderate', 'ocf_to_debt': np.float64(0.32264091570625025), 'ocf_to_debt_rating': 'Very Strong'}","{'current_ratio': np.float64(1.4239419160616256), 'rating': 'Good', 'cash_and_equiv_usd': np.float64(532300000.0)}","{'revenue_growth_yoy': np.float64(0.07247346047705801), 'ebitda_growth_yoy': np.float64(0.11119085739524098)}",Feasible – strong financial health,"{2023: np.float64(0.6180516554185977), 2024: np.float64(0.6503699562615819), 2025: np.float64(0.6750328706613943)}","{2024: np.float64(-0.08002645502645503), 2025: np.float64(0.11308430291896306)}",1.0
179,LDOS,"{2023: 0.0062550866178351355, 2024: 0.006399703202170334, 2025: 0.00473907225691347, 2026: 0.0}",-0.0020425890798772,0.7584159970283508,"[np.float32(0.9958245), np.float32(0.9073702), np.float32(0.37205327)]","{2023: 0.002464829670968492, 2024: 0.002689730331346952, 2025: 0.002062890276538805, 2026: 0.0}",-0.0008021329067717,2025,"{'interest_coverage': np.float64(10.403940886699507), 'rating': 'Very Strong', 'debt_to_ebitda': np.float64(1.9267277268942549), 'debt_ebitda_rating': 'Moderate'}","{'additional_debt_capacity_usd': None, 'assumptions': 'Maintain interest coverage >= 3.0x'}","{'free_cash_flow_usd': np.float64(1625000000.0), 'fcf_margin': np.float64(0.09461977407709328), 'fcf_margin_rating': 'Moderate', 'ocf_to_debt': np.float64(0.378133102852204), 'ocf_to_debt_rating': 'Very Strong'}","{'current_ratio': np.float64(1.7028652281570569), 'rating': 'Strong', 'cash_and_equiv_usd': np.float64(1108000000.0)}","{'revenue_growth_yoy': np.float64(0.030728604009122553), 'ebitda_growth_yoy': np.float64(0.13195098963242224)}",Feasible – strong financial health,"{2023: np.float64(0.6709393058893642), 2024: np.float64(0.6808846999757167), 2025: np.float64(0.5297567934246251)}","{2024: np.float64(0.28019323671497587), 2025: np.float64(0.1610738255033557)}",-1.0
180,LEN,"{2024: 0.005848357961034017, 2025: 0.006857603872529245, 2026: 0.006280485860936653}",0.0002160639499512,0.9964666366577148,"[np.float32(1.0000001), np.float32(0.99293315)]","{2024: 0.004844793577187943, 2025: 0.004778601793527167, 2026: 0.00500526030541652}",8.023336411429072e-05,2025,"{'interest_coverage': None, 'rating': 'N/A', 'debt_to_ebitda': np.float64(2.03659319094386), 'debt_ebitda_rating': 'Elevated'}","{'additional_debt_capacity_usd': None, 'assumptions': 'Maintain interest coverage >= 3.0x'}","{'free_cash_flow_usd': np.float64(28183000.0), 'fcf_margin': np.float64(0.0008243792789373859), 'fcf_margin_rating': 'Weak', 'ocf_to_debt': np.float64(0.03690420162059713), 'ocf_to_debt_rating': 'Weak'}","{'current_ratio': np.float64(10.7005275632778), 'rating': 'Very Strong', 'cash_and_equiv_usd': np.float64(3756305000.0)}","{'revenue_growth_yoy': np.float64(-0.03539691319644579), 'ebitda_growth_yoy': np.float64(-0.4190481484144299)}",Marginally feasible – monitor key risks,"{2024: np.float64(0.5405253232333553), 2025: np.float64(0.5665707536955218)}",{2025: np.float64(-0.09985831151641662)},
181,LIN,"{2023: 0.003798342541436464, 2024: 0.0036991368680641184, 2025: 0.004051565377532229, 2026: 0.004138449962377728}",0.0001372750772292,0.99554842710495,"[np.float32(0.9992154), np.float32(0.98860145), np.float32(0.99882835)]","{2023: 0.0020718232044198894, 2024: 0.001937643121366919, 2025: 0.0022099447513812156, 2026: 0.0024454477050413845}",0.0001393175131879,2025,"{'interest_coverage': np.float64(20.174568965517242), 'rating': 'Very Strong', 'debt_to_ebitda': np.float64(1.5759676927765924), 'debt_ebitda_rating': 'Moderate'}","{'additional_debt_capacity_usd': None, 'assumptions': 'Maintain interest coverage >= 3.0x'}","{'free_cash_flow_usd': np.float64(5089000000.0), 'fcf_margin': np.float64(0.14973812746425), 'fcf_margin_rating': 'Good', 'ocf_to_debt': np.float64(0.5004109655272446), 'ocf_to_debt_rating': 'Very Strong'}","{'current_ratio': np.float64(0.8767601000131596), 'rating': 'Marginal', 'cash_and_equiv_usd': np.float64(5056000000.0)}","{'revenue_growth_yoy': np.float64(0.029722769277382214), 'ebitda_growth_yoy': np.float64(0.02243689622935494)}",Feasible – strong financial health,"{2023: np.float64(0.5690581793401469), 2024: np.float64(0.5324680719447011), 2025: np.float64(0.4928460310840485)}","{2024: np.float64(-0.1874834961711117), 2025: np.float64(-0.16989103847009118)}",-1.0
182,LYV,"{2023: 0.0031724450487196918, 2024: 0.003421425200566305, 2025: 0.0035420475319926873, 2026: 0.003661705646113867}",0.0001588404123609,0.9530301094055176,"[np.float32(0.94307667), np.float32(0.98077697), np.float32(0.9352366)]","{2023: 0.002379333786539769, 2024: 0.002831524303916942, 2025: 0.002056672760511883, 2026: 0.0025986298133711316}",-1.1696346291128776e-05,2025,"{'interest_coverage': np.float64(4.260820863643986), 'rating': 'Strong', 'debt_to_ebitda': np.float64(3.8339353853468667), 'debt_ebitda_rating': 'High'}","{'additional_debt_capacity_usd': None, 'assumptions': 'Maintain interest coverage >= 3.0x'}","{'free_cash_flow_usd': np.float64(304979000.0), 'fcf_margin': np.float64(0.012101666073710332), 'fcf_margin_rating': 'Weak', 'ocf_to_debt': np.float64(0.18330434846580762), 'ocf_to_debt_rating': 'Strong'}","{'current_ratio': np.float64(0.9950622231692334), 'rating': 'Marginal', 'cash_and_equiv_usd': np.float64(7094200000.0)}","{'revenue_growth_yoy': np.float64(0.08834920240762234), 'ebitda_growth_yoy': np.float64(0.2291238346757893)}",Challenging – improvement needed,"{2023: np.float64(0.5970016507388547), 2024: np.float64(0.6738979714922607), 2025: np.float64(0.6687065476805649)}","{2024: np.float64(-0.42061242653974584), 2025: np.float64(-0.6149408433014)}",-1.0
183,L,"{2023: 0.004561746497230368, 2024: 0.004291033003092068, 2025: 0.004438932045172661, 2026: 0.004517748296880602}",1.5904441031475602e-06,0.9604900479316713,"[np.float32(0.9032171), np.float32(0.978253), np.float32(1.0000001)]","{2023: 0.008602150537634409, 2024: 0.008645169432700196, 2025: 0.008290358378484235, 2026: 0.00989602007888132}",0.0003526797569526,2025,"{'interest_coverage': np.float64(6.224256292906179), 'rating': 'Very Strong', 'debt_to_ebitda': None, 'debt_ebitda_rating': 'N/A'}","{'additional_debt_capacity_usd': None, 'assumptions': 'Maintain interest coverage >= 3.0x'}","{'free_cash_flow_usd': np.float64(2700000000.0), 'fcf_margin': np.float64(0.1485475352112676), 'fcf_margin_rating': 'Good', 'ocf_to_debt': np.float64(0.38864525305203274), 'ocf_to_debt_rating': 'Very Strong'}","{'current_ratio': None, 'rating': 'N/A', 'cash_and_equiv_usd': np.float64(495000000.0)}","{'revenue_growth_yoy': np.float64(0.05435350078310807), 'ebitda_growth_yoy': None}",Marginally feasible – monitor key risks,"{2023: np.float64(0.6475517703220248), 2024: np.float64(0.6553118174527715), 2025: np.float64(0.6252510741114525)}","{2024: np.float64(0.07871720116618076), 2025: np.float64(0.08386075949367089)}",1.0
184,LOW,"{2023: 0.003796928327645051, 2024: 0.0036520151297769663, 2025: 0.003307815896418108, 2026: 0.0032359666911161928}",-0.0002027084142946,0.821906566619873,"[np.float32(0.5583856), np.float32(0.96901804), np.float32(0.938316)]","{2023: 0.0004266211604095563, 2024: 0.0003912873353332464, 2025: 0.0004725451280597297, 2026: 0.0006471933382232386}",7.429743261679346e-05,2026,"{'interest_coverage': np.float64(6.72822527832351), 'rating': 'Very Strong', 'debt_to_ebitda': np.float64(3.0068976580044917), 'debt_ebitda_rating': 'High'}","{'additional_debt_capacity_usd': None, 'assumptions': 'Maintain interest coverage >= 3.0x'}","{'free_cash_flow_usd': np.float64(7651000000.0), 'fcf_margin': np.float64(0.08867023619127089), 'fcf_margin_rating': 'Moderate', 'ocf_to_debt': np.float64(0.263110162710056), 'ocf_to_debt_rating': 'Very Strong'}","{'current_ratio': np.float64(1.0766582746750244), 'rating': 'Adequate', 'cash_and_equiv_usd': np.float64(982000000.0)}","{'revenue_growth_yoy': np.float64(0.03121638740827497), 'ebitda_growth_yoy': np.float64(-0.010240533460347702)}",Challenging – improvement needed,"{2023: np.float64(0.7626789192504743), 2024: np.float64(0.7450033317862162), 2025: np.float64(0.7486527829334654), 2026: np.float64(0.7293778676691094)}","{2024: np.float64(-0.07381082558775287), 2025: np.float64(0.01883910386965377), 2026: np.float64(-0.1484172288531396)}",-0.256127275220645
185,LULU,"{2023: 0.00587160751565762, 2024: 0.003227665706051873, 2025: 0.003620336848732882, 2026: 0.005276622961304765}",-0.0001392282520376,0.9310318827629088,"[np.float32(0.9489964), np.float32(0.92979836), np.float32(0.9143009)]","{2023: 0.005480167014613779, 2024: 0.0026512968299711817, 2025: 0.003935148748622698, 2026: 0.004157339302846178}",-0.000268463121665,2026,"{'interest_coverage': None, 'rating': 'N/A', 'debt_to_ebitda': None, 'debt_ebitda_rating': 'N/A'}","{'additional_debt_capacity_usd': None, 'assumptions': 'Maintain interest coverage >= 3.0x'}","{'free_cash_flow_usd': np.float64(921675000.0), 'fcf_margin': np.float64(0.08301433898366148), 'fcf_margin_rating': 'Moderate', 'ocf_to_debt': None, 'ocf_to_debt_rating': 'N/A'}","{'current_ratio': np.float64(2.258327205453848), 'rating': 'Very Strong', 'cash_and_equiv_usd': np.float64(1807202000.0)}","{'revenue_growth_yoy': np.float64(0.04858971266492295), 'ebitda_growth_yoy': np.float64(-0.08311640625820357)}",Challenging – improvement needed,"{2023: np.float64(0.489633646987689), 2024: np.float64(0.5554714469188774), 2025: np.float64(0.57487678155303), 2026: np.float64(0.5120816662613499)}","{2024: np.float64(-0.02068089757099664), 2025: np.float64(-0.05732321876462151), 2026: np.float64(0.012231004944634027)}",0.1868454790485232
186,LITE,"{2022: 0.006362965695315382, 2023: 0.005673255917028632, 2024: 0.005426784400294334, 2025: 0.0060699702019644634}",-0.0001125457996786,0.8832290768623352,"[np.float32(0.9925914), np.float32(0.6708431), np.float32(0.9862528)]","{2022: 0.0036886757654002213, 2023: 0.0031025618296250334, 2024: 0.003863134657836645, 2025: 0.00485597616157157}",0.0004262474016726,2025,"{'interest_coverage': np.float64(-6.752252252252252), 'rating': 'Critical (default risk)', 'debt_to_ebitda': np.float64(23.99438202247191), 'debt_ebitda_rating': 'Distressed'}","{'additional_debt_capacity_usd': None, 'assumptions': 'Maintain interest coverage >= 3.0x'}","{'free_cash_flow_usd': np.float64(-104700000.0), 'fcf_margin': np.float64(-0.06364741641337386), 'fcf_margin_rating': 'Breakeven', 'ocf_to_debt': np.float64(0.04928588152657457), 'ocf_to_debt_rating': 'Weak'}","{'current_ratio': np.float64(4.3719450101833), 'rating': 'Very Strong', 'cash_and_equiv_usd': np.float64(520700000.0)}","{'revenue_growth_yoy': np.float64(0.21027074749852856), 'ebitda_growth_yoy': np.float64(2.3088235294117645)}",Challenging – improvement needed,"{2022: np.float64(0.5295395545024228), 2023: np.float64(0.5831352635114281), 2024: np.float64(0.5899069236338507), 2025: np.float64(0.5974073064500007)}","{2023: np.float64(-0.40899122807017546), 2024: np.float64(-0.06614785992217899), 2025: np.float64(-0.6861313868613139)}",-0.041436177480417
187,LYB,"{2023: 0.004638335213739501, 2024: 0.004764813683567502, 2025: 0.005453884377651194, 2026: 0.006255067763234101}",0.000553926834257,0.8464612364768982,"[np.float32(0.8120929), np.float32(0.8335593), np.float32(0.8937315)]","{2023: 0.0025072082236429734, 2024: 0.002810018326206475, 2025: 0.0032723306265907163, 2026: 0.002664195528784895}",9.332742158102424e-05,2025,"{'interest_coverage': np.float64(-0.4681724845995893), 'rating': 'Critical (default risk)', 'debt_to_ebitda': np.float64(10.433734939759036), 'debt_ebitda_rating': 'Distressed'}","{'additional_debt_capacity_usd': None, 'assumptions': 'Maintain interest coverage >= 3.0x'}","{'free_cash_flow_usd': np.float64(384000000.0), 'fcf_margin': np.float64(0.012735051238682718), 'fcf_margin_rating': 'Weak', 'ocf_to_debt': np.float64(0.18657208841966347), 'ocf_to_debt_rating': 'Strong'}","{'current_ratio': np.float64(1.7732093326806984), 'rating': 'Strong', 'cash_and_equiv_usd': np.float64(3443000000.0)}","{'revenue_growth_yoy': np.float64(-0.09705336287955921), 'ebitda_growth_yoy': np.float64(-0.6862850971922246)}",Challenging – improvement needed,"{2023: np.float64(0.6267090991742033), 2024: np.float64(0.6182760098682982), 2025: np.float64(0.5973922130771172)}","{2024: np.float64(-0.20117570215545394), 2025: np.float64(-0.021207177814029365)}",-1.0
188,MPC,"{2023: 0.0, 2024: 0.0, 2025: 0.0, 2026: 0.0}",0.0,1.0,"[np.float32(1.0), np.float32(1.0), np.float32(1.0)]","{2023: 0.0, 2024: 0.0, 2025: 0.0, 2026: 0.0}",0.0,2025,"{'interest_coverage': np.float64(5.968130311614731), 'rating': 'Very Strong', 'debt_to_ebitda': np.float64(2.6121767425929097), 'debt_ebitda_rating': 'Elevated'}","{'additional_debt_capacity_usd': None, 'assumptions': 'Maintain interest coverage >= 3.0x'}","{'free_cash_flow_usd': np.float64(4767000000.0), 'fcf_margin': np.float64(0.035923405602152236), 'fcf_margin_rating': 'Weak', 'ocf_to_debt': np.float64(0.2705458121619407), 'ocf_to_debt_rating': 'Very Strong'}","{'current_ratio': np.float64(1.2592743164955789), 'rating': 'Good', 'cash_and_equiv_usd': np.float64(3672000000.0)}","{'revenue_growth_yoy': np.float64(-0.044395955755271346), 'ebitda_growth_yoy': np.float64(0.10149028485191473)}",Feasible – strong financial health,"{2023: 0.5, 2024: 0.5, 2025: 0.5}","{2024: np.float64(-0.3402116402116402), 2025: np.float64(-0.3762337149624951)}",
189,MAR,"{2023: 0.005147717099373322, 2024: 0.005070292694169164, 2025: 0.005613863802782524, 2026: 0.005402624131721122}",0.0001308292205657,0.8883903622627258,"[np.float32(0.8485298), np.float32(0.8314179), np.float32(0.9852233)]","{2023: 0.005819158460161146, 2024: 0.0055312283936390875, 2025: 0.006590187942396876, 2026: 0.004888088500128634}",-0.000173425033134,2025,"{'interest_coverage': np.float64(5.195302843016069), 'rating': 'Very Strong', 'debt_to_ebitda': np.float64(3.1226572261557686), 'debt_ebitda_rating': 'High'}","{'additional_debt_capacity_usd': None, 'assumptions': 'Maintain interest coverage >= 3.0x'}","{'free_cash_flow_usd': np.float64(2608000000.0), 'fcf_margin': np.float64(0.09959520354387841), 'fcf_margin_rating': 'Moderate', 'ocf_to_debt': np.float64(0.21420473491163722), 'ocf_to_debt_rating': 'Very Strong'}","{'current_ratio': np.float64(0.426768278161467), 'rating': 'Critical', 'cash_and_equiv_usd': np.float64(358000000.0)}","{'revenue_growth_yoy': np.float64(0.04326693227091633), 'ebitda_growth_yoy': np.float64(0.10696173351775011)}",Challenging – improvement needed,"{2023: np.float64(0.6183822664121786), 2024: np.float64(0.576723251042181), 2025: np.float64(0.492793779387804)}","{2024: np.float64(-0.6592920353982301), 2025: np.float64(0.19466666666666665)}",-1.0
190,MLM,"{2023: 0.004451038575667656, 2024: 0.004732137640941754, 2025: 0.00549558390578999, 2026: 0.005164378385187051}",0.0002903465693407,0.9531148076057434,"[np.float32(0.9756563), np.float32(0.9610486), np.float32(0.9226395)]","{2023: 0.004557015684612124, 2024: 0.004732137640941754, 2025: 0.004579653254824992, 2026: 0.004093714573623882}",-0.0001542387719082,2025,"{'interest_coverage': np.float64(6.3304347826086955), 'rating': 'Very Strong', 'debt_to_ebitda': np.float64(2.528905876731964), 'debt_ebitda_rating': 'Elevated'}","{'additional_debt_capacity_usd': None, 'assumptions': 'Maintain interest coverage >= 3.0x'}","{'free_cash_flow_usd': np.float64(978000000.0), 'fcf_margin': np.float64(0.15902439024390244), 'fcf_margin_rating': 'Excellent', 'ocf_to_debt': np.float64(0.33723786132628), 'ocf_to_debt_rating': 'Very Strong'}","{'current_ratio': np.float64(3.5675977653631286), 'rating': 'Very Strong', 'cash_and_equiv_usd': np.float64(67000000.0)}","{'revenue_growth_yoy': np.float64(0.0861886259272342), 'ebitda_growth_yoy': np.float64(-0.32657657657657657)}",Feasible – strong financial health,"{2023: np.float64(0.6482377033618173), 2024: np.float64(0.6473012476935422), 2025: np.float64(0.6729889850539621)}","{2024: np.float64(-0.3153846153846154), 2025: np.float64(0.056140350877192984)}",-1.0
191,MAS,"{2023: 0.008889766890557092, 2024: 0.009636443276390714, 2025: 0.010673624288425047, 2026: 0.011077542799597181}",0.0007600508739157,0.9433780312538148,"[np.float32(0.93180573), np.float32(0.951421), np.float32(0.9469074)]","{2023: 0.002765705254839984, 2024: 0.0032851511169513796, 2025: 0.003557874762808349, 2026: 0.005035246727089627}",0.0007081348062609,2025,"{'interest_coverage': np.float64(12.237623762376238), 'rating': 'Very Strong', 'debt_to_ebitda': np.float64(2.1278901734104045), 'debt_ebitda_rating': 'Elevated'}","{'additional_debt_capacity_usd': None, 'assumptions': 'Maintain interest coverage >= 3.0x'}","{'free_cash_flow_usd': np.float64(866000000.0), 'fcf_margin': np.float64(0.11451996826236445), 'fcf_margin_rating': 'Good', 'ocf_to_debt': np.float64(0.34702886247877757), 'ocf_to_debt_rating': 'Very Strong'}","{'current_ratio': np.float64(1.8054672600127146), 'rating': 'Strong', 'cash_and_equiv_usd': np.float64(647000000.0)}","{'revenue_growth_yoy': np.float64(-0.03398058252427184), 'ebitda_growth_yoy': np.float64(-0.018439716312056736)}",Feasible – strong financial health,"{2023: np.float64(0.6352863142619262), 2024: np.float64(0.6524130281888776), 2025: np.float64(0.6360764737064774)}","{2024: np.float64(0.30864197530864196), 2025: np.float64(0.07142857142857142)}",-1.0
192,MA,"{2023: 0.0, 2024: 0.0, 2025: 0.0, 2026: 0.0}",0.0,0.9999998211860656,"[np.float32(0.9999999), np.float32(0.9999999), np.float32(0.9999999)]","{2023: 0.0, 2024: 0.0, 2025: 0.0, 2026: 0.0}",0.0,2025,"{'interest_coverage': np.float64(26.73130193905817), 'rating': 'Very Strong', 'debt_to_ebitda': np.float64(0.8927750330186371), 'debt_ebitda_rating': 'Conservative'}","{'additional_debt_capacity_usd': None, 'assumptions': 'Maintain interest coverage >= 3.0x'}","{'free_cash_flow_usd': np.float64(16433000000.0), 'fcf_margin': np.float64(0.5011436064773871), 'fcf_margin_rating': 'Exceptional', 'ocf_to_debt': np.float64(0.9669607144813983), 'ocf_to_debt_rating': 'Very Strong'}","{'current_ratio': np.float64(1.0349705649767156), 'rating': 'Adequate', 'cash_and_equiv_usd': np.float64(10566000000.0)}","{'revenue_growth_yoy': np.float64(0.16416373770724607), 'ebitda_growth_yoy': np.float64(0.2170625706971483)}",Feasible – strong financial health,"{2023: 0.5, 2024: 0.5, 2025: 0.5}","{2024: np.float64(-0.0974264705882353), 2025: np.float64(-0.017587939698492462)}",
193,MKC,"{2023: 0.0054316300163476244, 2024: 0.005145470715283954, 2025: 0.005736636245110821, 2026: 0.006895248890148295}",0.0004982022151231,0.9945738315582277,"[np.float32(0.9999999), np.float32(0.99668014), np.float32(0.9870415)]","{2023: 0.004482413120286874, 2024: 0.004192605768009148, 2025: 0.004867448935245545, 2026: 0.006045149711910834}",0.0005363052942111,2025,"{'interest_coverage': np.float64(5.653414882772681), 'rating': 'Very Strong', 'debt_to_ebitda': np.float64(2.3168966803431554), 'debt_ebitda_rating': 'Elevated'}","{'additional_debt_capacity_usd': None, 'assumptions': 'Maintain interest coverage >= 3.0x'}","{'free_cash_flow_usd': np.float64(740400000.0), 'fcf_margin': np.float64(0.10824086662865663), 'fcf_margin_rating': 'Good', 'ocf_to_debt': np.float64(0.30980745701590573), 'ocf_to_debt_rating': 'Very Strong'}","{'current_ratio': np.float64(0.6982234994448436), 'rating': 'Weak', 'cash_and_equiv_usd': np.float64(95900000.0)}","{'revenue_growth_yoy': np.float64(0.017341642250546574), 'ebitda_growth_yoy': np.float64(0.018230155715913406)}",Feasible – strong financial health,"{2023: np.float64(0.451236833873977), 2024: np.float64(0.4474909253878875), 2025: np.float64(0.5019097006879747)}","{2024: np.float64(-0.041682455475558926), 2025: np.float64(0.19316114950891233)}",-1.0
194,MCK,"{2022: 0.005485129205265724, 2023: 0.005049867440979674, 2024: 0.004810725552050473, 2025: 0.005028735632183908}",-0.0001608322608174,0.9806109070777892,"[np.float32(0.942631), np.float32(0.99959004), np.float32(0.99961174)]","{2022: 0.0016455387615797173, 2023: 0.0015780835753061483, 2024: 0.001498422712933754, 2025: 0.002075351213282248}",0.0001209776492735,2025,"{'interest_coverage': np.float64(17.449056603773585), 'rating': 'Very Strong', 'debt_to_ebitda': np.float64(0.8484790874524715), 'debt_ebitda_rating': 'Conservative'}","{'additional_debt_capacity_usd': None, 'assumptions': 'Maintain interest coverage >= 3.0x'}","{'free_cash_flow_usd': np.float64(5226000000.0), 'fcf_margin': np.float64(0.014555035357094117), 'fcf_margin_rating': 'Weak', 'ocf_to_debt': np.float64(1.3634326686085592), 'ocf_to_debt_rating': 'Very Strong'}","{'current_ratio': np.float64(0.8992597883254334), 'rating': 'Marginal', 'cash_and_equiv_usd': np.float64(5691000000.0)}","{'revenue_growth_yoy': np.float64(0.1621616372822875), 'ebitda_growth_yoy': np.float64(0.12489307100085544)}",Marginally feasible – monitor key risks,"{2022: np.float64(0.5892751600214206), 2023: np.float64(0.6536882733835757), 2024: np.float64(0.6614629394959571), 2025: np.float64(0.6493361499382272)}","{2023: np.float64(-0.04299065420560748), 2024: np.float64(-0.23118279569892472), 2025: np.float64(-0.25036390101892286)}",-0.9998952908997534
195,MDT,"{2022: 0.004142011834319527, 2023: 0.0034346103038309117, 2024: 0.00332871012482663, 2025: 0.004230201672405312}",1.586693352535926e-05,0.985990047454834,"[np.float32(0.97655493), np.float32(0.9847932), np.float32(0.99662197)]","{2022: 0.006846999154691462, 2023: 0.005900484368119771, 2024: 0.00730466944059177, 2025: 0.0070831283817019185}",0.0002112572753503,2025,"{'interest_coverage': np.float64(8.720164609053498), 'rating': 'Very Strong', 'debt_to_ebitda': np.float64(2.776090258190497), 'debt_ebitda_rating': 'Elevated'}","{'additional_debt_capacity_usd': None, 'assumptions': 'Maintain interest coverage >= 3.0x'}","{'free_cash_flow_usd': np.float64(5185000000.0), 'fcf_margin': np.float64(0.15460536124280647), 'fcf_margin_rating': 'Excellent', 'ocf_to_debt': np.float64(0.27526377491207504), 'ocf_to_debt_rating': 'Very Strong'}","{'current_ratio': np.float64(1.849056603773585), 'rating': 'Strong', 'cash_and_equiv_usd': np.float64(2218000000.0)}","{'revenue_growth_yoy': np.float64(0.03624397478680015), 'ebitda_growth_yoy': np.float64(0.12373521882238206)}",Feasible – strong financial health,"{2022: np.float64(0.5042341619639867), 2023: np.float64(0.5949108384164243), 2024: np.float64(0.6041852336448545), 2025: np.float64(0.63336292948694)}","{2023: np.float64(-0.06652046783625731), 2024: np.float64(-0.08773132282385196), 2025: np.float64(-0.1713925645872716)}",-0.7174393399702563
196,MET,"{2023: 0.004636973764490543, 2024: 0.003824207842661163, 2025: 0.004357515883311712, 2026: 0.003757940886993349}",-0.0002103790591841,0.9878273606300354,"[np.float32(0.96937835), np.float32(0.99952954), np.float32(0.99457437)]","{2023: 0.005808419768151312, 2024: 0.006464732305451013, 2025: 0.005854372484449323, 2026: 0.007008858003519342}",0.0002990954885103,2025,"{'interest_coverage': np.float64(5.3930254476908575), 'rating': 'Very Strong', 'debt_to_ebitda': None, 'debt_ebitda_rating': 'N/A'}","{'additional_debt_capacity_usd': None, 'assumptions': 'Maintain interest coverage >= 3.0x'}","{'free_cash_flow_usd': None, 'fcf_margin': None, 'fcf_margin_rating': 'N/A', 'ocf_to_debt': np.float64(0.9181349376880104), 'ocf_to_debt_rating': 'Very Strong'}","{'current_ratio': None, 'rating': 'N/A', 'cash_and_equiv_usd': np.float64(22032000000.0)}","{'revenue_growth_yoy': np.float64(0.07875262009667622), 'ebitda_growth_yoy': None}",Challenging – improvement needed,,,
197,MTD,"{2023: 0.0054933088110737365, 2024: 0.0056283858258483616, 2025: 0.005356625808319661, 2026: 0.005542702911123964}",-1.23577717378157e-05,0.9952161312103271,"[np.float32(0.99923027), np.float32(0.99713165), np.float32(0.98928636)]","{2023: 0.003896135324153619, 2024: 0.003705354002016838, 2025: 0.0038123733230383166, 2026: 0.003976286871023713}",3.474739616320632e-05,2025,"{'interest_coverage': np.float64(16.309187769101655), 'rating': 'Very Strong', 'debt_to_ebitda': np.float64(1.679954852401463), 'debt_ebitda_rating': 'Moderate'}","{'additional_debt_capacity_usd': None, 'assumptions': 'Maintain interest coverage >= 3.0x'}","{'free_cash_flow_usd': np.float64(848648000.0), 'fcf_margin': np.float64(0.21077096432817513), 'fcf_margin_rating': 'Exceptional', 'ocf_to_debt': np.float64(0.45769238320672756), 'ocf_to_debt_rating': 'Very Strong'}","{'current_ratio': np.float64(1.13734145942463), 'rating': 'Adequate', 'cash_and_equiv_usd': np.float64(66888000.0)}","{'revenue_growth_yoy': np.float64(0.039778832603675124), 'ebitda_growth_yoy': np.float64(0.006444143068234723)}",Feasible – strong financial health,"{2023: np.float64(0.6015718853628298), 2024: np.float64(0.5840134842154969), 2025: np.float64(0.599326193033946)}","{2024: np.float64(0.013529808303979188), 2025: np.float64(-0.031049683343278987)}",1.0
198,MGM,"{2023: 0.006902502157031924, 2024: 0.00817562452687358, 2025: 0.00800316474955876, 2026: 0.0077546369563841235}",0.0002383944620742,0.9143631458282472,"[np.float32(0.7632059), np.float32(0.97988355), np.float32(1.0)]","{2023: 0.00335880685319857, 2024: 0.00372445117335352, 2025: 0.004108088369545372, 2026: 0.00401975058555422}",0.0002366468393259,2025,"{'interest_coverage': np.float64(1.670049780212962), 'rating': 'Marginal', 'debt_to_ebitda': np.float64(3.6272045830992394), 'debt_ebitda_rating': 'High'}","{'additional_debt_capacity_usd': None, 'assumptions': 'Maintain interest coverage >= 3.0x'}","{'free_cash_flow_usd': np.float64(1460451000.0), 'fcf_margin': np.float64(0.08327502555497211), 'fcf_margin_rating': 'Moderate', 'ocf_to_debt': np.float64(0.4059904904238925), 'ocf_to_debt_rating': 'Very Strong'}","{'current_ratio': np.float64(1.2335683394611838), 'rating': 'Good', 'cash_and_equiv_usd': np.float64(2062994000.0)}","{'revenue_growth_yoy': np.float64(0.01723483799381052), 'ebitda_growth_yoy': np.float64(-0.2817509634555941)}",Challenging – improvement needed,"{2023: np.float64(0.5311483671730008), 2024: np.float64(0.5457387304416409), 2025: np.float64(0.5309425336637683)}","{2024: np.float64(-0.23478530563535815), 2025: np.float64(0.07097408370843107)}",1.0
199,MCHP,"{2022: 0.007600469728601253, 2023: 0.007794688520549633, 2024: 0.007383250717453692, 2025: 0.007142312482525481}",-0.0001785909541323,0.9458052515983582,"[np.float32(1.0000001), np.float32(0.99385375), np.float32(0.8435619)]","{2022: 0.0023160229645093947, 2023: 0.0031117135991126994, 2024: 0.0031307070180015655, 2025: 0.0029230104465851614}",0.0001839955865115,2025,"{'interest_coverage': np.float64(1.154733492442323), 'rating': 'Weak', 'debt_to_ebitda': np.float64(5.411764705882353), 'debt_ebitda_rating': 'Distressed'}","{'additional_debt_capacity_usd': None, 'assumptions': 'Maintain interest coverage >= 3.0x'}","{'free_cash_flow_usd': np.float64(772100000.0), 'fcf_margin': np.float64(0.17541348600508905), 'fcf_margin_rating': 'Excellent', 'ocf_to_debt': np.float64(0.15950909349246944), 'ocf_to_debt_rating': 'Strong'}","{'current_ratio': np.float64(2.589645918102329), 'rating': 'Very Strong', 'cash_and_equiv_usd': np.float64(771700000.0)}","{'revenue_growth_yoy': np.float64(-0.42345174473436026), 'ebitda_growth_yoy': np.float64(-0.6972412990338727)}",Marginally feasible – monitor key risks,"{2022: np.float64(0.4331695868131069), 2023: np.float64(0.4239050515009452), 2024: np.float64(0.4415488488984051), 2025: np.float64(0.4172565045022077)}","{2023: np.float64(-0.31369900027019726), 2024: np.float64(0.41361579596873715), 2025: np.float64(0.5580498070852332)}",0.1258927794032685
200,MU,"{2022: 0.007112375533428165, 2023: 0.007098007098007098, 2024: 0.006376353121447284, 2025: 0.0072684246112238}",-2.535067431725763e-05,0.69966059923172,"[np.float32(0.5224339), np.float32(0.98743904), np.float32(0.58910894)]","{2022: 0.003454582401950823, 2023: 0.002457002457002457, 2024: 0.002669171074094212, 2025: 0.0037187288708586883}",0.0001004608023816,2025,"{'interest_coverage': np.float64(21.238993710691823), 'rating': 'Very Strong', 'debt_to_ebitda': np.float64(0.6239787913217552), 'debt_ebitda_rating': 'Conservative'}","{'additional_debt_capacity_usd': None, 'assumptions': 'Maintain interest coverage >= 3.0x'}","{'free_cash_flow_usd': np.float64(1668000000.0), 'fcf_margin': np.float64(0.04462518058751137), 'fcf_margin_rating': 'Weak', 'ocf_to_debt': np.float64(1.5195525882250933), 'ocf_to_debt_rating': 'Very Strong'}","{'current_ratio': np.float64(2.5179849834119086), 'rating': 'Very Strong', 'cash_and_equiv_usd': np.float64(9642000000.0)}","{'revenue_growth_yoy': np.float64(0.48851101111066864), 'ebitda_growth_yoy': np.float64(0.9289292423293676)}",Feasible – strong financial health,"{2022: np.float64(0.6562424794211984), 2023: np.float64(0.4588811422457521), 2024: np.float64(0.478570447769016), 2025: np.float64(0.647640869442013)}","{2023: np.float64(0.3638849755531615), 2024: np.float64(-0.0924960917144346), 2025: np.float64(-0.890889577867875)}",0.7176531257595741
201,MSFT,"{2022: 0.003437301082113304, 2023: 0.0034207525655644243, 2024: 0.0030257186081694403, 2025: 0.0027978206449712855}",-0.0002313475268821,0.96199369430542,"[np.float32(0.93445283), np.float32(0.96697), np.float32(0.98455834)]","{2022: 0.010184595798854232, 2023: 0.010388952236158622, 2024: 0.011002613120616147, 2025: 0.012663819761448977}",0.0008051332772242,2025,"{'interest_coverage': np.float64(52.835220125786165), 'rating': 'Very Strong', 'debt_to_ebitda': np.float64(0.25069147441700745), 'debt_ebitda_rating': 'Conservative'}","{'additional_debt_capacity_usd': None, 'assumptions': 'Maintain interest coverage >= 3.0x'}","{'free_cash_flow_usd': np.float64(71611000000.0), 'fcf_margin': np.float64(0.2541884965427156), 'fcf_margin_rating': 'Exceptional', 'ocf_to_debt': np.float64(3.391163578402072), 'ocf_to_debt_rating': 'Very Strong'}","{'current_ratio': np.float64(1.3534464445042416), 'rating': 'Good', 'cash_and_equiv_usd': np.float64(30242000000.0)}","{'revenue_growth_yoy': np.float64(0.1493215623240672), 'ebitda_growth_yoy': np.float64(0.2041666353404657)}",Feasible – strong financial health,"{2022: np.float64(0.5989385831194955), 2023: np.float64(0.5939902713256223), 2024: np.float64(0.6211819578893483), 2025: np.float64(0.6329946363413775)}","{2023: np.float64(-0.17671439336850037), 2024: np.float64(-0.5824171914469705), 2025: np.float64(-0.45133439755379184)}",-0.0298225581317652
202,MAA,"{2023: 0.0055641421947449764, 2024: 0.0049637778374027365, 2025: 0.004908926495284847, 2026: 0.00492676431424767}",-0.000196698498361,0.9994162917137146,"[np.float32(0.99887013), np.float32(0.99971557), np.float32(0.9996631)]","{2023: 0.005100463678516229, 2024: 0.004158840890796887, 2025: 0.004650561942901434, 2026: 0.004260985352862849}",-0.0002026713924856,2025,"{'interest_coverage': np.float64(3.4781033915047743), 'rating': 'Strong', 'debt_to_ebitda': np.float64(3.7318134760816593), 'debt_ebitda_rating': 'High'}","{'additional_debt_capacity_usd': None, 'assumptions': 'Maintain interest coverage >= 3.0x'}","{'free_cash_flow_usd': np.float64(717937000.0), 'fcf_margin': np.float64(0.32498689526989405), 'fcf_margin_rating': 'Exceptional', 'ocf_to_debt': np.float64(0.22797424266900554), 'ocf_to_debt_rating': 'Very Strong'}","{'current_ratio': np.float64(0.0902011121526771), 'rating': 'Critical', 'cash_and_equiv_usd': np.float64(60258000.0)}","{'revenue_growth_yoy': np.float64(0.008266031953227157), 'ebitda_growth_yoy': np.float64(-0.025002865801258798)}",Marginally feasible – monitor key risks,"{2023: np.float64(0.6147341882256238), 2024: np.float64(0.6358667381832169), 2025: np.float64(0.6011886371729466)}","{2024: np.float64(0.05524816542798865), 2025: np.float64(-0.11746057349893911)}",-1.0
203,MRNA,"{2023: 0.006850217362666315, 2024: 0.007694248234106963, 2025: 0.00621873732594295, 2026: 0.00503989920201596}",-0.0006906465390119,0.9987171292304992,"[np.float32(0.9961513), np.float32(1.0000001), np.float32(1.0000001)]","{2023: 0.017652483203793968, 2024: 0.020433905146316853, 2025: 0.0183858320940922, 2026: 0.019459610807783845}",0.0003373309759744,2025,"{'interest_coverage': np.float64(-275.8), 'rating': 'Critical (default risk)', 'debt_to_ebitda': np.float64(-0.2320094376720409), 'debt_ebitda_rating': 'No debt'}","{'additional_debt_capacity_usd': None, 'assumptions': 'Maintain interest coverage >= 3.0x'}","{'free_cash_flow_usd': np.float64(-2075000000.0), 'fcf_margin': np.float64(-1.0796045785639958), 'fcf_margin_rating': 'Breakeven', 'ocf_to_debt': np.float64(-3.1745762711864405), 'ocf_to_debt_rating': 'Cannot cover interest'}","{'current_ratio': np.float64(3.2934071464519374), 'rating': 'Very Strong', 'cash_and_equiv_usd': np.float64(2595000000.0)}","{'revenue_growth_yoy': np.float64(-0.3991872460143795), 'ebitda_growth_yoy': np.float64(0.250736593989393)}",Marginally feasible – monitor key risks,"{2023: np.float64(0.5531478727687941), 2024: np.float64(0.5122696489683891), 2025: np.float64(0.5188058962114155)}","{2024: np.float64(-0.48656294200848654), 2025: np.float64(0.807802093244529)}",-1.0
204,TAP,"{2023: 0.006892060563303847, 2024: 0.00658452495337139, 2025: 0.0060549472314178196, 2026: 0.006452632410650794}",-0.0001847862179913,0.9278900027275084,"[np.float32(0.9274565), np.float32(0.96138614), np.float32(0.89482725)]","{2023: 0.0024149346068269386, 2024: 0.0024585994461086306, 2025: 0.0028011204481792717, 2026: 0.002844425715715452}",0.0001630994328736,2025,"{'interest_coverage': np.float64(-9.157321500605082), 'rating': 'Critical (default risk)', 'debt_to_ebitda': np.float64(-2.5028490028490027), 'debt_ebitda_rating': 'No debt'}","{'additional_debt_capacity_usd': None, 'assumptions': 'Maintain interest coverage >= 3.0x'}","{'free_cash_flow_usd': np.float64(1067800000.0), 'fcf_margin': np.float64(0.09584589975585237), 'fcf_margin_rating': 'Moderate', 'ocf_to_debt': np.float64(0.46163398354633417), 'ocf_to_debt_rating': 'Very Strong'}","{'current_ratio': np.float64(0.5527415831889734), 'rating': 'Weak', 'cash_and_equiv_usd': np.float64(896500000.0)}","{'revenue_growth_yoy': np.float64(-0.041816461684011354), 'ebitda_growth_yoy': np.float64(-1.604130808950086)}",Challenging – improvement needed,"{2023: np.float64(0.5086772262072011), 2024: np.float64(0.4896274003641386), 2025: np.float64(0.5112903043943442)}","{2024: np.float64(-0.00387192851824274), 2025: np.float64(-0.0630470256638481)}",1.0
205,MDLZ,"{2023: 0.005192532088681447, 2024: 0.005667589297482536, 2025: 0.006435086842434087, 2026: 0.00697292863002461}",0.0006108687168983,0.9747092723846436,"[np.float32(0.9916471), np.float32(1.0000001), np.float32(0.93248063)]","{2023: 0.004959159859976663, 2024: 0.004679056280479768, 2025: 0.004560789703861052, 2026: 0.004429860541427399}",-0.0001706164532267,2025,"{'interest_coverage': np.float64(6.031719532554257), 'rating': 'Very Strong', 'debt_to_ebitda': np.float64(3.464494065580366), 'debt_ebitda_rating': 'High'}","{'additional_debt_capacity_usd': None, 'assumptions': 'Maintain interest coverage >= 3.0x'}","{'free_cash_flow_usd': np.float64(3235000000.0), 'fcf_margin': np.float64(0.0839452993227288), 'fcf_margin_rating': 'Moderate', 'ocf_to_debt': np.float64(0.26210660782719775), 'ocf_to_debt_rating': 'Very Strong'}","{'current_ratio': np.float64(0.5923435784851812), 'rating': 'Weak', 'cash_and_equiv_usd': np.float64(2125000000.0)}","{'revenue_growth_yoy': np.float64(0.05751763123953788), 'ebitda_growth_yoy': np.float64(-0.3840911906826911)}",Challenging – improvement needed,"{2023: np.float64(0.5869112220825627), 2024: np.float64(0.5852262565464366), 2025: np.float64(0.557915895158409)}","{2024: np.float64(-0.24730215827338128), 2025: np.float64(0.07786589762076424)}",-1.0
206,MPWR,{2026: 0.0065303193397918905},,,[],{2026: 0.0022963760315751706},,2025,"{'interest_coverage': None, 'rating': 'N/A', 'debt_to_ebitda': None, 'debt_ebitda_rating': 'N/A'}","{'additional_debt_capacity_usd': None, 'assumptions': 'Maintain interest coverage >= 3.0x'}","{'free_cash_flow_usd': np.float64(663261000.0), 'fcf_margin': np.float64(0.23768885333918183), 'fcf_margin_rating': 'Exceptional', 'ocf_to_debt': None, 'ocf_to_debt_rating': 'N/A'}","{'current_ratio': np.float64(5.912314377377391), 'rating': 'Very Strong', 'cash_and_equiv_usd': np.float64(1099302000.0)}","{'revenue_growth_yoy': np.float64(0.26431018078020935), 'ebitda_growth_yoy': np.float64(0.3566607848722099)}",Marginally feasible – monitor key risks,,,
207,MNST,"{2023: 0.003124457559451484, 2024: 0.0032679738562091504, 2025: 0.00260459059091649, 2026: 0.002981613384131191}",-0.0001091915791254,0.900585949420929,"[np.float32(0.95305866), np.float32(0.84872055), np.float32(0.8999787)]","{2023: 0.005381010241277556, 2024: 0.005331957344341246, 2025: 0.0050463942699007, 2026: 0.00513500082822594}",-0.0001023591313595,2025,"{'interest_coverage': None, 'rating': 'N/A', 'debt_to_ebitda': np.float64(nan), 'debt_ebitda_rating': 'Distressed'}","{'additional_debt_capacity_usd': None, 'assumptions': 'Maintain interest coverage >= 3.0x'}","{'free_cash_flow_usd': np.float64(1940648000.0), 'fcf_margin': np.float64(0.23397247979737515), 'fcf_margin_rating': 'Exceptional', 'ocf_to_debt': np.float64(nan), 'ocf_to_debt_rating': 'Very Strong'}","{'current_ratio': np.float64(3.7029686830872093), 'rating': 'Very Strong', 'cash_and_equiv_usd': np.float64(2088117000.0)}","{'revenue_growth_yoy': np.float64(0.10698854045979898), 'ebitda_growth_yoy': np.float64(0.2601381191289921)}",Marginally feasible – monitor key risks,"{2023: np.float64(0.5857245910324549), 2024: np.float64(0.6452832512557507), 2025: np.float64(0.6410006505290144)}","{2024: np.float64(-0.3055077452667814), 2025: np.float64(0.4859284544143274)}",1.0
208,MCO,"{2023: 0.005724883083373649, 2024: 0.006136029729496154, 2025: 0.006389480507454394, 2026: 0.0057916702154842}",4.538121742898211e-05,0.9847076535224916,"[np.float32(0.9643769), np.float32(0.999967), np.float32(0.9897791)]","{2023: 0.00782131914207386, 2024: 0.0070002592688618095, 2025: 0.008519307343272525, 2026: 0.00885784856485819}",0.0004628636342766,2025,"{'interest_coverage': np.float64(12.138790035587188), 'rating': 'Very Strong', 'debt_to_ebitda': np.float64(1.7974813672577743), 'debt_ebitda_rating': 'Moderate'}","{'additional_debt_capacity_usd': None, 'assumptions': 'Maintain interest coverage >= 3.0x'}","{'free_cash_flow_usd': np.float64(2575000000.0), 'fcf_margin': np.float64(0.33363565690593416), 'fcf_margin_rating': 'Exceptional', 'ocf_to_debt': np.float64(0.4147841006577066), 'ocf_to_debt_rating': 'Very Strong'}","{'current_ratio': np.float64(1.7396846695739685), 'rating': 'Strong', 'cash_and_equiv_usd': np.float64(2384000000.0)}","{'revenue_growth_yoy': np.float64(0.08888261851015801), 'ebitda_growth_yoy': np.float64(0.12164889017007784)}",Feasible – strong financial health,"{2023: np.float64(0.6764685377860681), 2024: np.float64(0.6855742482934147), 2025: np.float64(0.7433667677558131)}","{2024: np.float64(-0.16974169741697417), 2025: np.float64(-0.028391167192429023)}",1.0
209,MOS,"{2024: 0.0, 2025: 0.0, 2026: 0.0}",0.0,0.9885812401771544,"[np.float32(0.98858124), np.float32(0.98858124)]","{2024: 0.0, 2025: 0.0, 2026: 0.0}",0.0,2025,"{'interest_coverage': np.float64(6.022360248447205), 'rating': 'Very Strong', 'debt_to_ebitda': np.float64(1.6974404025076868), 'debt_ebitda_rating': 'Moderate'}","{'additional_debt_capacity_usd': None, 'assumptions': 'Maintain interest coverage >= 3.0x'}","{'free_cash_flow_usd': np.float64(-534600000.0), 'fcf_margin': np.float64(-0.04435631077627692), 'fcf_margin_rating': 'Breakeven', 'ocf_to_debt': np.float64(0.19402949963537133), 'ocf_to_debt_rating': 'Strong'}","{'current_ratio': np.float64(1.3150296273978106), 'rating': 'Good', 'cash_and_equiv_usd': np.float64(276600000.0)}","{'revenue_growth_yoy': np.float64(0.0835760779659798), 'ebitda_growth_yoy': np.float64(0.5941816792921255)}",Feasible – strong financial health,"{2024: 0.5, 2025: 0.5}",{2025: np.float64(-0.0859562230388241)},
210,MSI,"{2023: 0.0, 2024: 0.0, 2025: 0.0, 2026: 0.0}",0.0,0.9807066917419434,"[np.float32(0.95831674), np.float32(0.98380315), np.float32(1.0000001)]","{2023: 0.0, 2024: 0.0, 2025: 0.0, 2026: 0.0}",0.0,2025,"{'interest_coverage': np.float64(8.811111111111112), 'rating': 'Very Strong', 'debt_to_ebitda': np.float64(2.338893522379761), 'debt_ebitda_rating': 'Elevated'}","{'additional_debt_capacity_usd': None, 'assumptions': 'Maintain interest coverage >= 3.0x'}","{'free_cash_flow_usd': np.float64(2572000000.0), 'fcf_margin': np.float64(0.2201677794898134), 'fcf_margin_rating': 'Exceptional', 'ocf_to_debt': np.float64(0.33721621300368476), 'ocf_to_debt_rating': 'Very Strong'}","{'current_ratio': np.float64(1.0365251727541955), 'rating': 'Adequate', 'cash_and_equiv_usd': np.float64(1163000000.0)}","{'revenue_growth_yoy': np.float64(0.07996671905334196), 'ebitda_growth_yoy': np.float64(0.3818670764502497)}",Feasible – strong financial health,"{2023: 0.5, 2024: 0.5, 2025: 0.5}","{2024: np.float64(-0.015810276679841896), 2025: np.float64(-0.0311284046692607)}",
211,MSCI,"{2023: 0.0034828928498258555, 2024: 0.0032855436081242534, 2025: 0.003850596842510589, 2026: 0.003802672147995889}",0.0001524391128897,0.9208369255065918,"[np.float32(0.9888526), np.float32(0.78947604), np.float32(0.984182)]","{2023: 0.007170661749641467, 2024: 0.007566706491437674, 2025: 0.007989988448209473, 2026: 0.008016443987667009}",0.0002960628670849,2025,"{'interest_coverage': np.float64(8.119267803458019), 'rating': 'Very Strong', 'debt_to_ebitda': np.float64(3.22579581477234), 'debt_ebitda_rating': 'High'}","{'additional_debt_capacity_usd': None, 'assumptions': 'Maintain interest coverage >= 3.0x'}","{'free_cash_flow_usd': np.float64(1458585000.0), 'fcf_margin': np.float64(0.46533867566938986), 'fcf_margin_rating': 'Exceptional', 'ocf_to_debt': np.float64(0.25610653878263595), 'ocf_to_debt_rating': 'Very Strong'}","{'current_ratio': np.float64(0.8989218527714455), 'rating': 'Marginal', 'cash_and_equiv_usd': np.float64(511665000.0)}","{'revenue_growth_yoy': np.float64(0.09745046440495664), 'ebitda_growth_yoy': np.float64(0.09998724214691211)}",Marginally feasible – monitor key risks,"{2023: np.float64(0.4945850558769034), 2024: np.float64(0.5027498103519703), 2025: np.float64(0.5625903746113181)}","{2024: np.float64(-0.2671076818086757), 2025: np.float64(-0.12806859048975833)}",1.0
212,NDAQ,"{2023: 0.00526957269859478, 2024: 0.0053125, 2025: 0.005177568730401809, 2026: 0.005089505089505089}",-6.751340968676443e-05,0.9714348912239076,"[np.float32(0.9541209), np.float32(1.0000001), np.float32(0.9601836)]","{2023: 0.00401491253226269, 2024: 0.0043055555555555555, 2025: 0.004120177933347918, 2026: 0.004703404703404703}",0.0001880098891219,2025,"{'interest_coverage': np.float64(7.059322033898305), 'rating': 'Very Strong', 'debt_to_ebitda': np.float64(2.7381028425423186), 'debt_ebitda_rating': 'Elevated'}","{'additional_debt_capacity_usd': None, 'assumptions': 'Maintain interest coverage >= 3.0x'}","{'free_cash_flow_usd': np.float64(1989000000.0), 'fcf_margin': np.float64(0.24074074074074073), 'fcf_margin_rating': 'Exceptional', 'ocf_to_debt': np.float64(0.2630351102297912), 'ocf_to_debt_rating': 'Very Strong'}","{'current_ratio': np.float64(1.0052757191307624), 'rating': 'Adequate', 'cash_and_equiv_usd': np.float64(604000000.0)}","{'revenue_growth_yoy': np.float64(0.11648648648648649), 'ebitda_growth_yoy': np.float64(0.2727642276422764)}",Feasible – strong financial health,"{2023: np.float64(0.4809086116611821), 2024: np.float64(0.4882143731990998), 2025: np.float64(0.49615253492125444)}","{2024: np.float64(-0.310126582278481), 2025: np.float64(-0.28502415458937197)}",1.0
213,NEM,"{2023: 0.005884202488433724, 2024: 0.006339423288575831, 2025: 0.006007824143070045, 2026: 0.005793970342728076}",-6.022955826233365e-05,0.9928529262542723,"[np.float32(0.98986065), np.float32(0.9909251), np.float32(0.99777305)]","{2023: 0.005479944302205453, 2024: 0.005370900286154523, 2025: 0.00456408345752608, 2026: 0.004517332809584601}",-0.0003694651306492,2025,"{'interest_coverage': np.float64(50.52838427947598), 'rating': 'Very Strong', 'debt_to_ebitda': np.float64(0.36297189894975873), 'debt_ebitda_rating': 'Conservative'}","{'additional_debt_capacity_usd': None, 'assumptions': 'Maintain interest coverage >= 3.0x'}","{'free_cash_flow_usd': np.float64(7299000000.0), 'fcf_margin': np.float64(0.32198156072169043), 'fcf_margin_rating': 'Exceptional', 'ocf_to_debt': np.float64(2.020332355816227), 'ocf_to_debt_rating': 'Very Strong'}","{'current_ratio': np.float64(2.2874649859943976), 'rating': 'Very Strong', 'cash_and_equiv_usd': np.float64(7647000000.0)}","{'revenue_growth_yoy': np.float64(0.21341398137244405), 'ebitda_growth_yoy': np.float64(0.8719447396386822)}",Feasible – strong financial health,"{2023: np.float64(0.6903191039060381), 2024: np.float64(0.6687645718295087), 2025: np.float64(0.6868252158390753)}","{2024: np.float64(-0.2760690172543136), 2025: np.float64(0.1078777189888301)}",-1.0
214,NWSA,"{2022: 0.0028397963180571877, 2023: 0.0033281127642913076, 2024: 0.0034154188838015098, 2025: 0.0038394218282423354}",0.0003086182650065,0.953895390033722,"[np.float32(0.95661885), np.float32(0.97416806), np.float32(0.93089926)]","{2022: 0.001836075205640423, 2023: 0.0017619420516836336, 2024: 0.0019304541517138967, 2025: 0.0018914798712664446}",3.347260969083375e-05,2025,"{'interest_coverage': np.float64(nan), 'rating': 'Very Strong', 'debt_to_ebitda': np.float64(1.2678445229681978), 'debt_ebitda_rating': 'Moderate'}","{'additional_debt_capacity_usd': None, 'assumptions': 'Maintain interest coverage >= 3.0x'}","{'free_cash_flow_usd': np.float64(571000000.0), 'fcf_margin': np.float64(0.0675579744439186), 'fcf_margin_rating': 'Moderate', 'ocf_to_debt': np.float64(0.5451505016722408), 'ocf_to_debt_rating': 'Very Strong'}","{'current_ratio': np.float64(1.8447085889570551), 'rating': 'Strong', 'cash_and_equiv_usd': np.float64(2403000000.0)}","{'revenue_growth_yoy': np.float64(0.024236548715462918), 'ebitda_growth_yoy': np.float64(0.14020950846091862)}",Marginally feasible – monitor key risks,"{2022: np.float64(0.5703365130653215), 2023: np.float64(0.5779315728883622), 2024: np.float64(0.5717564181111525), 2025: np.float64(0.573599002082259)}","{2023: np.float64(0.3046092184368738), 2024: np.float64(-0.02881844380403458), 2025: np.float64(-0.1400560224089636)}",-0.4417960486154395
215,NWS,"{2022: 0.0028397963180571877, 2023: 0.0033281127642913076, 2024: 0.0034154188838015098, 2025: 0.0038394218282423354}",0.0003086182650065,0.953895390033722,"[np.float32(0.95661885), np.float32(0.97416806), np.float32(0.93089926)]","{2022: 0.001836075205640423, 2023: 0.0017619420516836336, 2024: 0.0019304541517138967, 2025: 0.0018914798712664446}",3.347260969083375e-05,2025,"{'interest_coverage': np.float64(nan), 'rating': 'Very Strong', 'debt_to_ebitda': np.float64(1.2678445229681978), 'debt_ebitda_rating': 'Moderate'}","{'additional_debt_capacity_usd': None, 'assumptions': 'Maintain interest coverage >= 3.0x'}","{'free_cash_flow_usd': np.float64(571000000.0), 'fcf_margin': np.float64(0.0675579744439186), 'fcf_margin_rating': 'Moderate', 'ocf_to_debt': np.float64(0.5451505016722408), 'ocf_to_debt_rating': 'Very Strong'}","{'current_ratio': np.float64(1.8447085889570551), 'rating': 'Strong', 'cash_and_equiv_usd': np.float64(2403000000.0)}","{'revenue_growth_yoy': np.float64(0.024236548715462918), 'ebitda_growth_yoy': np.float64(0.14020950846091862)}",Marginally feasible – monitor key risks,"{2022: np.float64(0.5703365130653215), 2023: np.float64(0.5779315728883622), 2024: np.float64(0.5717564181111525), 2025: np.float64(0.573599002082259)}","{2023: np.float64(0.3046092184368738), 2024: np.float64(-0.02881844380403458), 2025: np.float64(-0.1400560224089636)}",-0.4417960486154395
216,NEE,"{2023: 0.004716711451603682, 2024: 0.004626364636520071, 2025: 0.004943462696744133, 2026: 0.004993215739484396}",0.0001146610923866,0.9903197288513184,"[np.float32(0.996771), np.float32(0.9741883), np.float32(1.0)]","{2023: 0.0030587159110399636, 2024: 0.0030466303703912665, 2025: 0.0029263026308312973, 2026: 0.0027951153324287654}",-9.111294753940236e-05,2025,"{'interest_coverage': np.float64(1.9908136482939633), 'rating': 'Marginal', 'debt_to_ebitda': np.float64(5.582247709281306), 'debt_ebitda_rating': 'Distressed'}","{'additional_debt_capacity_usd': None, 'assumptions': 'Maintain interest coverage >= 3.0x'}","{'free_cash_flow_usd': np.float64(3211000000.0), 'fcf_margin': np.float64(0.11713847949803007), 'fcf_margin_rating': 'Good', 'ocf_to_debt': np.float64(0.13940997811425254), 'ocf_to_debt_rating': 'Strong'}","{'current_ratio': np.float64(0.5953455756672656), 'rating': 'Weak', 'cash_and_equiv_usd': np.float64(2812000000.0)}","{'revenue_growth_yoy': np.float64(0.10742132266795944), 'ebitda_growth_yoy': np.float64(0.14323380602864677)}",Challenging – improvement needed,"{2023: np.float64(0.612559188587704), 2024: np.float64(0.6159697375645427), 2025: np.float64(0.5963292625574571)}","{2024: np.float64(0.10829493087557604), 2025: np.float64(-0.08926474042753113)}",-1.0
217,NKE,"{2022: 0.0051838652195042925, 2023: 0.004229142637447136, 2024: 0.0036977813312012793, 2025: 0.004197610590894414}",-0.0003490125192075,0.8635199069976807,"[np.float32(0.9186029), np.float32(0.83706766), np.float32(0.8348892)]","{2022: 0.0051028673254495385, 2023: 0.005670895809304114, 2024: 0.0036977813312012793, 2025: 0.0033365622645570984}",-0.000727202966078,2025,"{'interest_coverage': None, 'rating': 'N/A', 'debt_to_ebitda': np.float64(1.7651884700665188), 'debt_ebitda_rating': 'Moderate'}","{'additional_debt_capacity_usd': None, 'assumptions': 'Maintain interest coverage >= 3.0x'}","{'free_cash_flow_usd': np.float64(3268000000.0), 'fcf_margin': np.float64(0.07056943574683107), 'fcf_margin_rating': 'Moderate', 'ocf_to_debt': np.float64(0.4645145082276096), 'ocf_to_debt_rating': 'Very Strong'}","{'current_ratio': np.float64(2.2110543251940187), 'rating': 'Very Strong', 'cash_and_equiv_usd': np.float64(7464000000.0)}","{'revenue_growth_yoy': np.float64(-0.09838012538452552), 'ebitda_growth_yoy': np.float64(-0.3696715583508036)}",Marginally feasible – monitor key risks,"{2022: np.float64(0.5853930857529243), 2023: np.float64(0.5993821216577834), 2024: np.float64(0.6249848746639841), 2025: np.float64(0.5891382043008451)}","{2023: np.float64(-0.2783641160949868), 2024: np.float64(0.16202270381836945), 2025: np.float64(0.47044334975369456)}",0.9639928922440256
218,NI,"{2023: 0.010092272202998846, 2024: 0.009701940388077616, 2025: 0.009294423345992404, 2026: 0.009337299619897538}",-0.000267243479139,0.9457570910453796,"[np.float32(0.98852485), np.float32(0.8850658), np.float32(0.9636804)]","{2023: 0.0029796232218377546, 2024: 0.0029005801160232048, 2025: 0.00439736158305017, 2026: 0.003305238803503553}",0.0002473628212025,2025,"{'interest_coverage': np.float64(2.837739839854963), 'rating': 'Adequate', 'debt_to_ebitda': np.float64(5.074953215798287), 'debt_ebitda_rating': 'Distressed'}","{'additional_debt_capacity_usd': None, 'assumptions': 'Maintain interest coverage >= 3.0x'}","{'free_cash_flow_usd': np.float64(-793800000.0), 'fcf_margin': np.float64(-0.11950859654933606), 'fcf_margin_rating': 'Breakeven', 'ocf_to_debt': np.float64(0.15282252325686707), 'ocf_to_debt_rating': 'Strong'}","{'current_ratio': np.float64(0.6875686932376931), 'rating': 'Weak', 'cash_and_equiv_usd': np.float64(110100000.0)}","{'revenue_growth_yoy': np.float64(0.21761287602427087), 'ebitda_growth_yoy': np.float64(0.18559028453544044)}",Challenging – improvement needed,"{2023: np.float64(0.6484359027014981), 2024: np.float64(0.590516412160664), 2025: np.float64(0.6457399022501876)}","{2024: np.float64(0.0010582810492100689), 2025: np.float64(-0.1941354521377223)}",1.0
219,NDSN,"{2022: 0.005810334094210417, 2023: 0.006129184347006129, 2024: 0.006498194945848376, 2025: 0.007434944237918215}",0.0005242841029966,0.9990305304527284,"[np.float32(0.99999994), np.float32(0.99999994), np.float32(0.99709165)]","{2022: 0.004772774434529985, 2023: 0.002828854314002829, 2024: 0.002647412755716005, 2025: 0.0029208709506107276}",-0.0005737152010044,2025,"{'interest_coverage': np.float64(6.7380083720572985), 'rating': 'Very Strong', 'debt_to_ebitda': np.float64(1.972545748286749), 'debt_ebitda_rating': 'Moderate'}","{'additional_debt_capacity_usd': None, 'assumptions': 'Maintain interest coverage >= 3.0x'}","{'free_cash_flow_usd': np.float64(661115000.0), 'fcf_margin': np.float64(0.2368155885670564), 'fcf_margin_rating': 'Exceptional', 'ocf_to_debt': np.float64(0.42776106406289593), 'ocf_to_debt_rating': 'Very Strong'}","{'current_ratio': np.float64(1.639082900324427), 'rating': 'Strong', 'cash_and_equiv_usd': np.float64(108442000.0)}","{'revenue_growth_yoy': np.float64(0.03783233782702169), 'ebitda_growth_yoy': np.float64(0.05150262774803227)}",Feasible – strong financial health,"{2022: np.float64(0.6618792373273108), 2023: np.float64(0.6909780860604608), 2024: np.float64(0.6995486644096672), 2025: np.float64(0.6884680679067969)}","{2023: np.float64(0.3275453060589562), 2024: np.float64(-0.8624757828991123), 2025: np.float64(0.09858717590436268)}",-0.4680967279351653
220,NSC,"{2023: 0.006351328764833695, 2024: 0.006179686262082079, 2025: 0.006110868616324749, 2026: 0.005113636363636364}",-0.0003781894849351,0.8051653504371643,"[np.float32(0.8135028), np.float32(0.77849007), np.float32(0.8235032)]","{2023: 0.0036770850743774027, 2024: 0.0019014419267944858, 2025: 0.002473446820893351, 2026: 0.002840909090909091}",-0.0001936523056305,2025,"{'interest_coverage': np.float64(5.627525252525253), 'rating': 'Very Strong', 'debt_to_ebitda': np.float64(2.8170940170940173), 'debt_ebitda_rating': 'Elevated'}","{'additional_debt_capacity_usd': None, 'assumptions': 'Maintain interest coverage >= 3.0x'}","{'free_cash_flow_usd': np.float64(2157000000.0), 'fcf_margin': np.float64(0.1770935960591133), 'fcf_margin_rating': 'Excellent', 'ocf_to_debt': np.float64(0.264623786407767), 'ocf_to_debt_rating': 'Very Strong'}","{'current_ratio': np.float64(0.8471523178807947), 'rating': 'Marginal', 'cash_and_equiv_usd': np.float64(1530000000.0)}","{'revenue_growth_yoy': np.float64(0.0047018064835436775), 'ebitda_growth_yoy': np.float64(0.0657678994352341)}",Feasible – strong financial health,"{2023: np.float64(0.6588772042757935), 2024: np.float64(0.6579194896872721), 2025: np.float64(0.6228506704634529)}","{2024: np.float64(-0.023205844434894714), 2025: np.float64(0.0743385132297354)}",-1.0
221,NTRS,"{2023: 0.0036986766202918224, 2024: 0.0036037891268533772, 2025: 0.0038673211363974415, 2026: 0.004038864545627739}",0.0001284095785552,0.8912763595581055,"[np.float32(0.67439425), np.float32(0.99972844), np.float32(0.9997063)]","{2023: 0.004241601628775025, 2024: 0.003912685337726524, 2025: 0.00405325003718578, 2026: 0.004305582015622023}",3.3250586000064034e-05,2025,"{'interest_coverage': None, 'rating': 'N/A', 'debt_to_ebitda': None, 'debt_ebitda_rating': 'N/A'}","{'additional_debt_capacity_usd': None, 'assumptions': 'Maintain interest coverage >= 3.0x'}","{'free_cash_flow_usd': np.float64(4759300000.0), 'fcf_margin': np.float64(0.5885560941828255), 'fcf_margin_rating': 'Exceptional', 'ocf_to_debt': np.float64(0.39541381429449346), 'ocf_to_debt_rating': 'Very Strong'}","{'current_ratio': None, 'rating': 'N/A', 'cash_and_equiv_usd': np.float64(61127400000.0)}","{'revenue_growth_yoy': np.float64(-0.024606774100164045), 'ebitda_growth_yoy': None}",Challenging – improvement needed,"{2023: np.float64(0.7423315039932631), 2024: np.float64(0.7207146416279815), 2025: np.float64(0.7173429833126873)}","{2024: np.float64(-0.10313702278780704), 2025: np.float64(-0.038497652582159626)}",-1.0
222,NOC,"{2023: 0.008651495204062441, 2024: 0.007867661892273553, 2025: 0.0075322101090188305, 2026: 0.0079247152055473}",-0.00025157917788,0.7824516892433167,"[np.float32(0.9887706), np.float32(0.8302345), np.float32(0.52835)]","{2023: 0.003197291705849163, 2024: 0.0041355658664514825, 2025: 0.004063429137760159, 2026: 0.003863298662704309}",0.0001925884141874,2025,"{'interest_coverage': np.float64(8.621052631578948), 'rating': 'Very Strong', 'debt_to_ebitda': np.float64(2.1043719639139487), 'debt_ebitda_rating': 'Elevated'}","{'additional_debt_capacity_usd': None, 'assumptions': 'Maintain interest coverage >= 3.0x'}","{'free_cash_flow_usd': np.float64(3307000000.0), 'fcf_margin': np.float64(0.07882442675311055), 'fcf_margin_rating': 'Moderate', 'ocf_to_debt': np.float64(0.3137448885371323), 'ocf_to_debt_rating': 'Very Strong'}","{'current_ratio': np.float64(1.1012102002593287), 'rating': 'Adequate', 'cash_and_equiv_usd': np.float64(4403000000.0)}","{'revenue_growth_yoy': np.float64(0.022445348865547242), 'ebitda_growth_yoy': np.float64(0.0282574568288854)}",Marginally feasible – monitor key risks,"{2023: np.float64(0.5980733812843658), 2024: np.float64(0.6169507177979794), 2025: np.float64(0.6357996525010094)}","{2024: np.float64(0.004507042253521127), 2025: np.float64(0.17940011318619128)}",1.0
223,NCLH,"{2023: 0.007822977201609299, 2024: 0.0064988740985662576, 2025: 0.008045977011494253, 2026: 0.007532467532467533}",6.755739055038441e-05,0.6458389163017273,"[np.float32(0.53290856), np.float32(0.40606755), np.float32(0.99854064)]","{2023: 0.0004470272686633885, 2024: 0.002080779864891828, 2025: 0.0008939974457215837, 2026: 0.0016883116883116883}",0.0002537070839774,2025,"{'interest_coverage': np.float64(1.44962590691616), 'rating': 'Weak', 'debt_to_ebitda': np.float64(5.396410849986342), 'debt_ebitda_rating': 'Distressed'}","{'additional_debt_capacity_usd': None, 'assumptions': 'Maintain interest coverage >= 3.0x'}","{'free_cash_flow_usd': np.float64(-1169860000.0), 'fcf_margin': np.float64(-0.1190383157949577), 'fcf_margin_rating': 'Breakeven', 'ocf_to_debt': np.float64(0.15219984272713508), 'ocf_to_debt_rating': 'Strong'}","{'current_ratio': np.float64(0.20880787194752132), 'rating': 'Critical', 'cash_and_equiv_usd': np.float64(209893000.0)}","{'revenue_growth_yoy': np.float64(0.036703988364128595), 'ebitda_growth_yoy': np.float64(0.02032890045964898)}",Infeasible – high risk of distress,"{2023: np.float64(0.5754587013613094), 2024: np.float64(0.5322054914891508), 2025: np.float64(0.6294685937996422)}","{2024: np.float64(0.5597117761225613), 2025: np.float64(-1.6917714327240057)}",1.0
224,NUE,"{2023: 0.004412923561859732, 2024: 0.004389111626925512, 2025: 0.00442765985154317, 2026: 0.004523831732114542}",3.712727353822885e-05,0.8263776302337646,"[np.float32(0.5973424), np.float32(0.95071554), np.float32(0.93107504)]","{2023: 0.002364066193853428, 2024: 0.0019835408313990293, 2025: 0.001779745626600686, 2026: 0.0018188601809532693}",-0.0001839413243499,2025,"{'interest_coverage': np.float64(16.105882352941176), 'rating': 'Very Strong', 'debt_to_ebitda': np.float64(1.5825035561877667), 'debt_ebitda_rating': 'Moderate'}","{'additional_debt_capacity_usd': None, 'assumptions': 'Maintain interest coverage >= 3.0x'}","{'free_cash_flow_usd': np.float64(-188000000.0), 'fcf_margin': np.float64(-0.005785683510801994), 'fcf_margin_rating': 'Breakeven', 'ocf_to_debt': np.float64(0.4844943820224719), 'ocf_to_debt_rating': 'Very Strong'}","{'current_ratio': np.float64(2.938311688311688), 'rating': 'Very Strong', 'cash_and_equiv_usd': np.float64(2260000000.0)}","{'revenue_growth_yoy': np.float64(0.0572655690765927), 'ebitda_growth_yoy': np.float64(-0.05974141774409273)}",Feasible – strong financial health,"{2023: np.float64(0.5533148628196813), 2024: np.float64(0.5773855532091614), 2025: np.float64(0.5990774365499207)}","{2024: np.float64(-0.43315266485998194), 2025: np.float64(-0.07847462968799243)}",1.0
225,NVDA,"{2023: 0.004485109436670255, 2024: 0.005167068549776094, 2025: 0.005699577128148557, 2026: 0.005522601759050931}",0.0003644985545515,0.9729248881340028,"[np.float32(0.9808595), np.float32(0.9788158), np.float32(0.9590994)]","{2023: 0.008611410118406888, 2024: 0.005511539786427834, 2025: 0.0069865784151498436, 2026: 0.006136224176723257}",-0.0005950519196329,2026,"{'interest_coverage': np.float64(547.1389961389962), 'rating': 'Very Strong', 'debt_to_ebitda': np.float64(0.05166998727101666), 'debt_ebitda_rating': 'Conservative'}","{'additional_debt_capacity_usd': None, 'assumptions': 'Maintain interest coverage >= 3.0x'}","{'free_cash_flow_usd': np.float64(96676000000.0), 'fcf_margin': np.float64(0.44770258129648327), 'fcf_margin_rating': 'Exceptional', 'ocf_to_debt': np.float64(13.75257731958763), 'ocf_to_debt_rating': 'Very Strong'}","{'current_ratio': np.float64(3.905263812455306), 'rating': 'Very Strong', 'cash_and_equiv_usd': np.float64(10605000000.0)}","{'revenue_growth_yoy': np.float64(0.654735357900948), 'ebitda_growth_yoy': np.float64(0.6781638552538398)}",Feasible – strong financial health,"{2023: np.float64(0.5470993780930128), 2024: np.float64(0.4839224029864584), 2025: np.float64(0.42310694593470544), 2026: np.float64(0.42955566724312716)}","{2024: np.float64(0.41680305510092747), 2025: np.float64(-2.0271281571562207), 2026: np.float64(-0.8671199011124846)}",0.5344521280112412
226,NVR,"{2023: 0.005619445896497648, 2024: 0.00590717299578059, 2025: 0.006099213879100027, 2026: 0.006386292834890965}",0.00024925816985,0.8805687427520752,"[np.float32(0.8653854), np.float32(0.89779294), np.float32(0.8785278)]","{2023: 0.0020909566126502874, 2024: 0.002250351617440225, 2025: 0.0018975332068311196, 2026: 0.0021806853582554517}",-8.363217379373871e-06,2025,"{'interest_coverage': np.float64(62.10393618865962), 'rating': 'Very Strong', 'debt_to_ebitda': np.float64(0.500838164092863), 'debt_ebitda_rating': 'Conservative'}","{'additional_debt_capacity_usd': None, 'assumptions': 'Maintain interest coverage >= 3.0x'}","{'free_cash_flow_usd': np.float64(1096812000.0), 'fcf_margin': np.float64(0.1060557376367563), 'fcf_margin_rating': 'Good', 'ocf_to_debt': np.float64(1.2333582647718773), 'ocf_to_debt_rating': 'Very Strong'}","{'current_ratio': np.float64(5.468922493100276), 'rating': 'Very Strong', 'cash_and_equiv_usd': np.float64(1916486000.0)}","{'revenue_growth_yoy': np.float64(-0.019132606969687972), 'ebitda_growth_yoy': np.float64(-0.16024090700497395)}",Feasible – strong financial health,"{2023: np.float64(0.5744308885186911), 2024: np.float64(0.5699734412641688), 2025: np.float64(0.5921637901793355)}","{2024: np.float64(-0.17425734614302368), 2025: np.float64(0.1610297138162399)}",-1.0
227,NXPI,"{2023: 0.0, 2024: 0.0, 2025: 0.0, 2026: 0.0}",0.0,0.9820333123207092,"[np.float32(0.97772545), np.float32(1.0000001), np.float32(0.9683745)]","{2023: 0.0, 2024: 0.0, 2025: 0.0, 2026: 0.0}",0.0,2025,"{'interest_coverage': np.float64(6.714592274678112), 'rating': 'Very Strong', 'debt_to_ebitda': np.float64(2.7700075738449885), 'debt_ebitda_rating': 'Elevated'}","{'additional_debt_capacity_usd': None, 'assumptions': 'Maintain interest coverage >= 3.0x'}","{'free_cash_flow_usd': np.float64(2283000000.0), 'fcf_margin': np.float64(0.18607873502322927), 'fcf_margin_rating': 'Excellent', 'ocf_to_debt': np.float64(0.2570178636529347), 'ocf_to_debt_rating': 'Very Strong'}","{'current_ratio': np.float64(2.045864467920639), 'rating': 'Very Strong', 'cash_and_equiv_usd': np.float64(2906000000.0)}","{'revenue_growth_yoy': np.float64(-0.027350562866656096), 'ebitda_growth_yoy': np.float64(-0.10425146992311171)}",Feasible – strong financial health,"{2023: 0.5, 2024: 0.5, 2025: 0.5}","{2024: np.float64(0.12922465208747516), 2025: np.float64(0.386986301369863)}",
228,ORLY,"{2023: 0.004837791690381332, 2024: 0.00487633611609581, 2025: 0.00438780571559388, 2026: 0.004569746727596623}",-0.0001292665288856,0.9597806930541992,"[np.float32(0.90747166), np.float32(0.9934905), np.float32(0.97838)]","{2023: 0.0014635336206195626, 2024: 0.0014433954903643599, 2025: 0.001488038460070968, 2026: 0.001355433351405778}",-2.796578379348827e-05,2025,"{'interest_coverage': np.float64(14.784207705135623), 'rating': 'Very Strong', 'debt_to_ebitda': np.float64(1.5093332062366032), 'debt_ebitda_rating': 'Moderate'}","{'additional_debt_capacity_usd': None, 'assumptions': 'Maintain interest coverage >= 3.0x'}","{'free_cash_flow_usd': np.float64(1593178000.0), 'fcf_margin': np.float64(0.0895950239995609), 'fcf_margin_rating': 'Moderate', 'ocf_to_debt': np.float64(0.45903890106938716), 'ocf_to_debt_rating': 'Very Strong'}","{'current_ratio': np.float64(0.7685066730508747), 'rating': 'Weak', 'cash_and_equiv_usd': np.float64(193793000.0)}","{'revenue_growth_yoy': np.float64(0.0642495944723634), 'ebitda_growth_yoy': np.float64(0.06889951049791071)}",Marginally feasible – monitor key risks,"{2023: np.float64(0.7644630489417185), 2024: np.float64(0.7641623098932114), 2025: np.float64(0.7654469442219497)}","{2024: np.float64(-0.0170164092126917), 2025: np.float64(-0.1421045997262033)}",1.0
229,OXY,"{2024: 0.006303724928366762, 2025: 0.006415880675586751, 2026: 0.005919540229885057}",-0.0001920923492408,0.9852776527404784,"[np.float32(0.98553866), np.float32(0.98501664)]","{2024: 0.0066163063297733785, 2025: 0.0069094099583241935, 2026: 0.00603448275862069}",-0.0002909117855763,2025,"{'interest_coverage': np.float64(3.8285449490268766), 'rating': 'Strong', 'debt_to_ebitda': np.float64(1.6994170096021948), 'debt_ebitda_rating': 'Moderate'}","{'additional_debt_capacity_usd': None, 'assumptions': 'Maintain interest coverage >= 3.0x'}","{'free_cash_flow_usd': np.float64(4105000000.0), 'fcf_margin': np.float64(0.1901079053396934), 'fcf_margin_rating': 'Excellent', 'ocf_to_debt': np.float64(0.5313288265563515), 'ocf_to_debt_rating': 'Very Strong'}","{'current_ratio': np.float64(0.9362537123462028), 'rating': 'Marginal', 'cash_and_equiv_usd': np.float64(1968000000.0)}","{'revenue_growth_yoy': np.float64(-0.019346927653390255), 'ebitda_growth_yoy': np.float64(0.02450592885375494)}",Feasible – strong financial health,"{2024: np.float64(0.5429391069571726), 2025: np.float64(0.5530856839925702)}",{2025: np.float64(-0.026185534089094683)},
230,ODFL,"{2023: 0.006402048655569782, 2024: 0.0060353798126951096, 2025: 0.0061987602479504095, 2026: 0.0067346938775510205}",0.0001161316101199,0.987611711025238,"[np.float32(0.97885346), np.float32(0.9877025), np.float32(0.9962792)]","{2023: 0.003201024327784891, 2024: 0.0029136316337148803, 2025: 0.002599480103979204, 2026: 0.002857142857142857}",-0.0001345795941662,2025,"{'interest_coverage': np.float64(4600.013513513513), 'rating': 'Very Strong', 'debt_to_ebitda': np.float64(0.011582608997882748), 'debt_ebitda_rating': 'Conservative'}","{'additional_debt_capacity_usd': None, 'assumptions': 'Maintain interest coverage >= 3.0x'}","{'free_cash_flow_usd': np.float64(955099000.0), 'fcf_margin': np.float64(0.1737684505226977), 'fcf_margin_rating': 'Excellent', 'ocf_to_debt': np.float64(68.52378094523631), 'ocf_to_debt_rating': 'Very Strong'}","{'current_ratio': np.float64(1.4358842419808806), 'rating': 'Good', 'cash_and_equiv_usd': np.float64(120091000.0)}","{'revenue_growth_yoy': np.float64(-0.054760344706017906), 'ebitda_growth_yoy': np.float64(-0.09256371074865419)}",Feasible – strong financial health,"{2023: np.float64(0.5085719203842538), 2024: np.float64(0.49542816866327216), 2025: np.float64(0.44837582459052405)}","{2024: np.float64(-0.018498393654373578), 2025: np.float64(0.46191583756634746)}",-1.0
231,OMC,"{2023: 0.003054989816700611, 2024: 0.0034887408816999684, 2025: 0.0030140908748398764, 2026: 0.002968407661318821}",-7.343964730061092e-05,0.7199049592018127,"[np.float32(0.7119124), np.float32(0.7280518), np.float32(0.71975076)]","{2023: 0.004856650477831741, 2024: 0.004678084364097685, 2025: 0.006329590837163741, 2026: 0.006714255424411619}",0.0007224321312809,2025,"{'interest_coverage': np.float64(2.0565894417014814), 'rating': 'Adequate', 'debt_to_ebitda': np.float64(9.355903202151064), 'debt_ebitda_rating': 'Distressed'}","{'additional_debt_capacity_usd': None, 'assumptions': 'Maintain interest coverage >= 3.0x'}","{'free_cash_flow_usd': np.float64(2788400000.0), 'fcf_margin': np.float64(0.16144141640468043), 'fcf_margin_rating': 'Excellent', 'ocf_to_debt': np.float64(0.3838275636838668), 'ocf_to_debt_rating': 'Very Strong'}","{'current_ratio': np.float64(0.9298264620051323), 'rating': 'Marginal', 'cash_and_equiv_usd': np.float64(6881100000.0)}","{'revenue_growth_yoy': np.float64(0.10088532803028855), 'ebitda_growth_yoy': np.float64(-0.6870529737999618)}",Marginally feasible – monitor key risks,"{2023: np.float64(0.5871837051620461), 2024: np.float64(0.5878468705673835), 2025: np.float64(0.6102252251837613)}","{2024: np.float64(-0.7933673469387755), 2025: np.float64(-0.06543385490753911)}",1.0
232,OKE,"{2023: 0.007432294848299735, 2024: 0.006117593746459726, 2025: 0.005134367489622023, 2026: 0.005268199233716475}",-0.000747551310059,0.546214759349823,"[np.float32(0.37159103), np.float32(0.5833819), np.float32(0.68367124)]","{2023: 0.005599674200773773, 2024: 0.003965107057890563, 2025: 0.005134367489622023, 2026: 0.00610632183908046}",0.0002689203346653,2025,"{'interest_coverage': np.float64(3.5182277061132923), 'rating': 'Strong', 'debt_to_ebitda': np.float64(3.949531270065494), 'debt_ebitda_rating': 'High'}","{'additional_debt_capacity_usd': None, 'assumptions': 'Maintain interest coverage >= 3.0x'}","{'free_cash_flow_usd': np.float64(2447000000.0), 'fcf_margin': np.float64(0.07276457819144191), 'fcf_margin_rating': 'Moderate', 'ocf_to_debt': np.float64(0.1820516989107462), 'ocf_to_debt_rating': 'Strong'}","{'current_ratio': np.float64(0.7051060487038492), 'rating': 'Weak', 'cash_and_equiv_usd': np.float64(78000000.0)}","{'revenue_growth_yoy': np.float64(0.5498663471287676), 'ebitda_growth_yoy': np.float64(0.17717309145880575)}",Challenging – improvement needed,"{2023: np.float64(0.49444863932399913), 2024: np.float64(0.5365903722877438), 2025: np.float64(0.5411376233442106)}","{2024: np.float64(-0.2670846394984326), 2025: np.float64(-0.5596239485403266)}",-1.0
233,ORCL,"{2022: 0.0060901127281611, 2023: 0.00617861823628534, 2024: 0.006346812454833946, 2025: 0.0059207385007162185}",-3.399284637862276e-05,0.9015467166900636,"[np.float32(0.73314786), np.float32(0.9987156), np.float32(0.97277665)]","{2022: 0.0027396782186856527, 2023: 0.003651001685077701, 2024: 0.003864643227448393, 2025: 0.0037243355085150405}",0.0003167613411858,2025,"{'interest_coverage': np.float64(4.957518166573505), 'rating': 'Strong', 'debt_to_ebitda': np.float64(3.567121110739378), 'debt_ebitda_rating': 'High'}","{'additional_debt_capacity_usd': None, 'assumptions': 'Maintain interest coverage >= 3.0x'}","{'free_cash_flow_usd': np.float64(-394000000.0), 'fcf_margin': np.float64(-0.00686423108416523), 'fcf_margin_rating': 'Breakeven', 'ocf_to_debt': np.float64(0.24410002696460603), 'ocf_to_debt_rating': 'Very Strong'}","{'current_ratio': np.float64(0.7529638819961401), 'rating': 'Weak', 'cash_and_equiv_usd': np.float64(10786000000.0)}","{'revenue_growth_yoy': np.float64(0.08379751137629576), 'ebitda_growth_yoy': np.float64(0.11769655043470131)}",Challenging – improvement needed,"{2022: np.float64(0.5581120256152328), 2023: np.float64(0.42917090445169676), 2024: np.float64(0.4318544441041085), 2025: np.float64(0.43028613705111224)}","{2023: np.float64(-0.9275105298160053), 2024: np.float64(0.2103507763082231), 2025: np.float64(-2.0898630935042237)}",-0.0120638665377022
234,OTIS,"{2023: 0.0, 2024: 0.0, 2025: 0.0, 2026: 0.0}",0.0,0.9817261099815368,"[np.float32(0.9690093), np.float32(1.0000001), np.float32(0.9761688)]","{2023: 0.0, 2024: 0.0, 2025: 0.0, 2026: 0.0}",0.0,2025,"{'interest_coverage': None, 'rating': 'N/A', 'debt_to_ebitda': np.float64(2.882205513784461), 'debt_ebitda_rating': 'Elevated'}","{'additional_debt_capacity_usd': None, 'assumptions': 'Maintain interest coverage >= 3.0x'}","{'free_cash_flow_usd': np.float64(1444000000.0), 'fcf_margin': np.float64(0.10006236574041993), 'fcf_margin_rating': 'Good', 'ocf_to_debt': np.float64(0.23130434782608697), 'ocf_to_debt_rating': 'Very Strong'}","{'current_ratio': np.float64(0.8491379310344828), 'rating': 'Marginal', 'cash_and_equiv_usd': np.float64(1096000000.0)}","{'revenue_growth_yoy': np.float64(0.01192062267723161), 'ebitda_growth_yoy': np.float64(0.07258064516129033)}",Marginally feasible – monitor key risks,"{2023: 0.5, 2024: 0.5, 2025: 0.5}","{2024: np.float64(0.08695652173913043), 2025: np.float64(-0.20634920634920634)}",
235,PCAR,"{2024: 0.0027988804478208716, 2025: 0.0026599281819390877, 2026: 0.0023167906352883796}",-0.0002410449062662,0.9341870546340942,"[np.float32(0.9697628), np.float32(0.8986113)]","{2024: 0.001999200319872051, 2025: 0.001728953318260407, 2026: 0.0018290452383855627}",-8.507754074323091e-05,2025,"{'interest_coverage': None, 'rating': 'N/A', 'debt_to_ebitda': np.float64(2.9033279670634187), 'debt_ebitda_rating': 'Elevated'}","{'additional_debt_capacity_usd': None, 'assumptions': 'Maintain interest coverage >= 3.0x'}","{'free_cash_flow_usd': np.float64(3029200000.0), 'fcf_margin': np.float64(0.10649398132523344), 'fcf_margin_rating': 'Good', 'ocf_to_debt': np.float64(0.4013998727388419), 'ocf_to_debt_rating': 'Very Strong'}","{'current_ratio': np.float64(3.0786456419037034), 'rating': 'Very Strong', 'cash_and_equiv_usd': np.float64(6307900000.0)}","{'revenue_growth_yoy': np.float64(-0.15503300281014026), 'ebitda_growth_yoy': np.float64(-0.3477527412941318)}",Feasible – strong financial health,"{2024: np.float64(0.5994800649289238), 2025: np.float64(0.6163739817102953)}",{2025: np.float64(0.20565994500458296)},
236,PKG,"{2023: 0.005050505050505051, 2024: 0.005568680391495107, 2025: 0.0061381971238162044, 2026: 0.0059131610069268455}",0.0003157484601587,0.99963641166687,"[np.float32(0.99976295), np.float32(0.9992796), np.float32(0.9998667)]","{2023: 0.0007482229704451926, 2024: 0.0006749915626054674, 2025: 0.0007015082427218519, 2026: 0.0008447372867038351}",3.160596288925252e-05,2025,"{'interest_coverage': np.float64(13.993678887484197), 'rating': 'Very Strong', 'debt_to_ebitda': np.float64(2.254532022503836), 'debt_ebitda_rating': 'Elevated'}","{'additional_debt_capacity_usd': None, 'assumptions': 'Maintain interest coverage >= 3.0x'}","{'free_cash_flow_usd': np.float64(728600000.0), 'fcf_margin': np.float64(0.08105191727943221), 'fcf_margin_rating': 'Moderate', 'ocf_to_debt': np.float64(0.3925843772842991), 'ocf_to_debt_rating': 'Very Strong'}","{'current_ratio': np.float64(3.165894985715693), 'rating': 'Very Strong', 'cash_and_equiv_usd': np.float64(529000000.0)}","{'revenue_growth_yoy': np.float64(0.07228656972791145), 'ebitda_growth_yoy': np.float64(0.07864410935392914)}",Feasible – strong financial health,"{2023: np.float64(0.5362314309826807), 2024: np.float64(0.5605788088921043), 2025: np.float64(0.5608057868563466)}","{2024: np.float64(-0.4258037044922291), 2025: np.float64(-0.2377183813647902)}",1.0
237,PLTR,"{2023: 0.006524234308612392, 2024: 0.006578183647409357, 2025: 0.006669768884752598, 2026: 0.0068441795635874264}",0.0001051421002268,0.9992912411689758,"[np.float32(0.99956506), np.float32(0.99938786), np.float32(0.9989209)]","{2023: 0.0046716739493767746, 2024: 0.004411252563556863, 2025: 0.004362494183341089, 2026: 0.004383350956454869}",-9.13727358981784e-05,2025,"{'interest_coverage': np.float64(nan), 'rating': 'Very Strong', 'debt_to_ebitda': None, 'debt_ebitda_rating': 'N/A'}","{'additional_debt_capacity_usd': None, 'assumptions': 'Maintain interest coverage >= 3.0x'}","{'free_cash_flow_usd': np.float64(2100591000.0), 'fcf_margin': np.float64(0.4693590314797676), 'fcf_margin_rating': 'Exceptional', 'ocf_to_debt': None, 'ocf_to_debt_rating': 'N/A'}","{'current_ratio': np.float64(7.109823993412619), 'rating': 'Very Strong', 'cash_and_equiv_usd': np.float64(1423796000.0)}","{'revenue_growth_yoy': np.float64(0.5618339093221548), 'ebitda_growth_yoy': np.float64(3.211117284131115)}",Marginally feasible – monitor key risks,"{2023: np.float64(0.4570136308093029), 2024: np.float64(0.46207730064543046), 2025: np.float64(0.4674696873698849)}","{2024: np.float64(0.16408627762339553), 2025: np.float64(-1.6818109862276398)}",-1.0
238,PANW,"{2022: 0.005742913000977517, 2023: 0.006413911060433295, 2024: 0.007177363699102829, 2025: 0.0067158282854885435}",0.0003682198492202,0.9977290630340576,"[np.float32(0.99318755), np.float32(0.9999998), np.float32(0.9999998)]","{2022: 0.007086999022482893, 2023: 0.00855188141391106, 2024: 0.008281573498964804, 2025: 0.0076376086383987355}",0.00013815209328,2025,"{'interest_coverage': np.float64(840.8421052631579), 'rating': 'Very Strong', 'debt_to_ebitda': np.float64(nan), 'debt_ebitda_rating': 'Distressed'}","{'additional_debt_capacity_usd': None, 'assumptions': 'Maintain interest coverage >= 3.0x'}","{'free_cash_flow_usd': np.float64(3469800000.0), 'fcf_margin': np.float64(0.37627284064414684), 'fcf_margin_rating': 'Exceptional', 'ocf_to_debt': np.float64(nan), 'ocf_to_debt_rating': 'Very Strong'}","{'current_ratio': np.float64(0.9417626439659489), 'rating': 'Marginal', 'cash_and_equiv_usd': np.float64(2268600000.0)}","{'revenue_growth_yoy': np.float64(0.1487387106820305), 'ebitda_growth_yoy': np.float64(0.5206831714196177)}",Marginally feasible – monitor key risks,"{2022: np.float64(0.5847171916559871), 2023: np.float64(0.48230018633968974), 2024: np.float64(0.4668499813587577), 2025: np.float64(0.5540678877722133)}","{2023: np.float64(0.2411825726141079), 2024: np.float64(-0.07177033492822966), 2025: np.float64(-0.5701530612244898)}",0.8608268625479301
239,PH,{2025: 0.006960936860208009},,,[],{2025: 0.0023339611825403325},,2025,"{'interest_coverage': np.float64(11.04156479217604), 'rating': 'Very Strong', 'debt_to_ebitda': np.float64(1.38189194172967), 'debt_ebitda_rating': 'Moderate'}","{'additional_debt_capacity_usd': None, 'assumptions': 'Maintain interest coverage >= 3.0x'}","{'free_cash_flow_usd': np.float64(3341000000.0), 'fcf_margin': np.float64(0.16831234256926952), 'fcf_margin_rating': 'Excellent', 'ocf_to_debt': np.float64(0.5038697624766479), 'ocf_to_debt_rating': 'Very Strong'}","{'current_ratio': np.float64(1.1943632926619694), 'rating': 'Adequate', 'cash_and_equiv_usd': np.float64(467000000.0)}","{'revenue_growth_yoy': np.float64(-0.004014049172102358), 'ebitda_growth_yoy': np.float64(0.07856006364359586)}",Feasible – strong financial health,,,
240,PYPL,"{2023: 0.005405869229449117, 2024: 0.004486873508353222, 2025: 0.004789620468048987, 2026: 0.005572693800378147}",8.032206724838834e-05,0.5222167372703552,"[np.float32(0.49401766), np.float32(0.57064545), np.float32(0.5019869)]","{2023: 0.0042045649562382015, 2024: 0.004486873508353222, 2025: 0.004304595610525039, 2026: 0.004876107075330879}",0.000183234845945,2025,"{'interest_coverage': np.float64(15.267573696145124), 'rating': 'Very Strong', 'debt_to_ebitda': np.float64(1.2976871101871101), 'debt_ebitda_rating': 'Moderate'}","{'additional_debt_capacity_usd': None, 'assumptions': 'Maintain interest coverage >= 3.0x'}","{'free_cash_flow_usd': np.float64(5564000000.0), 'fcf_margin': np.float64(0.16773182201856987), 'fcf_margin_rating': 'Excellent', 'ocf_to_debt': np.float64(0.64243516571543), 'ocf_to_debt_rating': 'Very Strong'}","{'current_ratio': np.float64(1.2867170510087633), 'rating': 'Good', 'cash_and_equiv_usd': np.float64(8049000000.0)}","{'revenue_growth_yoy': np.float64(0.0432430732459037), 'ebitda_growth_yoy': np.float64(0.14133175144594395)}",Feasible – strong financial health,"{2023: np.float64(0.6569953240836278), 2024: np.float64(0.5975434493378434), 2025: np.float64(0.5155626439006517)}","{2024: np.float64(-0.09630818619582665), 2025: np.float64(-0.24743777452415813)}",1.0
241,PNR,"{2023: 0.007099879663056558, 2024: 0.0071722516166960616, 2025: 0.008115419296663661, 2026: 0.0076599004212945234}",0.0002623229954682,0.9886457920074464,"[np.float32(0.9659375), np.float32(0.99999994), np.float32(0.99999994)]","{2023: 0.003128760529482551, 2024: 0.003527336860670194, 2025: 0.003478036841427283, 2026: 0.0034469551895825352}",9.052839610572388e-05,2025,"{'interest_coverage': np.float64(11.90057636887608), 'rating': 'Very Strong', 'debt_to_ebitda': np.float64(1.7365409071640525), 'debt_ebitda_rating': 'Moderate'}","{'additional_debt_capacity_usd': None, 'assumptions': 'Maintain interest coverage >= 3.0x'}","{'free_cash_flow_usd': np.float64(746000000.0), 'fcf_margin': np.float64(0.17863984674329503), 'fcf_margin_rating': 'Excellent', 'ocf_to_debt': np.float64(0.4972537532039546), 'ocf_to_debt_rating': 'Very Strong'}","{'current_ratio': np.float64(1.6072135932450746), 'rating': 'Strong', 'cash_and_equiv_usd': np.float64(101600000.0)}","{'revenue_growth_yoy': np.float64(0.022827471343195845), 'ebitda_growth_yoy': np.float64(0.023316343129812386)}",Feasible – strong financial health,"{2023: np.float64(0.5403772011714082), 2024: np.float64(0.5784186074244124), 2025: np.float64(0.5284963507308729)}","{2024: np.float64(0.021052631578947368), 2025: np.float64(0.07526881720430108)}",1.0
242,PEP,"{2023: 0.0060833398118634845, 2024: 0.006059114233238029, 2025: 0.006104754592610625, 2026: 0.006261005674036392}",5.786379458916257e-05,1.0000001192092896,"[np.float32(1.0000001), np.float32(1.0000001), np.float32(1.0000001)]","{2023: 0.004839462022856254, 2024: 0.00424137996326662, 2025: 0.003988689350386697, 2026: 0.003423987477988652}",-0.0004499114247484,2025,"{'interest_coverage': np.float64(10.138269402319358), 'rating': 'Very Strong', 'debt_to_ebitda': np.float64(2.7228334298397994), 'debt_ebitda_rating': 'Elevated'}","{'additional_debt_capacity_usd': None, 'assumptions': 'Maintain interest coverage >= 3.0x'}","{'free_cash_flow_usd': np.float64(7672000000.0), 'fcf_margin': np.float64(0.08168219323928666), 'fcf_margin_rating': 'Moderate', 'ocf_to_debt': np.float64(0.2856028921811866), 'ocf_to_debt_rating': 'Very Strong'}","{'current_ratio': np.float64(0.8530399218654621), 'rating': 'Marginal', 'cash_and_equiv_usd': np.float64(9159000000.0)}","{'revenue_growth_yoy': np.float64(0.022546650118666578), 'ebitda_growth_yoy': np.float64(-0.06816546762589928)}",Marginally feasible – monitor key risks,"{2023: np.float64(0.6455650123009714), 2024: np.float64(0.6439415266549287), 2025: np.float64(0.6375058136452308)}","{2024: np.float64(0.03624501631025734), 2025: np.float64(0.1698006769462204)}",-1.0
243,PFE,"{2023: 0.0, 2024: 0.0, 2025: 0.0, 2026: 0.0}",0.0,0.9631760716438292,"[np.float32(0.9606471), np.float32(0.9644405), np.float32(0.9644405)]","{2023: 0.0, 2024: 0.0, 2025: 0.0, 2026: 0.0}",0.0,2025,"{'interest_coverage': np.float64(3.8154249344814675), 'rating': 'Strong', 'debt_to_ebitda': np.float64(3.623130548769588), 'debt_ebitda_rating': 'High'}","{'additional_debt_capacity_usd': None, 'assumptions': 'Maintain interest coverage >= 3.0x'}","{'free_cash_flow_usd': np.float64(9075000000.0), 'fcf_margin': np.float64(0.14501669889259974), 'fcf_margin_rating': 'Good', 'ocf_to_debt': np.float64(0.19247783972240037), 'ocf_to_debt_rating': 'Strong'}","{'current_ratio': np.float64(1.1599069868051048), 'rating': 'Adequate', 'cash_and_equiv_usd': np.float64(1142000000.0)}","{'revenue_growth_yoy': np.float64(-0.01647099501783834), 'ebitda_growth_yoy': np.float64(-0.07414354278148617)}",Marginally feasible – monitor key risks,"{2023: 0.5, 2024: 0.5, 2025: 0.5}","{2024: np.float64(0.2554389557205017), 2025: np.float64(0.09625300790649707)}",
244,PCG,"{2023: 0.0, 2024: 0.0, 2025: 0.0, 2026: 0.0}",0.0,0.9991538524627686,"[np.float32(1.0000001), np.float32(1.0000001), np.float32(0.99746126)]","{2023: 0.0, 2024: 0.0, 2025: 0.0, 2026: 0.0}",0.0,2025,"{'interest_coverage': np.float64(1.8001981505944518), 'rating': 'Marginal', 'debt_to_ebitda': np.float64(5.690332176499752), 'debt_ebitda_rating': 'Distressed'}","{'additional_debt_capacity_usd': None, 'assumptions': 'Maintain interest coverage >= 3.0x'}","{'free_cash_flow_usd': np.float64(-3071000000.0), 'fcf_margin': np.float64(-0.12316021656306396), 'fcf_margin_rating': 'Breakeven', 'ocf_to_debt': np.float64(0.15188108805130082), 'ocf_to_debt_rating': 'Strong'}","{'current_ratio': np.float64(0.9711656441717792), 'rating': 'Marginal', 'cash_and_equiv_usd': np.float64(713000000.0)}","{'revenue_growth_yoy': np.float64(0.02113108644907654), 'ebitda_growth_yoy': np.float64(0.0557998324958124)}",Infeasible – high risk of distress,"{2023: 0.5, 2024: 0.5, 2025: 0.5}","{2024: np.float64(-0.0674284537780523), 2025: np.float64(-0.1367537853216318)}",
245,PM,"{2023: 0.003639828024232949, 2024: 0.0032965783789928385, 2025: 0.0034180583593319876, 2026: 0.003713003526017737}",3.410064856939167e-05,0.8789532780647278,"[np.float32(0.9951014), np.float32(0.7668868), np.float32(0.87487173)]","{2023: 0.0021252687121360173, 2024: 0.002387177446856883, 2025: 0.0023857588548357495, 2026: 0.0023239662357089435}",5.9467397869777006e-05,2025,"{'interest_coverage': np.float64(9.74606175173283), 'rating': 'Very Strong', 'debt_to_ebitda': np.float64(2.584550191834164), 'debt_ebitda_rating': 'Elevated'}","{'additional_debt_capacity_usd': None, 'assumptions': 'Maintain interest coverage >= 3.0x'}","{'free_cash_flow_usd': np.float64(10664000000.0), 'fcf_margin': np.float64(0.2623499311159221), 'fcf_margin_rating': 'Exceptional', 'ocf_to_debt': np.float64(0.27103735543049584), 'ocf_to_debt_rating': 'Very Strong'}","{'current_ratio': np.float64(0.9581547174263578), 'rating': 'Marginal', 'cash_and_equiv_usd': np.float64(4872000000.0)}","{'revenue_growth_yoy': np.float64(0.07312952109403875), 'ebitda_growth_yoy': np.float64(0.108832306813131)}",Feasible – strong financial health,"{2023: np.float64(0.6786907075875206), 2024: np.float64(0.6608497296512689), 2025: np.float64(0.6923037839017026)}","{2024: np.float64(-0.093111279333838), 2025: np.float64(-0.0865650969529086)}",-1.0
246,PSX,"{2023: 0.005209086962812907, 2024: 0.006024096385542169, 2025: 0.005835179579991887, 2026: 0.005296069423175089}",7.203057553575208e-06,0.9828653335571288,"[np.float32(0.99882305), np.float32(0.9517366), np.float32(0.9980364)]","{2023: 0.00452177687744176, 2024: 0.0040853067442182525, 2025: 0.0039005211096202453, 2026: 0.0036051556916794282}",-0.0002934649191886,2025,"{'interest_coverage': np.float64(5.990791896869245), 'rating': 'Very Strong', 'debt_to_ebitda': np.float64(1.9143179255918827), 'debt_ebitda_rating': 'Moderate'}","{'additional_debt_capacity_usd': None, 'assumptions': 'Maintain interest coverage >= 3.0x'}","{'free_cash_flow_usd': np.float64(2729000000.0), 'fcf_margin': np.float64(0.020615519429503838), 'fcf_margin_rating': 'Weak', 'ocf_to_debt': np.float64(0.26566013491808543), 'ocf_to_debt_rating': 'Very Strong'}","{'current_ratio': np.float64(1.2960378208014407), 'rating': 'Good', 'cash_and_equiv_usd': np.float64(1116000000.0)}","{'revenue_growth_yoy': np.float64(-0.07528308872325414), 'ebitda_growth_yoy': np.float64(0.6302422723475355)}",Feasible – strong financial health,"{2023: np.float64(0.5461656281611684), 2024: np.float64(0.5392187421642979), 2025: np.float64(0.5024110946624752)}","{2024: np.float64(0.13735498839907193), 2025: np.float64(-0.20118343195266272)}",1.0
247,PNW,"{2023: 0.009037919968563757, 2024: 0.008751930572920497, 2025: 0.00944266950656727, 2026: 0.007406201676568731}",-0.000420441594234,0.9706818461418152,"[np.float32(0.93887115), np.float32(0.9950491), np.float32(0.97812533)]","{2023: 0.004911913026393346, 2024: 0.005221740089725675, 2025: 0.005324813631522897, 2026: 0.005697078212745178}",0.0002458569100853,2025,"{'interest_coverage': np.float64(2.7498222614037084), 'rating': 'Adequate', 'debt_to_ebitda': np.float64(4.322011012454741), 'debt_ebitda_rating': 'Very High'}","{'additional_debt_capacity_usd': None, 'assumptions': 'Maintain interest coverage >= 3.0x'}","{'free_cash_flow_usd': np.float64(-819523000.0), 'fcf_margin': np.float64(-0.15347047971896308), 'fcf_margin_rating': 'Breakeven', 'ocf_to_debt': np.float64(0.19608500233986076), 'ocf_to_debt_rating': 'Strong'}","{'current_ratio': np.float64(0.5389734219206043), 'rating': 'Weak', 'cash_and_equiv_usd': np.float64(6604000.0)}","{'revenue_growth_yoy': np.float64(0.041956598304557245), 'ebitda_growth_yoy': np.float64(0.028855457041901445)}",Challenging – improvement needed,"{2023: np.float64(0.6030662158320759), 2024: np.float64(0.5962780840070305), 2025: np.float64(0.5784770203126448)}","{2024: np.float64(-0.2181713307733553), 2025: np.float64(-0.16691438492438407)}",-1.0
248,PNC,"{2023: 0.0054002297970126385, 2024: 0.0055396370582617, 2025: 0.0053724928366762174, 2026: 0.006040293175205333}",0.0001753045912993,1.0000001192092896,"[np.float32(1.0000001), np.float32(1.0000001), np.float32(1.0000001)]","{2023: 0.004864036767522022, 2024: 0.0044317096466093605, 2025: 0.004656160458452722, 2026: 0.005561489447902471}",0.0002316808852986,2025,"{'interest_coverage': None, 'rating': 'N/A', 'debt_to_ebitda': None, 'debt_ebitda_rating': 'N/A'}","{'additional_debt_capacity_usd': None, 'assumptions': 'Maintain interest coverage >= 3.0x'}","{'free_cash_flow_usd': None, 'fcf_margin': None, 'fcf_margin_rating': 'N/A', 'ocf_to_debt': np.float64(0.07677623859477067), 'ocf_to_debt_rating': 'Adequate'}","{'current_ratio': None, 'rating': 'N/A', 'cash_and_equiv_usd': np.float64(39713000000.0)}","{'revenue_growth_yoy': np.float64(0.10899130184054977), 'ebitda_growth_yoy': None}",Infeasible – high risk of distress,,,
249,POOL,"{2023: 0.008378274268104776, 2024: 0.008011357874454924, 2025: 0.008108677337826452}",-0.0001347984651391,0.782036542892456,"[np.float32(0.76662064), np.float32(0.7974524)]","{2023: 0.0041409861325115566, 2024: 0.003447926173816043, 2025: 0.0028433024431339512}",-0.0006488418446887,2025,"{'interest_coverage': np.float64(12.405473594184306), 'rating': 'Very Strong', 'debt_to_ebitda': np.float64(1.8778206704874416), 'debt_ebitda_rating': 'Moderate'}","{'additional_debt_capacity_usd': None, 'assumptions': 'Maintain interest coverage >= 3.0x'}","{'free_cash_flow_usd': np.float64(309516000.0), 'fcf_margin': np.float64(0.058516322090461745), 'fcf_margin_rating': 'Moderate', 'ocf_to_debt': np.float64(0.30836362042575), 'ocf_to_debt_rating': 'Very Strong'}","{'current_ratio': np.float64(2.2377570900333414), 'rating': 'Very Strong', 'cash_and_equiv_usd': np.float64(104963000.0)}","{'revenue_growth_yoy': np.float64(-0.0040589702074185175), 'ebitda_growth_yoy': np.float64(-0.04659227234659001)}",Feasible – strong financial health,"{2023: np.float64(0.5671477088400599), 2024: np.float64(0.5513905860047709), 2025: np.float64(0.5674739258035141)}","{2024: np.float64(0.010316826411075612), 2025: np.float64(0.052828031474880625)}",-1.0
250,PPG,"{2023: 0.005666364460562103, 2024: 0.005326413548210871, 2025: 0.004613999549853702, 2026: 0.005793103448275862}",-3.321970352157767e-05,0.7818379402160645,"[np.float32(0.8301463), np.float32(0.8399751), np.float32(0.67539245)]","{2023: 0.0022665457842248413, 2024: 0.002458344714558864, 2025: 0.002363268062120189, 2026: 0.0016551724137931034}",-0.0001929196763735,2025,"{'interest_coverage': np.float64(9.485477178423237), 'rating': 'Very Strong', 'debt_to_ebitda': np.float64(2.3461265103056146), 'debt_ebitda_rating': 'Elevated'}","{'additional_debt_capacity_usd': None, 'assumptions': 'Maintain interest coverage >= 3.0x'}","{'free_cash_flow_usd': np.float64(1163000000.0), 'fcf_margin': np.float64(0.07325984251968504), 'fcf_margin_rating': 'Moderate', 'ocf_to_debt': np.float64(0.2940018176310209), 'ocf_to_debt_rating': 'Very Strong'}","{'current_ratio': np.float64(1.6242857142857143), 'rating': 'Strong', 'cash_and_equiv_usd': np.float64(2163000000.0)}","{'revenue_growth_yoy': np.float64(0.0018933417481855476), 'ebitda_growth_yoy': np.float64(0.0885880077369439)}",Feasible – strong financial health,"{2023: np.float64(0.32718052859578667), 2024: np.float64(0.47131136862391776), 2025: np.float64(0.44706553580206737)}","{2024: np.float64(-0.39728682170542634), 2025: np.float64(-0.07905686546463246)}",1.0
251,PFG,{2026: 0.006281195670461556},,,[],{2026: 0.0071224272334698},,2025,"{'interest_coverage': None, 'rating': 'N/A', 'debt_to_ebitda': None, 'debt_ebitda_rating': 'N/A'}","{'additional_debt_capacity_usd': None, 'assumptions': 'Maintain interest coverage >= 3.0x'}","{'free_cash_flow_usd': np.float64(4438700000.0), 'fcf_margin': np.float64(0.28406770983328533), 'fcf_margin_rating': 'Exceptional', 'ocf_to_debt': np.float64(1.1554644321625958), 'ocf_to_debt_rating': 'Very Strong'}","{'current_ratio': None, 'rating': 'N/A', 'cash_and_equiv_usd': np.float64(4431000000.0)}","{'revenue_growth_yoy': np.float64(-0.031138972079093732), 'ebitda_growth_yoy': None}",Challenging – improvement needed,,,
252,PGR,"{2023: 0.0, 2024: 0.0, 2025: 0.0, 2026: 0.0}",0.0,0.9990766644477844,"[np.float32(0.99910337), np.float32(0.9989146), np.float32(0.999212)]","{2023: 0.0, 2024: 0.0, 2025: 0.0, 2026: 0.0}",0.0,2025,"{'interest_coverage': np.float64(52.16187050359712), 'rating': 'Very Strong', 'debt_to_ebitda': None, 'debt_ebitda_rating': 'N/A'}","{'additional_debt_capacity_usd': None, 'assumptions': 'Maintain interest coverage >= 3.0x'}","{'free_cash_flow_usd': np.float64(17200000000.0), 'fcf_margin': np.float64(0.19626413501146775), 'fcf_margin_rating': 'Excellent', 'ocf_to_debt': np.float64(2.544294620849645), 'ocf_to_debt_rating': 'Very Strong'}","{'current_ratio': None, 'rating': 'N/A', 'cash_and_equiv_usd': np.float64(125000000.0)}","{'revenue_growth_yoy': np.float64(0.16317375204066734), 'ebitda_growth_yoy': None}",Marginally feasible – monitor key risks,"{2023: 0.5, 2024: 0.5, 2025: 0.5}","{2024: np.float64(-0.13095238095238096), 2025: np.float64(-0.22105263157894736)}",
253,PLD,"{2023: 0.006786507776206827, 2024: 0.005984958853407883, 2025: 0.006232769986815294, 2026: 0.005901718323430223}",-0.0002406557224923,0.9897949695587158,"[np.float32(0.9854278), np.float32(0.9985825), np.float32(0.9853747)]","{2023: 0.014259745505958392, 2024: 0.013859904713155097, 2025: 0.014423269007950778, 2026: 0.014372892243455919}",9.028045072889532e-05,2025,"{'interest_coverage': np.float64(4.876864086627123), 'rating': 'Strong', 'debt_to_ebitda': np.float64(4.749495052868619), 'debt_ebitda_rating': 'Very High'}","{'additional_debt_capacity_usd': None, 'assumptions': 'Maintain interest coverage >= 3.0x'}","{'free_cash_flow_usd': None, 'fcf_margin': None, 'fcf_margin_rating': 'N/A', 'ocf_to_debt': np.float64(0.14312921830955608), 'ocf_to_debt_rating': 'Strong'}","{'current_ratio': np.float64(0.9085606225907339), 'rating': 'Marginal', 'cash_and_equiv_usd': np.float64(1145647000.0)}","{'revenue_growth_yoy': np.float64(0.07175627712119938), 'ebitda_growth_yoy': np.float64(-0.021916464669408404)}",Challenging – improvement needed,,,
254,PRU,"{2023: 0.005972143493400276, 2024: 0.009545945048559807, 2025: 0.009409171823344917, 2026: 0.008160703075957313}",0.0006428905522457,0.820898711681366,"[np.float32(0.46795827), np.float32(0.99503183), np.float32(0.9997059)]","{2023: 0.006437768240343348, 2024: 0.004814476633186685, 2025: 0.004831736882258201, 2026: 0.007114459091860222}",0.0002047332803624,2025,"{'interest_coverage': None, 'rating': 'N/A', 'debt_to_ebitda': None, 'debt_ebitda_rating': 'N/A'}","{'additional_debt_capacity_usd': None, 'assumptions': 'Maintain interest coverage >= 3.0x'}","{'free_cash_flow_usd': None, 'fcf_margin': None, 'fcf_margin_rating': 'N/A', 'ocf_to_debt': np.float64(0.29496707431796804), 'ocf_to_debt_rating': 'Very Strong'}","{'current_ratio': None, 'rating': 'N/A', 'cash_and_equiv_usd': np.float64(19712000000.0)}","{'revenue_growth_yoy': np.float64(-0.13736116024053768), 'ebitda_growth_yoy': None}",Infeasible – high risk of distress,,,
255,PEG,"{2023: 0.007272628224334704, 2024: 0.007776521523315777, 2025: 0.008030636449372696, 2026: 0.0083575788693023}",0.0003508966860961,0.9615257382392884,"[np.float32(0.98511446), np.float32(1.0), np.float32(0.8994629)]","{2023: 0.00332307357066979, 2024: 0.0036124975870722225, 2025: 0.003858134948986882, 2026: 0.0038507615950710253}",0.0001828701435119,2025,"{'interest_coverage': np.float64(3.470343392299688), 'rating': 'Strong', 'debt_to_ebitda': np.float64(4.52023362536504), 'debt_ebitda_rating': 'Very High'}","{'additional_debt_capacity_usd': None, 'assumptions': 'Maintain interest coverage >= 3.0x'}","{'free_cash_flow_usd': np.float64(26000000.0), 'fcf_margin': np.float64(0.002136752136752137), 'fcf_margin_rating': 'Weak', 'ocf_to_debt': np.float64(0.15219197046608215), 'ocf_to_debt_rating': 'Strong'}","{'current_ratio': np.float64(0.8006968641114982), 'rating': 'Marginal', 'cash_and_equiv_usd': np.float64(132000000.0)}","{'revenue_growth_yoy': np.float64(0.1825072886297376), 'ebitda_growth_yoy': np.float64(0.18692745729140878)}",Challenging – improvement needed,"{2023: np.float64(0.5573399722828375), 2024: np.float64(0.5612865910807939), 2025: np.float64(0.536818753784062)}","{2024: np.float64(-0.016541353383458645), 2025: np.float64(0.03195266272189349)}",1.0
256,PTC,"{2022: 0.004138449962377728, 2023: 0.005027173913043478, 2024: 0.0051683195977091775, 2025: 0.005059678256357032}",0.0002904830566603,0.9248910546302797,"[np.float32(0.8760718), np.float32(0.9300326), np.float32(0.96856874)]","{2022: 0.0043892651116127415, 2023: 0.0033967391304347825, 2024: 0.003352423522838385, 2025: 0.0033731188375713543}",-0.000309275442972,2025,"{'interest_coverage': np.float64(12.947402588971553), 'rating': 'Very Strong', 'debt_to_ebitda': np.float64(1.0351594367709331), 'debt_ebitda_rating': 'Moderate'}","{'additional_debt_capacity_usd': None, 'assumptions': 'Maintain interest coverage >= 3.0x'}","{'free_cash_flow_usd': np.float64(856688000.0), 'fcf_margin': np.float64(0.3127481996739225), 'fcf_margin_rating': 'Exceptional', 'ocf_to_debt': np.float64(0.7400808915469869), 'ocf_to_debt_rating': 'Very Strong'}","{'current_ratio': np.float64(1.1179590497525465), 'rating': 'Adequate', 'cash_and_equiv_usd': np.float64(184415000.0)}","{'revenue_growth_yoy': np.float64(0.19175956896581728), 'ebitda_growth_yoy': np.float64(0.551476530844276)}",Feasible – strong financial health,"{2022: np.float64(0.5762455800016012), 2023: np.float64(0.5264617566799008), 2024: np.float64(0.6114705279892818), 2025: np.float64(0.5584200180989379)}","{2023: np.float64(0.08220603537981269), 2024: np.float64(0.39623750734861846), 2025: np.float64(0.23438586729725971)}",-0.5971450031431601
257,QCOM,"{2022: 0.0063095955478359505, 2023: 0.006168437566854454, 2024: 0.005952792967398076, 2025: 0.006357452917250573}",-7.207249121232398e-06,0.970632553100586,"[np.float32(0.9992369), np.float32(0.914046), np.float32(0.9986149)]","{2022: 0.0056360993938534614, 2023: 0.005990159024459816, 2024: 0.005848965183082993, 2025: 0.005468776703011245}",-6.431619139037173e-05,2025,"{'interest_coverage': np.float64(20.07078313253012), 'rating': 'Very Strong', 'debt_to_ebitda': np.float64(0.9920959206912721), 'debt_ebitda_rating': 'Conservative'}","{'additional_debt_capacity_usd': None, 'assumptions': 'Maintain interest coverage >= 3.0x'}","{'free_cash_flow_usd': np.float64(12820000000.0), 'fcf_margin': np.float64(0.28949507722879597), 'fcf_margin_rating': 'Exceptional', 'ocf_to_debt': np.float64(0.9460536088042671), 'ocf_to_debt_rating': 'Very Strong'}","{'current_ratio': np.float64(2.8164916885389326), 'rating': 'Very Strong', 'cash_and_equiv_usd': np.float64(5520000000.0)}","{'revenue_growth_yoy': np.float64(0.1365946306657769), 'ebitda_growth_yoy': np.float64(0.1719130230002355)}",Feasible – strong financial health,"{2022: np.float64(0.43223103672782914), 2023: np.float64(0.4372257005865916), 2024: np.float64(0.469258762293713), 2025: np.float64(0.4484696347709923)}","{2023: np.float64(0.358974358974359), 2024: np.float64(0.28206896551724137), 2025: np.float64(-0.14505283381364073)}",-0.9998473703183476
258,DGX,"{2023: 0.0, 2024: 0.006825938566552901, 2025: 0.0068143100511073255, 2026: 0.0066298342541436465}",0.001987787424699,0.7542234063148499,"[np.float32(0.26815328), np.float32(0.99457365), np.float32(0.9999434)]","{2023: 0.0, 2024: 0.0005688282138794084, 2025: 0.0005678591709256105, 2026: 0.0005524861878453039}",0.0001656489520582,2025,"{'interest_coverage': np.float64(5.758122743682311), 'rating': 'Very Strong', 'debt_to_ebitda': np.float64(2.386605080831409), 'debt_ebitda_rating': 'Elevated'}","{'additional_debt_capacity_usd': None, 'assumptions': 'Maintain interest coverage >= 3.0x'}","{'free_cash_flow_usd': np.float64(1359000000.0), 'fcf_margin': np.float64(0.12315360217489806), 'fcf_margin_rating': 'Good', 'ocf_to_debt': np.float64(0.36500870911554095), 'ocf_to_debt_rating': 'Very Strong'}","{'current_ratio': np.float64(1.0438981562774363), 'rating': 'Adequate', 'cash_and_equiv_usd': np.float64(420000000.0)}","{'revenue_growth_yoy': np.float64(0.11780794165316046), 'ebitda_growth_yoy': np.float64(0.14308342133051744)}",Feasible – strong financial health,"{2023: 0.5, 2024: np.float64(0.6462025445970622), 2025: np.float64(0.6895402608947321)}","{2024: np.float64(-0.041666666666666664), 2025: np.float64(-0.24)}",-1.0
259,RJF,{2025: 0.003985552372649147},,,[],{2025: 0.0026333113890717576},,2025,"{'interest_coverage': None, 'rating': 'N/A', 'debt_to_ebitda': None, 'debt_ebitda_rating': 'N/A'}","{'additional_debt_capacity_usd': None, 'assumptions': 'Maintain interest coverage >= 3.0x'}","{'free_cash_flow_usd': np.float64(2246000000.0), 'fcf_margin': np.float64(0.16225978904782545), 'fcf_margin_rating': 'Excellent', 'ocf_to_debt': np.float64(0.5767772511848341), 'ocf_to_debt_rating': 'Very Strong'}","{'current_ratio': None, 'rating': 'N/A', 'cash_and_equiv_usd': np.float64(11389000000.0)}","{'revenue_growth_yoy': np.float64(0.0951815808212675), 'ebitda_growth_yoy': None}",Challenging – improvement needed,,,
260,RTX,"{2023: 0.004252570382731334, 2024: 0.004403774663997712, 2025: 0.004162980694177031, 2026: 0.004368298632779259}",1.0639078032306022e-05,0.950934886932373,"[np.float32(0.94594395), np.float32(0.9374274), np.float32(0.9694333)]","{2023: 0.0026376702373903213, 2024: 0.002459250786388333, 2025: 0.0025498256751834312, 2026: 0.002836557553752766}",6.872368378829069e-05,2025,"{'interest_coverage': np.float64(5.759128065395095), 'rating': 'Very Strong', 'debt_to_ebitda': np.float64(2.2941255185333866), 'debt_ebitda_rating': 'Elevated'}","{'additional_debt_capacity_usd': None, 'assumptions': 'Maintain interest coverage >= 3.0x'}","{'free_cash_flow_usd': np.float64(7448000000.0), 'fcf_margin': np.float64(0.08406035913005203), 'fcf_margin_rating': 'Moderate', 'ocf_to_debt': np.float64(0.3081836210919272), 'ocf_to_debt_rating': 'Very Strong'}","{'current_ratio': np.float64(1.0263336962438758), 'rating': 'Adequate', 'cash_and_equiv_usd': np.float64(7435000000.0)}","{'revenue_growth_yoy': np.float64(0.09741385716762863), 'ebitda_growth_yoy': np.float64(0.19300766283524903)}",Marginally feasible – monitor key risks,"{2023: np.float64(0.637135988815087), 2024: np.float64(0.6150511805773586), 2025: np.float64(0.6132314325261273)}","{2024: np.float64(-0.022109917877447885), 2025: np.float64(0.0361557478368356)}",-1.0
261,REG,"{2023: 0.006646284726837697, 2024: 0.006490524446621559, 2025: 0.006437204414083027, 2026: 0.006838074398249453}",5.2204898169710695e-05,0.6561543941497803,"[np.float32(0.52139616), np.float32(0.50708133), np.float32(0.93998575)]","{2023: 0.008108467366741992, 2024: 0.004776046290910204, 2025: 0.006962690488702049, 2026: 0.007932166301969365}",0.0001657741003476,2025,"{'interest_coverage': np.float64(3.6201757275157904), 'rating': 'Strong', 'debt_to_ebitda': np.float64(4.008240697435292), 'debt_ebitda_rating': 'Very High'}","{'additional_debt_capacity_usd': None, 'assumptions': 'Maintain interest coverage >= 3.0x'}","{'free_cash_flow_usd': None, 'fcf_margin': None, 'fcf_margin_rating': 'N/A', 'ocf_to_debt': np.float64(0.17918122244036488), 'ocf_to_debt_rating': 'Strong'}","{'current_ratio': np.float64(0.8034627535181411), 'rating': 'Marginal', 'cash_and_equiv_usd': np.float64(104657000.0)}","{'revenue_growth_yoy': np.float64(0.0685189668643872), 'ebitda_growth_yoy': np.float64(0.15990104440823408)}",Challenging – improvement needed,,,
262,REGN,"{2023: 0.004260567328175804, 2024: 0.004525471942073959, 2025: 0.00501002004008016, 2026: 0.004855062116235899}",0.0002268032462187,0.9261791110038756,"[np.float32(0.86720663), np.float32(0.9500611), np.float32(0.9612696)]","{2023: 0.012445341405987218, 2024: 0.014352211016291699, 2025: 0.014171199541941026, 2026: 0.013280022847351134}",0.000232303284974,2025,"{'interest_coverage': np.float64(120.42237442922375), 'rating': 'Very Strong', 'debt_to_ebitda': np.float64(0.34132549585782546), 'debt_ebitda_rating': 'Conservative'}","{'additional_debt_capacity_usd': None, 'assumptions': 'Maintain interest coverage >= 3.0x'}","{'free_cash_flow_usd': np.float64(3765200000.0), 'fcf_margin': np.float64(0.2625131598212356), 'fcf_margin_rating': 'Exceptional', 'ocf_to_debt': np.float64(2.507125232891888), 'ocf_to_debt_rating': 'Very Strong'}","{'current_ratio': np.float64(4.125515062723194), 'rating': 'Very Strong', 'cash_and_equiv_usd': np.float64(3118100000.0)}","{'revenue_growth_yoy': np.float64(0.00992113786790593), 'ebitda_growth_yoy': np.float64(0.09405791650996616)}",Feasible – strong financial health,"{2023: np.float64(0.6526338161829), 2024: np.float64(0.7059656513749428), 2025: np.float64(0.7049892420092454)}","{2024: np.float64(0.04835924006908463), 2025: np.float64(-0.37670145190562615)}",-1.0
263,RMD,"{2022: 0.004165509580672035, 2023: 0.004047322540473225, 2024: 0.0038604076590487957, 2025: 0.0042592029205962886}",9.416513834851574e-06,0.9873538017272948,"[np.float32(0.9739501), np.float32(0.99832475), np.float32(0.9897866)]","{2022: 0.005970563732296584, 2023: 0.00684931506849315, 2024: 0.007103150092649784, 2025: 0.006388804380894433}",0.0001508556969949,2025,"{'interest_coverage': np.float64(nan), 'rating': 'Very Strong', 'debt_to_ebitda': np.float64(0.3423410400867302), 'debt_ebitda_rating': 'Conservative'}","{'additional_debt_capacity_usd': None, 'assumptions': 'Maintain interest coverage >= 3.0x'}","{'free_cash_flow_usd': np.float64(1650946000.0), 'fcf_margin': np.float64(0.32080083523647057), 'fcf_margin_rating': 'Exceptional', 'ocf_to_debt': np.float64(2.660402921056149), 'ocf_to_debt_rating': 'Very Strong'}","{'current_ratio': np.float64(3.4398353481434962), 'rating': 'Very Strong', 'cash_and_equiv_usd': np.float64(1209450000.0)}","{'revenue_growth_yoy': np.float64(0.09839931171919304), 'ebitda_growth_yoy': np.float64(0.201755262977011)}",Feasible – strong financial health,"{2022: np.float64(0.5872295313563786), 2023: np.float64(0.6387769866057418), 2024: np.float64(0.584489193321629), 2025: np.float64(0.5998372401139049)}","{2023: np.float64(0.1412238201440693), 2024: np.float64(0.14286567164179104), 2025: np.float64(0.12375496273594762)}",0.6019987075068833
264,HOOD,"{2024: 0.0030943091618458227, 2025: 0.003552883301448483, 2026: 0.004725897920604915}",0.0008157943793795,0.9906220436096193,"[np.float32(0.9990226), np.float32(0.98222154)]","{2024: 0.0026907036189963676, 2025: 0.0031429352282044275, 2026: 0.004410838059231254}",0.0008600672201174,2025,"{'interest_coverage': None, 'rating': 'N/A', 'debt_to_ebitda': None, 'debt_ebitda_rating': 'N/A'}","{'additional_debt_capacity_usd': None, 'assumptions': 'Maintain interest coverage >= 3.0x'}","{'free_cash_flow_usd': np.float64(1584000000.0), 'fcf_margin': np.float64(0.35412474849094566), 'fcf_margin_rating': 'Exceptional', 'ocf_to_debt': None, 'ocf_to_debt_rating': 'N/A'}","{'current_ratio': np.float64(1.261860901602308), 'rating': 'Good', 'cash_and_equiv_usd': np.float64(4261000000.0)}","{'revenue_growth_yoy': np.float64(0.515757370382921), 'ebitda_growth_yoy': np.float64(0.9274977895667551)}",Marginally feasible – monitor key risks,"{2024: np.float64(0.7171380790571372), 2025: np.float64(0.7731602708809078)}",{2025: np.float64(-0.08)},
265,ROK,"{2022: 0.0, 2023: 0.0, 2024: 0.0, 2025: 0.0}",0.0,0.962106466293335,"[np.float32(0.9413785), np.float32(0.9449407), np.float32(1.0000002)]","{2022: 0.0, 2023: 0.0, 2024: 0.0, 2025: 0.0}",0.0,2025,"{'interest_coverage': np.float64(6.878205128205129), 'rating': 'Very Strong', 'debt_to_ebitda': np.float64(1.8698140200286124), 'debt_ebitda_rating': 'Moderate'}","{'additional_debt_capacity_usd': None, 'assumptions': 'Maintain interest coverage >= 3.0x'}","{'free_cash_flow_usd': np.float64(1358000000.0), 'fcf_margin': np.float64(0.16279069767441862), 'fcf_margin_rating': 'Excellent', 'ocf_to_debt': np.float64(0.5906656465187452), 'ocf_to_debt_rating': 'Very Strong'}","{'current_ratio': np.float64(1.135268505079826), 'rating': 'Adequate', 'cash_and_equiv_usd': np.float64(468000000.0)}","{'revenue_growth_yoy': np.float64(0.009438528557599225), 'ebitda_growth_yoy': np.float64(-0.11012094207511139)}",Feasible – strong financial health,"{2022: 0.5, 2023: 0.5, 2024: 0.5, 2025: 0.5}","{2023: np.float64(-0.1410347271438696), 2024: np.float64(-0.39751552795031053), 2025: np.float64(0.17333333333333334)}",
266,ROL,"{2023: 0.007714561234329798, 2024: 0.004763877381938691, 2025: 0.0070268582136164895, 2026: 0.007669537136706136}",0.0002127908538809,0.8097760081291199,"[np.float32(0.9630879), np.float32(0.46623978), np.float32(1.0000001)]","{2023: 0.003857280617164899, 2024: 0.0035211267605633804, 2025: 0.004840724547158027, 2026: 0.004978471474703983}",0.0004683170359214,2025,"{'interest_coverage': np.float64(25.543945654457595), 'rating': 'Very Strong', 'debt_to_ebitda': np.float64(0.5691068426696385), 'debt_ebitda_rating': 'Conservative'}","{'additional_debt_capacity_usd': None, 'assumptions': 'Maintain interest coverage >= 3.0x'}","{'free_cash_flow_usd': np.float64(650021000.0), 'fcf_margin': np.float64(0.17282966192951438), 'fcf_margin_rating': 'Excellent', 'ocf_to_debt': np.float64(1.3948599909080999), 'ocf_to_debt_rating': 'Very Strong'}","{'current_ratio': np.float64(0.6017402374208332), 'rating': 'Weak', 'cash_and_equiv_usd': np.float64(100004000.0)}","{'revenue_growth_yoy': np.float64(0.10987727476076428), 'ebitda_growth_yoy': np.float64(0.1077656469038174)}",Feasible – strong financial health,"{2023: np.float64(0.5160196465440094), 2024: np.float64(0.4865680586907171), 2025: np.float64(0.484149704667482)}","{2024: np.float64(0.1507161558601571), 2025: np.float64(-0.018642100681851154)}",1.0
267,ROP,"{2023: 0.005969035627681403, 2024: 0.006683002895967922, 2025: 0.0062920373182903016, 2026: 0.006353761016601763}",7.632105890833844e-05,0.9567868709564208,"[np.float32(0.9240467), np.float32(0.9601923), np.float32(0.9861217)]","{2023: 0.005595970900951315, 2024: 0.004678102027177545, 2025: 0.0058581037101323495, 2026: 0.005328960852633737}",3.789715380028022e-05,2025,"{'interest_coverage': np.float64(6.957230769230769), 'rating': 'Very Strong', 'debt_to_ebitda': np.float64(2.7207925806349507), 'debt_ebitda_rating': 'Elevated'}","{'additional_debt_capacity_usd': None, 'assumptions': 'Maintain interest coverage >= 3.0x'}","{'free_cash_flow_usd': np.float64(2435600000.0), 'fcf_margin': np.float64(0.30820626384055677), 'fcf_margin_rating': 'Exceptional', 'ocf_to_debt': np.float64(0.29552804858186554), 'ocf_to_debt_rating': 'Very Strong'}","{'current_ratio': np.float64(0.5175273781404337), 'rating': 'Weak', 'cash_and_equiv_usd': np.float64(297400000.0)}","{'revenue_growth_yoy': np.float64(0.12264177747471304), 'ebitda_growth_yoy': np.float64(0.039516978152145305)}",Feasible – strong financial health,"{2023: np.float64(0.6431875017782053), 2024: np.float64(0.6446357015520334), 2025: np.float64(0.6693795065170732)}","{2024: np.float64(-0.027777777777777776), 2025: np.float64(0.05675675675675676)}",1.0
268,ROST,"{2023: 0.006004140786749482, 2024: 0.007818819088703155, 2025: 0.0072250468290072254, 2026: 0.005066344993968637}",-0.0003407159638041,0.9569418430328368,"[np.float32(0.99392706), np.float32(0.9945638), np.float32(0.8823347)]","{2023: 0.0018633540372670807, 2024: 0.0016176867080075492, 2025: 0.0016055659620016055, 2026: 0.0028950542822677927}",0.0003082979988997,2026,"{'interest_coverage': np.float64(75.90793843234411), 'rating': 'Very Strong', 'debt_to_ebitda': np.float64(0.30029975010989857), 'debt_ebitda_rating': 'Conservative'}","{'additional_debt_capacity_usd': None, 'assumptions': 'Maintain interest coverage >= 3.0x'}","{'free_cash_flow_usd': np.float64(2207608000.0), 'fcf_margin': np.float64(0.09703532998903455), 'fcf_margin_rating': 'Moderate', 'ocf_to_debt': np.float64(2.973762677295471), 'ocf_to_debt_rating': 'Very Strong'}","{'current_ratio': np.float64(1.5827246964065977), 'rating': 'Strong', 'cash_and_equiv_usd': np.float64(4594392000.0)}","{'revenue_growth_yoy': np.float64(0.07673449738014453), 'ebitda_growth_yoy': np.float64(0.03738864375151691)}",Feasible – strong financial health,"{2023: np.float64(0.4333368887830722), 2024: np.float64(0.46192226271544184), 2025: np.float64(0.4781504638273926), 2026: np.float64(0.5261762608484976)}","{2024: np.float64(-0.16625437644288837), 2025: np.float64(0.05598758278579781), 2026: np.float64(-0.1377176074567007)}",0.2726563500902713
269,RCL,"{2023: 0.005931674248505932, 2024: 0.005654174884944116, 2025: 0.0054203119056675545, 2026: 0.005486836405640853}",-0.0001568376507872,1.000000238418579,"[np.float32(1.0000002), np.float32(1.0000002), np.float32(1.0000002)]","{2023: 0.0020515565070020514, 2024: 0.002235371466140697, 2025: 0.0020920502092050207, 2026: 0.0024065071954565143}",9.215308084280743e-05,2025,"{'interest_coverage': np.float64(5.408266129032258), 'rating': 'Very Strong', 'debt_to_ebitda': np.float64(2.564591274883524), 'debt_ebitda_rating': 'Elevated'}","{'additional_debt_capacity_usd': None, 'assumptions': 'Maintain interest coverage >= 3.0x'}","{'free_cash_flow_usd': np.float64(1236000000.0), 'fcf_margin': np.float64(0.06891937102709936), 'fcf_margin_rating': 'Moderate', 'ocf_to_debt': np.float64(0.35590421139554085), 'ocf_to_debt_rating': 'Very Strong'}","{'current_ratio': np.float64(0.18340937370385732), 'rating': 'Critical', 'cash_and_equiv_usd': np.float64(825000000.0)}","{'revenue_growth_yoy': np.float64(0.08789808917197452), 'ebitda_growth_yoy': np.float64(0.15489972281102235)}",Marginally feasible – monitor key risks,"{2023: np.float64(0.521513475711609), 2024: np.float64(0.5343825795540684), 2025: np.float64(0.5268364533996925)}","{2024: np.float64(0.16140620990505516), 2025: np.float64(-0.6000611995104039)}",-1.0
270,CRM,"{2023: 0.009611829944547136, 2024: 0.00878803777544596, 2025: 0.007365202890494719, 2026: 0.0068783068783068784}",-0.0009623404083676,0.994248628616333,"[np.float32(0.9926096), np.float32(0.99447453), np.float32(0.9956618)]","{2023: 0.0088724584103512, 2024: 0.009312696747114376, 2025: 0.009310728182323513, 2026: 0.009259259259259259}",0.0001158433981933,2026,"{'interest_coverage': None, 'rating': 'N/A', 'debt_to_ebitda': np.float64(0.8319254064392732), 'debt_ebitda_rating': 'Conservative'}","{'additional_debt_capacity_usd': None, 'assumptions': 'Maintain interest coverage >= 3.0x'}","{'free_cash_flow_usd': np.float64(14402000000.0), 'fcf_margin': np.float64(0.34682721252257676), 'fcf_margin_rating': 'Exceptional', 'ocf_to_debt': np.float64(1.436536066673053), 'ocf_to_debt_rating': 'Very Strong'}","{'current_ratio': np.float64(0.760331914435045), 'rating': 'Weak', 'cash_and_equiv_usd': np.float64(7327000000.0)}","{'revenue_growth_yoy': np.float64(0.09579100145137881), 'ebitda_growth_yoy': np.float64(0.1260881270752939)}",Marginally feasible – monitor key risks,"{2023: np.float64(0.4449459107520131), 2024: np.float64(0.4411739374219037), 2025: np.float64(0.48750117873965665), 2026: np.float64(0.5172498200985568)}","{2024: np.float64(0.07769423558897243), 2025: np.float64(0.10597826086956522), 2026: np.float64(0.0972644376899696)}",0.14420552621885
271,SLB,"{2023: 0.006533359730746387, 2024: 0.005930528099406947, 2025: 0.006036615536862939, 2026: 0.006504652633480892}",1.996614565991824e-06,0.9917640686035156,"[np.float32(0.97801423), np.float32(1.0000001), np.float32(0.99727774)]","{2023: 0.00455355375173233, 2024: 0.004330226866233644, 2025: 0.004057397328055418, 2026: 0.004155750293612793}",-0.0001466239912537,2025,"{'interest_coverage': np.float64(8.689964157706093), 'rating': 'Very Strong', 'debt_to_ebitda': np.float64(1.4001149755676918), 'debt_ebitda_rating': 'Moderate'}","{'additional_debt_capacity_usd': None, 'assumptions': 'Maintain interest coverage >= 3.0x'}","{'free_cash_flow_usd': np.float64(4543000000.0), 'fcf_margin': np.float64(0.1272263918449647), 'fcf_margin_rating': 'Good', 'ocf_to_debt': np.float64(0.6660849928146171), 'ocf_to_debt_rating': 'Very Strong'}","{'current_ratio': np.float64(1.3255213640377692), 'rating': 'Good', 'cash_and_equiv_usd': np.float64(3036000000.0)}","{'revenue_growth_yoy': np.float64(-0.01601036126649949), 'ebitda_growth_yoy': np.float64(-0.13768744578014624)}",Feasible – strong financial health,"{2023: np.float64(0.44320987977578746), 2024: np.float64(0.4752259547768653), 2025: np.float64(0.5316177461902762)}","{2024: np.float64(-0.01768642447418738), 2025: np.float64(0.085955847815876)}",1.0
272,STX,"{2022: 0.0, 2023: 0.0, 2024: 0.0, 2025: 0.0}",0.0,0.9894245266914368,"[np.float32(0.98833776), np.float32(0.98709893), np.float32(0.99283695)]","{2022: 0.0, 2023: 0.0, 2024: 0.0, 2025: 0.0}",0.0,2025,"{'interest_coverage': np.float64(5.713395638629284), 'rating': 'Very Strong', 'debt_to_ebitda': np.float64(2.3956834532374103), 'debt_ebitda_rating': 'Elevated'}","{'additional_debt_capacity_usd': None, 'assumptions': 'Maintain interest coverage >= 3.0x'}","{'free_cash_flow_usd': np.float64(818000000.0), 'fcf_margin': np.float64(0.08991975376497746), 'fcf_margin_rating': 'Moderate', 'ocf_to_debt': np.float64(0.2168168168168168), 'ocf_to_debt_rating': 'Very Strong'}","{'current_ratio': np.float64(1.3795317220543806), 'rating': 'Good', 'cash_and_equiv_usd': np.float64(891000000.0)}","{'revenue_growth_yoy': np.float64(0.38864295527400394), 'ebitda_growth_yoy': np.float64(1.0028818443804035)}",Feasible – strong financial health,"{2022: 0.5, 2023: 0.5, 2024: 0.5, 2025: 0.5}","{2023: np.float64(0.17060367454068243), 2024: np.float64(0.1962025316455696), 2025: np.float64(-0.04330708661417323)}",
273,SRE,"{2023: 0.002065404475043029, 2024: 0.010622054039699926, 2025: 0.01186631091138885, 2026: 0.010526315789473684}",0.0026626990814988,0.8907890319824219,"[np.float32(0.7104585), np.float32(0.97894984), np.float32(0.9829588)]","{2023: 0.0024096385542168677, 2024: 0.0043152094536280956, 2025: 0.0030894537284089315, 2026: 0.0026957637997432607}",-3.67379988641404e-05,2025,"{'interest_coverage': np.float64(1.7630548302872062), 'rating': 'Marginal', 'debt_to_ebitda': np.float64(5.505129179331307), 'debt_ebitda_rating': 'Distressed'}","{'additional_debt_capacity_usd': None, 'assumptions': 'Maintain interest coverage >= 3.0x'}","{'free_cash_flow_usd': np.float64(-6047000000.0), 'fcf_margin': np.float64(-0.44132243468106847), 'fcf_margin_rating': 'Breakeven', 'ocf_to_debt': np.float64(0.15752786500569377), 'ocf_to_debt_rating': 'Strong'}","{'current_ratio': np.float64(1.5911665296428246), 'rating': 'Strong', 'cash_and_equiv_usd': np.float64(29000000.0)}","{'revenue_growth_yoy': np.float64(0.03921122487675389), 'ebitda_growth_yoy': np.float64(-0.059328091493924234)}",Challenging – improvement needed,"{2023: np.float64(0.2876915560503091), 2024: np.float64(0.5771368564547676), 2025: np.float64(0.5667554514440603)}","{2024: np.float64(0.021674407526497557), 2025: np.float64(-0.2917833231892879)}",-1.0
274,NOW,{2026: 0.005135175955293762},,,[],{2026: 0.003360519558979006},,2025,"{'interest_coverage': np.float64(99.30434782608695), 'rating': 'Very Strong', 'debt_to_ebitda': np.float64(0.4933818663136995), 'debt_ebitda_rating': 'Conservative'}","{'additional_debt_capacity_usd': None, 'assumptions': 'Maintain interest coverage >= 3.0x'}","{'free_cash_flow_usd': np.float64(4533000000.0), 'fcf_margin': np.float64(0.3413917758698599), 'fcf_margin_rating': 'Exceptional', 'ocf_to_debt': np.float64(3.651240778001341), 'ocf_to_debt_rating': 'Very Strong'}","{'current_ratio': np.float64(1.0026812218711099), 'rating': 'Adequate', 'cash_and_equiv_usd': np.float64(3726000000.0)}","{'revenue_growth_yoy': np.float64(0.20884923525127458), 'ebitda_growth_yoy': np.float64(0.29978494623655916)}",Feasible – strong financial health,,,
275,SHW,"{2023: 0.005556160801830265, 2024: 0.005365032610982538, 2025: 0.005454358341051765, 2026: 0.005485974536797433}",-1.2123306502920806e-05,0.8612625598907471,"[np.float32(0.7766151), np.float32(0.8224387), np.float32(0.9847338)]","{2023: 0.002505719577296002, 2024: 0.0035766884073216917, 2025: 0.002984460224349079, 2026: 0.0036228133733567955}",0.000275905320521,2025,"{'interest_coverage': np.float64(8.178924731182796), 'rating': 'Very Strong', 'debt_to_ebitda': np.float64(2.080466953862637), 'debt_ebitda_rating': 'Elevated'}","{'additional_debt_capacity_usd': None, 'assumptions': 'Maintain interest coverage >= 3.0x'}","{'free_cash_flow_usd': np.float64(2654000000.0), 'fcf_margin': np.float64(0.112580225075612), 'fcf_margin_rating': 'Good', 'ocf_to_debt': np.float64(0.3703155342409905), 'ocf_to_debt_rating': 'Very Strong'}","{'current_ratio': np.float64(0.8680837535944973), 'rating': 'Marginal', 'cash_and_equiv_usd': np.float64(207200000.0)}","{'revenue_growth_yoy': np.float64(0.02059874017793363), 'ebitda_growth_yoy': np.float64(-0.0025381275743070245)}",Feasible – strong financial health,"{2023: np.float64(0.5421838201384278), 2024: np.float64(0.5738462111288586), 2025: np.float64(0.5602023064104074)}","{2024: np.float64(-0.20441242683475913), 2025: np.float64(0.25457943925233645)}",1.0
276,SPG,"{2023: 0.003061800016114737, 2024: 0.002920353982300885, 2025: 0.0030803456832377858, 2026: 0.003280032800328003}",8.146900535772044e-05,0.984004557132721,"[np.float32(1.0), np.float32(0.9928447), np.float32(0.95916903)]","{2023: 0.0056401579244218835, 2024: 0.00584070796460177, 2025: 0.0063318216822110035, 2026: 0.005740057400574006}",7.908121460658318e-05,2025,"{'interest_coverage': np.float64(6.539304600265686), 'rating': 'Very Strong', 'debt_to_ebitda': np.float64(3.5407819233710205), 'debt_ebitda_rating': 'High'}","{'additional_debt_capacity_usd': None, 'assumptions': 'Maintain interest coverage >= 3.0x'}","{'free_cash_flow_usd': np.float64(3202205000.0), 'fcf_margin': np.float64(0.5031349649344293), 'fcf_margin_rating': 'Exceptional', 'ocf_to_debt': np.float64(0.1473383870269731), 'ocf_to_debt_rating': 'Strong'}","{'current_ratio': np.float64(0.5713768803638515), 'rating': 'Weak', 'cash_and_equiv_usd': np.float64(823147000.0)}","{'revenue_growth_yoy': np.float64(0.0671899014688291), 'ebitda_growth_yoy': np.float64(0.5801479132576489)}",Marginally feasible – monitor key risks,"{2023: np.float64(0.5425599437775248), 2024: np.float64(0.554982288825241), 2025: np.float64(0.5276242058886134)}","{2024: np.float64(0.04752276299882892), 2025: np.float64(-0.23658785786888023)}",-1.0
277,SWKS,"{2024: 0.004161937192584185, 2025: 0.0027472527472527475}",,0.771609902381897,[np.float32(0.7716099)],"{2024: 0.006053726825576996, 2025: 0.0057692307692307696}",,2025,"{'interest_coverage': np.float64(20.435424354243544), 'rating': 'Very Strong', 'debt_to_ebitda': np.float64(0.488198269079465), 'debt_ebitda_rating': 'Conservative'}","{'additional_debt_capacity_usd': None, 'assumptions': 'Maintain interest coverage >= 3.0x'}","{'free_cash_flow_usd': np.float64(1075900000.0), 'fcf_margin': np.float64(0.26325576843084), 'fcf_margin_rating': 'Exceptional', 'ocf_to_debt': np.float64(2.620467365028203), 'ocf_to_debt_rating': 'Very Strong'}","{'current_ratio': np.float64(2.3254232164449817), 'rating': 'Very Strong', 'cash_and_equiv_usd': np.float64(1161300000.0)}","{'revenue_growth_yoy': np.float64(-0.02180469123982767), 'ebitda_growth_yoy': np.float64(-0.09084406294706723)}",Feasible – strong financial health,"{2024: np.float64(0.5106422167948701), 2025: np.float64(0.6632120112578074)}",{2025: np.float64(-0.22829055161114145)},
278,SJM,"{2022: 0.006454136514766282, 2023: 0.007060722211014727, 2024: 0.006747159090909091, 2025: 0.006572769953051643}",4.233719475023079e-06,0.9741960167884828,"[np.float32(0.9424343), np.float32(0.9829316), np.float32(0.9972222)]","{2022: 0.003031488362996284, 2023: 0.0036312285656647167, 2024: 0.002752130681818182, 2025: 0.0025352112676056337}",-0.0002367929170018,2025,"{'interest_coverage': np.float64(-1.693079495755081), 'rating': 'Critical (default risk)', 'debt_to_ebitda': np.float64(-45.22365038560411), 'debt_ebitda_rating': 'No debt'}","{'additional_debt_capacity_usd': None, 'assumptions': 'Maintain interest coverage >= 3.0x'}","{'free_cash_flow_usd': np.float64(816600000.0), 'fcf_margin': np.float64(0.09358132499054561), 'fcf_margin_rating': 'Moderate', 'ocf_to_debt': np.float64(0.1720100045475216), 'ocf_to_debt_rating': 'Strong'}","{'current_ratio': np.float64(0.8094268476621418), 'rating': 'Marginal', 'cash_and_equiv_usd': np.float64(69900000.0)}","{'revenue_growth_yoy': np.float64(0.06692995219289129), 'ebitda_growth_yoy': np.float64(-1.0909409701928696)}",Challenging – improvement needed,"{2022: np.float64(0.5644517344526119), 2023: np.float64(0.6003483141827233), 2024: np.float64(0.5534364975947927), 2025: np.float64(0.5392149068415165)}","{2023: np.float64(-0.14347305389221557), 2024: np.float64(-0.2285295349811479), 2025: np.float64(0.3285592497868713)}",-0.7784753953085769
279,LUV,"{2024: 0.0, 2025: 0.0, 2026: 0.0}",0.0,0.9972708821296692,"[np.float32(1.0), np.float32(0.99454176)]","{2024: 0.0, 2025: 0.0, 2026: 0.0}",0.0,2025,"{'interest_coverage': np.float64(5.982300884955753), 'rating': 'Very Strong', 'debt_to_ebitda': np.float64(2.04695885509839), 'debt_ebitda_rating': 'Elevated'}","{'additional_debt_capacity_usd': None, 'assumptions': 'Maintain interest coverage >= 3.0x'}","{'free_cash_flow_usd': np.float64(-831000000.0), 'fcf_margin': np.float64(-0.029611944553326445), 'fcf_margin_rating': 'Breakeven', 'ocf_to_debt': np.float64(0.40244701769718155), 'ocf_to_debt_rating': 'Very Strong'}","{'current_ratio': np.float64(0.5168940573207582), 'rating': 'Weak', 'cash_and_equiv_usd': np.float64(3231000000.0)}","{'revenue_growth_yoy': np.float64(0.021103955172288323), 'ebitda_growth_yoy': np.float64(-0.09437019036046983)}",Marginally feasible – monitor key risks,"{2024: 0.5, 2025: 0.5}",{2025: np.float64(-0.30136319376825704)},
280,SWK,"{2023: 0.005063476920818963, 2024: 0.005471257659760724, 2025: 0.0060943887030843556, 2026: 0.006675166879171979}",0.0005458200918385,0.9474599957466124,"[np.float32(1.0), np.float32(0.84238), np.float32(1.0000001)]","{2023: 0.005723930432230131, 2024: 0.004449956229938722, 2025: 0.004533630620587143, 2026: 0.00510012750318758}",-0.0001787734396479,2025,"{'interest_coverage': np.float64(1.8094131319000581), 'rating': 'Marginal', 'debt_to_ebitda': np.float64(3.2512788607769942), 'debt_ebitda_rating': 'High'}","{'additional_debt_capacity_usd': None, 'assumptions': 'Maintain interest coverage >= 3.0x'}","{'free_cash_flow_usd': np.float64(687900000.0), 'fcf_margin': np.float64(0.045464759689102734), 'fcf_margin_rating': 'Weak', 'ocf_to_debt': np.float64(0.2064933132056216), 'ocf_to_debt_rating': 'Very Strong'}","{'current_ratio': np.float64(1.1397906857044817), 'rating': 'Adequate', 'cash_and_equiv_usd': np.float64(280100000.0)}","{'revenue_growth_yoy': np.float64(-0.015313327736451967), 'ebitda_growth_yoy': np.float64(0.08832380379175443)}",Infeasible – high risk of distress,"{2023: np.float64(0.5288859693122641), 2024: np.float64(0.5831504666130058), 2025: np.float64(0.599882317450026)}","{2024: np.float64(-0.0448774726896959), 2025: np.float64(0.199491381746256)}",1.0
281,SBUX,"{2022: 0.005226179351399993, 2023: 0.005411563657077755, 2024: 0.004755530505847541, 2025: 0.00539028384279476}",-1.6371967704572022e-05,0.9555010795593262,"[np.float32(0.992122), np.float32(0.96402717), np.float32(0.9103542)]","{2022: 0.002941889038867546, 2023: 0.0028481913984619764, 2024: 0.002712413695927857, 2025: 0.002763373362445415}",-6.713247318004855e-05,2025,"{'interest_coverage': np.float64(5.620899373387394), 'rating': 'Very Strong', 'debt_to_ebitda': np.float64(3.023167544696561), 'debt_ebitda_rating': 'High'}","{'additional_debt_capacity_usd': None, 'assumptions': 'Maintain interest coverage >= 3.0x'}","{'free_cash_flow_usd': np.float64(2442000000.0), 'fcf_margin': np.float64(0.06567270145544905), 'fcf_margin_rating': 'Moderate', 'ocf_to_debt': np.float64(0.3257088756097394), 'ocf_to_debt_rating': 'Very Strong'}","{'current_ratio': np.float64(0.7230177074355559), 'rating': 'Weak', 'cash_and_equiv_usd': np.float64(3219800000.0)}","{'revenue_growth_yoy': np.float64(0.027869151541621288), 'ebitda_growth_yoy': np.float64(-0.32321729365524987)}",Challenging – improvement needed,"{2022: np.float64(0.715585551682759), 2023: np.float64(0.7107185727268781), 2024: np.float64(0.7543066108342389), 2025: np.float64(0.6957396562946471)}","{2023: np.float64(-0.2673654483245533), 2024: np.float64(-0.19022111758656154), 2025: np.float64(0.16993699369936993)}",0.9642830094107158
282,STT,"{2023: 0.0038558256496228, 2024: 0.003670221937581595, 2025: 0.003693490854815452, 2026: 0.0037249956003988973}",-3.692212304379184e-05,0.9814464449882508,"[np.float32(0.99216723), np.float32(0.9741173), np.float32(0.9780549)]","{2023: 0.003807927194347982, 2024: 0.004187501539522625, 2025: 0.004300640036428951, 2026: 0.004927553235173345}",0.0003472016619383,2025,"{'interest_coverage': None, 'rating': 'N/A', 'debt_to_ebitda': None, 'debt_ebitda_rating': 'N/A'}","{'additional_debt_capacity_usd': None, 'assumptions': 'Maintain interest coverage >= 3.0x'}","{'free_cash_flow_usd': np.float64(10843000000.0), 'fcf_margin': np.float64(0.7764411027568923), 'fcf_margin_rating': 'Exceptional', 'ocf_to_debt': np.float64(0.4755205627273091), 'ocf_to_debt_rating': 'Very Strong'}","{'current_ratio': None, 'rating': 'N/A', 'cash_and_equiv_usd': np.float64(131363000000.0)}","{'revenue_growth_yoy': np.float64(0.0809660190417215), 'ebitda_growth_yoy': None}",Challenging – improvement needed,"{2023: np.float64(0.7094755775014897), 2024: np.float64(0.7195002469816245), 2025: np.float64(0.7269303024922674)}","{2024: np.float64(-0.13480392156862744), 2025: np.float64(-0.13930885529157666)}",-1.0
283,STLD,"{2023: 0.007937907920268125, 2024: 0.008160368990597836, 2025: 0.007872668149922985, 2026: 0.007716826035900017}",-9.50946493779801e-05,1.0,"[np.float32(1.0), np.float32(1.0), np.float32(1.0)]","{2023: 0.0021167754454048332, 2024: 0.001951392584708178, 2025: 0.0018825945575902789, 2026: 0.001677570877369569}",-0.0001386411731224,2025,"{'interest_coverage': np.float64(22.315063603786246), 'rating': 'Very Strong', 'debt_to_ebitda': np.float64(1.9752648973422298), 'debt_ebitda_rating': 'Moderate'}","{'additional_debt_capacity_usd': None, 'assumptions': 'Maintain interest coverage >= 3.0x'}","{'free_cash_flow_usd': np.float64(501509000.0), 'fcf_margin': np.float64(0.02759094243301312), 'fcf_margin_rating': 'Weak', 'ocf_to_debt': np.float64(0.34706841217591344), 'ocf_to_debt_rating': 'Very Strong'}","{'current_ratio': np.float64(3.055322784171923), 'rating': 'Very Strong', 'cash_and_equiv_usd': np.float64(769878000.0)}","{'revenue_growth_yoy': np.float64(0.03627006012979187), 'ebitda_growth_yoy': np.float64(-0.16032937074461853)}",Feasible – strong financial health,"{2023: np.float64(0.5951473152938676), 2024: np.float64(0.6056391044341504), 2025: np.float64(0.6307895370991901)}","{2024: np.float64(-0.12672680280233187), 2025: np.float64(0.4924936001276227)}",1.0
284,STE,"{2022: 0.0054604486422668245, 2023: 0.005593318116832627, 2024: 0.005709060352923731, 2025: 0.005892768217783434}",0.0001412700962641,0.9859470725059508,"[np.float32(0.9704459), np.float32(0.9998329), np.float32(0.9875624)]","{2022: 0.0021153089334907515, 2023: 0.001981489377712007, 2024: 0.0023478819633236123, 2025: 0.0028495545841863553}",0.0002569129537698,2025,"{'interest_coverage': np.float64(10.230208321257578), 'rating': 'Very Strong', 'debt_to_ebitda': np.float64(1.4121770861930267), 'debt_ebitda_rating': 'Moderate'}","{'additional_debt_capacity_usd': None, 'assumptions': 'Maintain interest coverage >= 3.0x'}","{'free_cash_flow_usd': np.float64(777996000.0), 'fcf_margin': np.float64(0.14250276810302748), 'fcf_margin_rating': 'Good', 'ocf_to_debt': np.float64(0.598366811712716), 'ocf_to_debt_rating': 'Very Strong'}","{'current_ratio': np.float64(1.9573643600447281), 'rating': 'Strong', 'cash_and_equiv_usd': np.float64(171701000.0)}","{'revenue_growth_yoy': np.float64(0.06243095288089344), 'ebitda_growth_yoy': np.float64(-0.038035832498468924)}",Feasible – strong financial health,"{2022: np.float64(0.7444905266701747), 2023: np.float64(0.7694767602994074), 2024: np.float64(0.7591490472981827), 2025: np.float64(0.7568583810715971)}","{2023: np.float64(-0.258746778966696), 2024: np.float64(0.0045390627374167405), 2025: np.float64(-0.027100459028768394)}",0.9512339998038952
285,SMCI,"{2022: 0.0031110004977600797, 2023: 0.0032956010889812295, 2025: 0.004016064257028112}",0.0003100513003656,0.8852552771568298,"[np.float32(0.99640363), np.float32(0.7741069)]","{2022: 0.008461921353907416, 2023: 0.008883794239862445, 2025: 0.009327633113097552}",0.0002790489935711,2025,"{'interest_coverage': np.float64(21.343377033219745), 'rating': 'Very Strong', 'debt_to_ebitda': np.float64(3.5211887507679536), 'debt_ebitda_rating': 'High'}","{'additional_debt_capacity_usd': None, 'assumptions': 'Maintain interest coverage >= 3.0x'}","{'free_cash_flow_usd': np.float64(1532310000.0), 'fcf_margin': np.float64(0.0697390802366025), 'fcf_margin_rating': 'Moderate', 'ocf_to_debt': np.float64(0.35440278495269606), 'ocf_to_debt_rating': 'Very Strong'}","{'current_ratio': np.float64(5.246373239076217), 'rating': 'Very Strong', 'cash_and_equiv_usd': np.float64(5169911000.0)}","{'revenue_growth_yoy': np.float64(0.4658532304249225), 'ebitda_growth_yoy': np.float64(0.04531498588254529)}",Marginally feasible – monitor key risks,"{2022: np.float64(0.5638916840972868), 2023: np.float64(0.593708938660307), 2025: np.float64(0.5312718414598041)}","{2023: np.float64(0.18567128502500996), 2025: np.float64(-2.4575598619302585)}",-1.0
286,TMUS,"{2023: 0.006198960653303638, 2024: 0.005048170926801521, 2025: 0.005573853559665568, 2026: 0.005105275451299677}",-0.0002755372973148,0.9301540851593018,"[np.float32(0.8925629), np.float32(0.9917158), np.float32(0.9061835)]","{2023: 0.0021158129175946547, 2024: 0.0015286714778342636, 2025: 0.001375366462774621, 2026: 0.002269011311688745}",3.062901672232064e-05,2025,"{'interest_coverage': np.float64(4.78404875463699), 'rating': 'Strong', 'debt_to_ebitda': np.float64(2.5709533314323734), 'debt_ebitda_rating': 'Elevated'}","{'additional_debt_capacity_usd': None, 'assumptions': 'Maintain interest coverage >= 3.0x'}","{'free_cash_flow_usd': np.float64(15427000000.0), 'fcf_margin': np.float64(0.1746934061080977), 'fcf_margin_rating': 'Excellent', 'ocf_to_debt': np.float64(0.34443663967860794), 'ocf_to_debt_rating': 'Very Strong'}","{'current_ratio': np.float64(0.9984081632653061), 'rating': 'Marginal', 'cash_and_equiv_usd': np.float64(5598000000.0)}","{'revenue_growth_yoy': np.float64(0.08487714987714988), 'ebitda_growth_yoy': np.float64(0.016783712389665615)}",Feasible – strong financial health,"{2023: np.float64(0.44337172438321737), 2024: np.float64(0.4708998576269706), 2025: np.float64(0.4704329414819979)}","{2024: np.float64(-0.13874757191749143), 2025: np.float64(-0.017220372025018277)}",1.0
287,TROW,"{2023: 0.0042601177797268516, 2024: 0.004923682914820286, 2025: 0.004489810235364271, 2026: 0.004478769925236281}",2.22083757071965e-05,0.815069854259491,"[np.float32(0.829903), np.float32(0.62415636), np.float32(0.9911502)]","{2023: 0.015411602556070669, 2024: 0.013909404234367307, 2025: 0.013504507348556596, 2026: 0.013436309775708845}",-0.0006330775226898,2025,"{'interest_coverage': None, 'rating': 'N/A', 'debt_to_ebitda': None, 'debt_ebitda_rating': 'N/A'}","{'additional_debt_capacity_usd': None, 'assumptions': 'Maintain interest coverage >= 3.0x'}","{'free_cash_flow_usd': np.float64(1479200000.0), 'fcf_margin': np.float64(0.20222015639525345), 'fcf_margin_rating': 'Exceptional', 'ocf_to_debt': None, 'ocf_to_debt_rating': 'N/A'}","{'current_ratio': np.float64(10.572620215897938), 'rating': 'Very Strong', 'cash_and_equiv_usd': np.float64(3378200000.0)}","{'revenue_growth_yoy': np.float64(0.031183038231645428), 'ebitda_growth_yoy': np.float64(0.034252549651100375)}",Marginally feasible – monitor key risks,"{2023: np.float64(0.5199984682966834), 2024: np.float64(0.44140978359637106), 2025: np.float64(0.5540512256430729)}","{2024: np.float64(-0.37512179278986685), 2025: np.float64(0.3523854511100614)}",-1.0
288,TTWO,"{2022: 0.0049584561779683735, 2023: 0.005291688177594218, 2024: 0.0050264550264550265, 2025: 0.005085934759733427}",1.1720259415591725e-05,0.8486456871032715,"[np.float32(0.8482298), np.float32(0.7176655), np.float32(0.98004186)]","{2022: 0.00375234521575985, 2023: 0.0043882292204439855, 2024: 0.003835978835978836, 2025: 0.004209049456331112}",8.178623372486442e-05,2025,"{'interest_coverage': np.float64(-25.52864737152983), 'rating': 'Critical (default risk)', 'debt_to_ebitda': np.float64(-0.8432109537552855), 'debt_ebitda_rating': 'No debt'}","{'additional_debt_capacity_usd': None, 'assumptions': 'Maintain interest coverage >= 3.0x'}","{'free_cash_flow_usd': np.float64(-214600000.0), 'fcf_margin': np.float64(-0.03809287134336836), 'fcf_margin_rating': 'Breakeven', 'ocf_to_debt': np.float64(-0.017989333757860385), 'ocf_to_debt_rating': 'Cannot cover interest'}","{'current_ratio': np.float64(0.7787764810000554), 'rating': 'Weak', 'cash_and_equiv_usd': np.float64(1456100000.0)}","{'revenue_growth_yoy': np.float64(0.05308808135187677), 'ebitda_growth_yoy': np.float64(-0.6548928135066089)}",Challenging – improvement needed,"{2022: np.float64(0.44827570265070316), 2023: np.float64(0.43958403979028976), 2024: np.float64(0.4952394537524217), 2025: np.float64(0.4479634269539799)}","{2023: np.float64(-0.287515762925599), 2024: np.float64(0.3060724779627816), 2025: np.float64(-0.19548341566690192)}",-0.500971186805158
289,TPR,"{2022: 0.004717871296471032, 2023: 0.0058644656820156385, 2024: 0.006806150743634989, 2025: 0.004864636209813875}",0.0001381979801646,0.8725979328155518,"[np.float32(0.6190234), np.float32(0.9987703), np.float32(1.0000001)]","{2022: 0.0019815059445178335, 2023: 0.003258036490008688, 2024: 0.002898916057474162, 2025: 0.002643824027072758}",0.0001627833815129,2025,"{'interest_coverage': np.float64(3.530444964871194), 'rating': 'Strong', 'debt_to_ebitda': np.float64(4.517287234042553), 'debt_ebitda_rating': 'Very High'}","{'additional_debt_capacity_usd': None, 'assumptions': 'Maintain interest coverage >= 3.0x'}","{'free_cash_flow_usd': np.float64(1093900000.0), 'fcf_margin': np.float64(0.15603292110630892), 'fcf_margin_rating': 'Excellent', 'ocf_to_debt': np.float64(0.5116279069767442), 'ocf_to_debt_rating': 'Very Strong'}","{'current_ratio': np.float64(1.866272721433618), 'rating': 'Strong', 'cash_and_equiv_usd': np.float64(1100000000.0)}","{'revenue_growth_yoy': np.float64(0.05089039453171843), 'ebitda_growth_yoy': np.float64(-0.6146130756277912)}",Feasible – strong financial health,"{2022: np.float64(0.5247753846666051), 2023: np.float64(0.5958765643846357), 2024: np.float64(0.6179684342386631), 2025: np.float64(0.5996160156604263)}","{2023: np.float64(-0.9616613418530351), 2024: np.float64(0.40879478827361565), 2025: np.float64(-0.12672176308539945)}",0.8098258084460117
290,TRGP,"{2023: 0.0, 2024: 0.0, 2025: 0.0, 2026: 0.0}",0.0,0.9609381556510924,"[np.float32(0.9909823), np.float32(0.9609998), np.float32(0.9308324)]","{2023: 0.0, 2024: 0.0, 2025: 0.0, 2026: 0.0}",0.0,2025,"{'interest_coverage': np.float64(3.9155722326454034), 'rating': 'Strong', 'debt_to_ebitda': np.float64(3.3787207745390875), 'debt_ebitda_rating': 'High'}","{'additional_debt_capacity_usd': None, 'assumptions': 'Maintain interest coverage >= 3.0x'}","{'free_cash_flow_usd': np.float64(584100000.0), 'fcf_margin': np.float64(0.03430172125226828), 'fcf_margin_rating': 'Weak', 'ocf_to_debt': np.float64(0.23883672722838678), 'ocf_to_debt_rating': 'Very Strong'}","{'current_ratio': np.float64(0.666149768805684), 'rating': 'Weak', 'cash_and_equiv_usd': np.float64(166100000.0)}","{'revenue_growth_yoy': np.float64(0.03948356377621097), 'ebitda_growth_yoy': np.float64(0.1759362433990601)}",Challenging – improvement needed,"{2023: 0.5, 2024: 0.5, 2025: 0.5}","{2024: np.float64(-0.2433134903999329), 2025: np.float64(-0.12391260368197451)}",
291,TGT,"{2023: 0.011508721452976083, 2024: 0.012230741146403797, 2025: 0.01470321292430568, 2026: 0.01095290251916758}",8.050149764760759e-05,0.7247886657714844,"[np.float32(0.80182415), np.float32(0.6222744), np.float32(0.75026757)]","{2023: 0.005214889408379788, 2024: 0.004016064257028112, 2025: 0.004174986385913959, 2026: 0.004746257758305951}",-0.0001246972821335,2026,"{'interest_coverage': np.float64(11.712359550561798), 'rating': 'Very Strong', 'debt_to_ebitda': np.float64(1.7165109034267914), 'debt_ebitda_rating': 'Moderate'}","{'additional_debt_capacity_usd': None, 'assumptions': 'Maintain interest coverage >= 3.0x'}","{'free_cash_flow_usd': np.float64(2835000000.0), 'fcf_margin': np.float64(0.027056690208054974), 'fcf_margin_rating': 'Weak', 'ocf_to_debt': np.float64(0.458048303783331), 'ocf_to_debt_rating': 'Very Strong'}","{'current_ratio': np.float64(0.9422986340084786), 'rating': 'Marginal', 'cash_and_equiv_usd': np.float64(5488000000.0)}","{'revenue_growth_yoy': np.float64(-0.01675956684120639), 'ebitda_growth_yoy': np.float64(-0.03547902461574021)}",Marginally feasible – monitor key risks,"{2023: np.float64(0.5825834492618431), 2024: np.float64(0.6156068437186808), 2025: np.float64(0.6131551540227699), 2026: np.float64(0.5668405836512302)}","{2024: np.float64(0.13060781476121563), 2025: np.float64(0.3984602580108198), 2026: np.float64(-0.28917329643721895)}",-0.0601663584211458
292,TEL,"{2022: 0.010536044362292052, 2023: 0.010445250951580066, 2024: 0.010584403835715578, 2025: 0.010614233513137289}",3.7372033667126427e-05,0.8049762845039368,"[np.float32(0.96524537), np.float32(0.5517756), np.float32(0.89790803)]","{2022: 0.004251386321626617, 2023: 0.004071877489599009, 2024: 0.004523249502442555, 2025: 0.005307116756568644}",0.000361856331767,2025,"{'interest_coverage': np.float64(42.61038961038961), 'rating': 'Very Strong', 'debt_to_ebitda': np.float64(1.1755280407865987), 'debt_ebitda_rating': 'Moderate'}","{'additional_debt_capacity_usd': None, 'assumptions': 'Maintain interest coverage >= 3.0x'}","{'free_cash_flow_usd': np.float64(3203000000.0), 'fcf_margin': np.float64(0.18555207971266366), 'fcf_margin_rating': 'Excellent', 'ocf_to_debt': np.float64(0.8548120611317638), 'ocf_to_debt_rating': 'Very Strong'}","{'current_ratio': np.float64(1.555859375), 'rating': 'Strong', 'cash_and_equiv_usd': np.float64(1255000000.0)}","{'revenue_growth_yoy': np.float64(0.08942884190596402), 'ebitda_growth_yoy': np.float64(0.11535337124289195)}",Feasible – strong financial health,"{2022: np.float64(0.6484786273718302), 2023: np.float64(0.6847021201508002), 2024: np.float64(0.6795440848384585), 2025: np.float64(0.6955061192476304)}","{2023: np.float64(0.046875), 2024: np.float64(0.07103825136612021), 2025: np.float64(-0.3764705882352941)}",-0.3368589090120781
293,TDY,"{2023: 0.0, 2024: 0.0, 2025: 0.0, 2026: 0.0}",0.0,0.934054672718048,"[np.float32(0.93580186), np.float32(0.9469137), np.float32(0.9194486)]","{2023: 0.0, 2024: 0.0, 2025: 0.0, 2026: 0.0}",0.0,2025,"{'interest_coverage': np.float64(19.364093959731544), 'rating': 'Very Strong', 'debt_to_ebitda': np.float64(1.3588969404186795), 'debt_ebitda_rating': 'Moderate'}","{'additional_debt_capacity_usd': None, 'assumptions': 'Maintain interest coverage >= 3.0x'}","{'free_cash_flow_usd': np.float64(1074000000.0), 'fcf_margin': np.float64(0.1756221996925794), 'fcf_margin_rating': 'Excellent', 'ocf_to_debt': np.float64(0.5882091541993779), 'ocf_to_debt_rating': 'Very Strong'}","{'current_ratio': np.float64(1.6427073813235848), 'rating': 'Strong', 'cash_and_equiv_usd': np.float64(352400000.0)}","{'revenue_growth_yoy': np.float64(0.07855379188712522), 'ebitda_growth_yoy': np.float64(0.14145668989813892)}",Feasible – strong financial health,"{2023: 0.5, 2024: 0.5, 2025: 0.5}","{2024: np.float64(0.27154046997389036), 2025: np.float64(-0.4014336917562724)}",
294,TSLA,"{2024: 0.0067152450350050005, 2025: 0.006251817388775807, 2026: 0.0058338617628408375}",-0.000440691636082,0.8968864679336548,"[np.float32(0.98848754), np.float32(0.8052854)]","{2024: 0.005429347049578512, 2025: 0.0061064262867112536, 2026: 0.0060875079264426125}",0.000329080438432,2025,"{'interest_coverage': np.float64(16.615384615384617), 'rating': 'Very Strong', 'debt_to_ebitda': np.float64(0.5596735804148248), 'debt_ebitda_rating': 'Conservative'}","{'additional_debt_capacity_usd': None, 'assumptions': 'Maintain interest coverage >= 3.0x'}","{'free_cash_flow_usd': np.float64(6220000000.0), 'fcf_margin': np.float64(0.06559313275754795), 'fcf_margin_rating': 'Moderate', 'ocf_to_debt': np.float64(2.239823815309842), 'ocf_to_debt_rating': 'Very Strong'}","{'current_ratio': np.float64(2.1644068865485275), 'rating': 'Very Strong', 'cash_and_equiv_usd': np.float64(16513000000.0)}","{'revenue_growth_yoy': np.float64(-0.029306991503736307), 'ebitda_growth_yoy': np.float64(-0.20016317650258364)}",Feasible – strong financial health,"{2024: np.float64(0.43084863236603826), 2025: np.float64(0.418668743611003)}",{2025: np.float64(0.24819255863163464)},
295,TXN,"{2023: 0.008021390374331552, 2024: 0.006347862886161659, 2025: 0.00558659217877095, 2026: 0.007410151908114116}",-0.0002594986106043,0.998293399810791,"[np.float32(0.99999994), np.float32(0.99999994), np.float32(0.9948804)]","{2023: 0.004965622612681436, 2024: 0.005501481168006771, 2025: 0.004655493482309125, 2026: 0.004816598740274175}",-0.000129305930292,2025,"{'interest_coverage': np.float64(11.515653775322283), 'rating': 'Very Strong', 'debt_to_ebitda': np.float64(1.641783809985458), 'debt_ebitda_rating': 'Moderate'}","{'additional_debt_capacity_usd': None, 'assumptions': 'Maintain interest coverage >= 3.0x'}","{'free_cash_flow_usd': np.float64(2603000000.0), 'fcf_margin': np.float64(0.1472118538626852), 'fcf_margin_rating': 'Good', 'ocf_to_debt': np.float64(0.5279746087983466), 'ocf_to_debt_rating': 'Very Strong'}","{'current_ratio': np.float64(4.352643241532131), 'rating': 'Very Strong', 'cash_and_equiv_usd': np.float64(3225000000.0)}","{'revenue_growth_yoy': np.float64(0.13049037785307846), 'ebitda_growth_yoy': np.float64(0.09428457764222252)}",Feasible – strong financial health,"{2023: np.float64(0.466349860575671), 2024: np.float64(0.46768649216545255), 2025: np.float64(0.46640981350313215)}","{2024: np.float64(0.04949714060343128), 2025: np.float64(0.056016597510373446)}",1.0
296,TPL,{2026: 0.004258943781942078},,,[],{2026: 0.005281090289608177},,2025,"{'interest_coverage': np.float64(885.5347826086957), 'rating': 'Very Strong', 'debt_to_ebitda': None, 'debt_ebitda_rating': 'N/A'}","{'additional_debt_capacity_usd': None, 'assumptions': 'Maintain interest coverage >= 3.0x'}","{'free_cash_flow_usd': np.float64(32135000.0), 'fcf_margin': np.float64(0.04025983788321076), 'fcf_margin_rating': 'Weak', 'ocf_to_debt': None, 'ocf_to_debt_rating': 'N/A'}","{'current_ratio': np.float64(4.340415120499124), 'rating': 'Very Strong', 'cash_and_equiv_usd': np.float64(144809000.0)}","{'revenue_growth_yoy': np.float64(0.1308642535026487), 'ebitda_growth_yoy': np.float64(0.19360623781676414)}",Marginally feasible – monitor key risks,,,
297,TXT,"{2023: 0.006352335578555391, 2024: 0.006486427559140957, 2025: 0.006598240469208211, 2026: 0.0064363654648765525}",3.639025690308205e-05,0.9331235289573668,"[np.float32(0.9700253), np.float32(0.8454039), np.float32(0.9839414)]","{2023: 0.003942828979793002, 2024: 0.003924561212253352, 2025: 0.005446166736489317, 2026: 0.005430683360989591}",0.0005985168667828,2025,"{'interest_coverage': np.float64(10.023809523809524), 'rating': 'Very Strong', 'debt_to_ebitda': np.float64(2.3275240384615383), 'debt_ebitda_rating': 'Elevated'}","{'additional_debt_capacity_usd': None, 'assumptions': 'Maintain interest coverage >= 3.0x'}","{'free_cash_flow_usd': np.float64(929000000.0), 'fcf_margin': np.float64(0.06277451179133725), 'fcf_margin_rating': 'Moderate', 'ocf_to_debt': np.float64(0.33875548670281436), 'ocf_to_debt_rating': 'Very Strong'}","{'current_ratio': np.float64(1.969216632207673), 'rating': 'Strong', 'cash_and_equiv_usd': np.float64(2025000000.0)}","{'revenue_growth_yoy': np.float64(0.08006130491898993), 'ebitda_growth_yoy': np.float64(0.170182841068917)}",Feasible – strong financial health,"{2023: np.float64(0.4642061474194535), 2024: np.float64(0.5094214672098557), 2025: np.float64(0.5119673240882386)}","{2024: np.float64(0.0945273631840796), 2025: np.float64(-0.0521978021978022)}",-1.0
298,TMO,"{2023: 0.004140786749482402, 2024: 0.004070796460176991, 2025: 0.004093784890212133, 2026: 0.0042458925604578176}",3.383058629616099e-05,0.9711002707481384,"[np.float32(0.98439455), np.float32(0.92938256), np.float32(0.9995237)]","{2023: 0.007073844030365769, 2024: 0.005486725663716814, 2025: 0.006512839598064756, 2026: 0.005538120731031937}",-0.0003581055963654,2025,"{'interest_coverage': np.float64(6.150105708245243), 'rating': 'Very Strong', 'debt_to_ebitda': np.float64(3.1156687233857654), 'debt_ebitda_rating': 'High'}","{'additional_debt_capacity_usd': None, 'assumptions': 'Maintain interest coverage >= 3.0x'}","{'free_cash_flow_usd': np.float64(6293000000.0), 'fcf_margin': np.float64(0.14123482281123056), 'fcf_margin_rating': 'Good', 'ocf_to_debt': np.float64(0.21806314849938638), 'ocf_to_debt_rating': 'Very Strong'}","{'current_ratio': np.float64(1.8899861742050168), 'rating': 'Strong', 'cash_and_equiv_usd': np.float64(9852000000.0)}","{'revenue_growth_yoy': np.float64(0.039133375311924255), 'ebitda_growth_yoy': np.float64(-0.0024273948851322065)}",Feasible – strong financial health,"{2023: np.float64(0.5581831204051033), 2024: np.float64(0.5504034831327327), 2025: np.float64(0.579614083155651)}","{2024: np.float64(0.05341446923597025), 2025: np.float64(-0.08928571428571429)}",1.0
299,TJX,"{2023: 0.0, 2024: 0.0, 2025: 0.0, 2026: 0.0}",0.0,0.9628241062164308,"[np.float32(0.8884723), np.float32(0.99999994), np.float32(0.99999994)]","{2023: 0.0, 2024: 0.0, 2025: 0.0, 2026: 0.0}",0.0,2026,"{'interest_coverage': np.float64(99.63513513513513), 'rating': 'Very Strong', 'debt_to_ebitda': np.float64(0.21693735498839908), 'debt_ebitda_rating': 'Conservative'}","{'additional_debt_capacity_usd': None, 'assumptions': 'Maintain interest coverage >= 3.0x'}","{'free_cash_flow_usd': np.float64(4917000000.0), 'fcf_margin': np.float64(0.08144504074736633), 'fcf_margin_rating': 'Moderate', 'ocf_to_debt': np.float64(3.675935828877005), 'ocf_to_debt_rating': 'Very Strong'}","{'current_ratio': np.float64(1.1377890876431405), 'rating': 'Adequate', 'cash_and_equiv_usd': np.float64(6230000000.0)}","{'revenue_growth_yoy': np.float64(0.07118523775727466), 'ebitda_growth_yoy': np.float64(0.12488581495497847)}",Marginally feasible – monitor key risks,"{2023: 0.5, 2024: 0.5, 2025: 0.5, 2026: 0.5}","{2024: np.float64(-0.1818805765271105), 2025: np.float64(-0.11382113821138211), 2026: np.float64(-0.020333680917622523)}",
300,TTD,"{2023: 0.009728183118741058, 2024: 0.009127281820455115, 2025: 0.01005260081823495, 2026: 0.009919650828290844}",0.000149972212643,0.9130913615226746,"[np.float32(0.75750583), np.float32(0.9980377), np.float32(0.98373055)]","{2023: 0.011015736766809728, 2024: 0.010877719429857465, 2025: 0.01005260081823495, 2026: 0.009126078762027577}",-0.0006494092625972,2025,"{'interest_coverage': None, 'rating': 'N/A', 'debt_to_ebitda': None, 'debt_ebitda_rating': 'N/A'}","{'additional_debt_capacity_usd': None, 'assumptions': 'Maintain interest coverage >= 3.0x'}","{'free_cash_flow_usd': np.float64(782958000.0), 'fcf_margin': np.float64(0.2703319149641403), 'fcf_margin_rating': 'Exceptional', 'ocf_to_debt': None, 'ocf_to_debt_rating': 'N/A'}","{'current_ratio': np.float64(1.6108416511099062), 'rating': 'Strong', 'cash_and_equiv_usd': np.float64(658175000.0)}","{'revenue_growth_yoy': np.float64(0.18465611733489964), 'ebitda_growth_yoy': np.float64(0.3700484011681567)}",Marginally feasible – monitor key risks,"{2023: np.float64(0.36556445756956696), 2024: np.float64(0.3806895655838566), 2025: np.float64(0.3938808839274458)}","{2024: np.float64(-0.9458742275536168), 2025: np.float64(-0.9592665931889933)}",-1.0
301,TSCO,"{2023: 0.010628875110717449, 2024: 0.008629441624365483, 2025: 0.008491785120915635, 2026: 0.008528784648187633}",-0.0006437927891041,0.9563058018684388,"[np.float32(0.87351584), np.float32(0.9971613), np.float32(0.99824023)]","{2023: 0.004133451431945674, 2024: 0.0038917089678511, 2025: 0.0049843086579287425, 2026: 0.004458228338825354}",0.0002066930410717,2025,"{'interest_coverage': np.float64(21.222217401365267), 'rating': 'Very Strong', 'debt_to_ebitda': np.float64(0.8998674416233303), 'debt_ebitda_rating': 'Conservative'}","{'additional_debt_capacity_usd': None, 'assumptions': 'Maintain interest coverage >= 3.0x'}","{'free_cash_flow_usd': np.float64(740489000.0), 'fcf_margin': np.float64(0.04769948504404071), 'fcf_margin_rating': 'Weak', 'ocf_to_debt': np.float64(0.9264923512747876), 'ocf_to_debt_rating': 'Very Strong'}","{'current_ratio': np.float64(1.3416964721820928), 'rating': 'Good', 'cash_and_equiv_usd': np.float64(194109000.0)}","{'revenue_growth_yoy': np.float64(0.04305617510068882), 'ebitda_growth_yoy': np.float64(0.02439345399317071)}",Feasible – strong financial health,"{2023: np.float64(0.5669570112306821), 2024: np.float64(0.5525678599155263), 2025: np.float64(0.5714681541304225)}","{2024: np.float64(-0.040011513722951704), 2025: np.float64(-0.14121985034060458)}",1.0
302,TDG,"{2022: 0.004847309743092583, 2023: 0.005832847262728106, 2024: 0.006252752091589608, 2025: 0.0054707089126966035}",0.0002290102337673,0.8828341364860535,"[np.float32(0.8503366), np.float32(0.99414563), np.float32(0.8040202)]","{2022: 0.0016965584100824044, 2023: 0.0014998750104157988, 2024: 0.0016732716864817261, 2025: 0.0019375427399133803}",8.963496655590265e-05,2025,"{'interest_coverage': np.float64(2.672391857506361), 'rating': 'Adequate', 'debt_to_ebitda': np.float64(6.385070052539405), 'debt_ebitda_rating': 'Distressed'}","{'additional_debt_capacity_usd': None, 'assumptions': 'Maintain interest coverage >= 3.0x'}","{'free_cash_flow_usd': np.float64(1816000000.0), 'fcf_margin': np.float64(0.20563922545578078), 'fcf_margin_rating': 'Exceptional', 'ocf_to_debt': np.float64(0.06987348716014674), 'ocf_to_debt_rating': 'Adequate'}","{'current_ratio': np.float64(3.213565536205316), 'rating': 'Very Strong', 'cash_and_equiv_usd': np.float64(2808000000.0)}","{'revenue_growth_yoy': np.float64(0.11221662468513854), 'ebitda_growth_yoy': np.float64(0.1980068187778652)}",Feasible – strong financial health,"{2022: np.float64(0.6361108786230417), 2023: np.float64(0.6360924251195861), 2024: np.float64(0.6344372654793324), 2025: np.float64(0.6240630486695948)}","{2023: np.float64(-0.16806722689075632), 2024: np.float64(-0.18705035971223022), 2025: np.float64(-0.34545454545454546)}",0.9961301070741756
303,TRMB,"{2024: 0.007250945775535939, 2025: 0.007100209778925287, 2026: 0.006867671691792295}",-0.0001916370418718,0.9430182576179504,"[np.float32(0.9870032), np.float32(0.8990333)]","{2024: 0.008354350567465321, 2025: 0.00855252541552364, 2026: 0.008542713567839196}",9.418150018692764e-05,2025,"{'interest_coverage': np.float64(7.846774193548387), 'rating': 'Very Strong', 'debt_to_ebitda': np.float64(1.776445068265918), 'debt_ebitda_rating': 'Moderate'}","{'additional_debt_capacity_usd': None, 'assumptions': 'Maintain interest coverage >= 3.0x'}","{'free_cash_flow_usd': np.float64(360900000.0), 'fcf_margin': np.float64(0.10060491177208486), 'fcf_margin_rating': 'Good', 'ocf_to_debt': np.float64(0.2774026720298808), 'ocf_to_debt_rating': 'Very Strong'}","{'current_ratio': np.float64(1.0854729280297992), 'rating': 'Adequate', 'cash_and_equiv_usd': np.float64(253400000.0)}","{'revenue_growth_yoy': np.float64(-0.02606358428583064), 'ebitda_growth_yoy': np.float64(-0.6634458472902173)}",Feasible – strong financial health,"{2024: np.float64(0.5578122327671103), 2025: np.float64(0.6084183961516474)}",{2025: np.float64(0.24702380952380953)},
304,TFC,"{2023: 0.003732718894009217, 2024: 0.004028726572079173, 2025: 0.0038035468073978986, 2026: 0.004614935609791689}",0.0002421470382667,0.7284439206123352,"[np.float32(0.84535134), np.float32(0.82369286), np.float32(0.5162876)]","{2023: 0.004193548387096774, 2024: 0.0031091259414958838, 2025: 0.0032805591213806874, 2026: 0.0031374265805698444}",-0.0002996932239696,2025,"{'interest_coverage': None, 'rating': 'N/A', 'debt_to_ebitda': None, 'debt_ebitda_rating': 'N/A'}","{'additional_debt_capacity_usd': None, 'assumptions': 'Maintain interest coverage >= 3.0x'}","{'free_cash_flow_usd': np.float64(nan), 'fcf_margin': np.float64(nan), 'fcf_margin_rating': 'Exceptional', 'ocf_to_debt': np.float64(0.13676333913209257), 'ocf_to_debt_rating': 'Strong'}","{'current_ratio': None, 'rating': 'N/A', 'cash_and_equiv_usd': np.float64(36377000000.0)}","{'revenue_growth_yoy': np.float64(0.5302756439222774), 'ebitda_growth_yoy': None}",Infeasible – high risk of distress,"{2023: np.float64(0.6079098506400792), 2024: np.float64(0.6418086808455521), 2025: np.float64(0.7016623854545541)}","{2024: np.float64(nan), 2025: np.float64(nan)}",
305,TYL,"{2024: 0.00510677808727948, 2025: 0.003954243750882644, 2026: 0.0042116346406949196}",-0.0004475717232922,0.9982832670211792,"[np.float32(0.9972316), np.float32(0.9993349)]","{2024: 0.006615598885793872, 2025: 0.008473379466177093, 2026: 0.010002632271650434}",0.0016935166929281,2025,"{'interest_coverage': np.float64(79.14174174174174), 'rating': 'Very Strong', 'debt_to_ebitda': np.float64(nan), 'debt_ebitda_rating': 'Distressed'}","{'additional_debt_capacity_usd': None, 'assumptions': 'Maintain interest coverage >= 3.0x'}","{'free_cash_flow_usd': np.float64(620750000.0), 'fcf_margin': np.float64(0.2661490177246885), 'fcf_margin_rating': 'Exceptional', 'ocf_to_debt': np.float64(nan), 'ocf_to_debt_rating': 'Very Strong'}","{'current_ratio': np.float64(1.0503820968472382), 'rating': 'Adequate', 'cash_and_equiv_usd': np.float64(1015400000.0)}","{'revenue_growth_yoy': np.float64(0.09099856254294712), 'ebitda_growth_yoy': np.float64(0.16444893207879657)}",Marginally feasible – monitor key risks,"{2024: np.float64(0.5541359069369113), 2025: np.float64(0.5846366396603676)}",{2025: np.float64(0.3432994232617751)},
306,TSN,"{2022: 0.008413672217353198, 2023: 0.00849004205347933, 2024: 0.007872653343714854, 2025: 0.008387942332896461}",-6.945783631345189e-05,0.9876839518547058,"[np.float32(0.99910414), np.float32(0.9648538), np.float32(0.9990939)]","{2022: 0.0018404907975460123, 2023: 0.0021423470602237563, 2024: 0.0019897915044554027, 2025: 0.0015727391874180866}",-9.558103861523856e-05,2025,"{'interest_coverage': np.float64(2.712694877505568), 'rating': 'Adequate', 'debt_to_ebitda': np.float64(3.07134548274525), 'debt_ebitda_rating': 'High'}","{'additional_debt_capacity_usd': None, 'assumptions': 'Maintain interest coverage >= 3.0x'}","{'free_cash_flow_usd': np.float64(1177000000.0), 'fcf_margin': np.float64(0.021619735126099816), 'fcf_margin_rating': 'Weak', 'ocf_to_debt': np.float64(0.27206160838277993), 'ocf_to_debt_rating': 'Very Strong'}","{'current_ratio': np.float64(1.5520425731726404), 'rating': 'Strong', 'cash_and_equiv_usd': np.float64(1229000000.0)}","{'revenue_growth_yoy': np.float64(0.021234688326548987), 'ebitda_growth_yoy': np.float64(-0.13252606794483687)}",Marginally feasible – monitor key risks,"{2022: np.float64(0.618312582668538), 2023: np.float64(0.5797103070120775), 2024: np.float64(0.5962067915363207), 2025: np.float64(0.5705430959600187)}","{2023: np.float64(-0.02755696873343932), 2024: np.float64(0.4161939143888602), 2025: np.float64(0.13604240282685512)}",-0.972701546680226
307,USB,"{2025: 0.0, 2026: 0.0}",,0.99791419506073,[np.float32(0.9979142)],"{2025: 0.0, 2026: 0.0}",,2025,"{'interest_coverage': None, 'rating': 'N/A', 'debt_to_ebitda': None, 'debt_ebitda_rating': 'N/A'}","{'additional_debt_capacity_usd': None, 'assumptions': 'Maintain interest coverage >= 3.0x'}","{'free_cash_flow_usd': None, 'fcf_margin': None, 'fcf_margin_rating': 'N/A', 'ocf_to_debt': np.float64(0.1311631887301692), 'ocf_to_debt_rating': 'Strong'}","{'current_ratio': None, 'rating': 'N/A', 'cash_and_equiv_usd': np.float64(46890000000.0)}","{'revenue_growth_yoy': np.float64(0.04408267788549479), 'ebitda_growth_yoy': None}",Infeasible – high risk of distress,,,
308,UBER,"{2023: 0.004362309644670051, 2024: 0.005568962316688323, 2025: 0.0066461742959209105, 2026: 0.006918573709419904}",0.0008746004173485,0.9984583258628844,"[np.float32(0.9969897), np.float32(0.99867946), np.float32(0.99970585)]","{2023: 0.004758883248730965, 2024: 0.005568962316688323, 2025: 0.004569244828445626, 2026: 0.004701082135887884}",-0.0001173120826773,2025,"{'interest_coverage': np.float64(14.181818181818182), 'rating': 'Very Strong', 'debt_to_ebitda': np.float64(1.5057964791756118), 'debt_ebitda_rating': 'Moderate'}","{'additional_debt_capacity_usd': None, 'assumptions': 'Maintain interest coverage >= 3.0x'}","{'free_cash_flow_usd': np.float64(9763000000.0), 'fcf_margin': np.float64(0.18768864025222523), 'fcf_margin_rating': 'Excellent', 'ocf_to_debt': np.float64(0.959889744320882), 'ocf_to_debt_rating': 'Very Strong'}","{'current_ratio': np.float64(1.1357954545454545), 'rating': 'Adequate', 'cash_and_equiv_usd': np.float64(7105000000.0)}","{'revenue_growth_yoy': np.float64(0.18279594342625857), 'ebitda_growth_yoy': np.float64(0.29749303621169915)}",Feasible – strong financial health,"{2023: np.float64(0.5687802624476107), 2024: np.float64(0.5752472308656525), 2025: np.float64(0.5439903375667494)}","{2024: np.float64(-0.08520179372197309), 2025: np.float64(-0.3884297520661157)}",-1.0
309,UDR,"{2023: 0.0, 2024: 0.0, 2025: 0.0, 2026: 0.0}",0.0,0.980332374572754,"[np.float32(0.9671917), np.float32(0.9869027), np.float32(0.9869027)]","{2023: 0.0, 2024: 0.0, 2025: 0.0, 2026: 0.0}",0.0,2025,"{'interest_coverage': np.float64(3.0575325884070206), 'rating': 'Strong', 'debt_to_ebitda': np.float64(4.1757503098647835), 'debt_ebitda_rating': 'Very High'}","{'additional_debt_capacity_usd': None, 'assumptions': 'Maintain interest coverage >= 3.0x'}","{'free_cash_flow_usd': np.float64(613946000.0), 'fcf_margin': np.float64(0.3585469279344888), 'fcf_margin_rating': 'Exceptional', 'ocf_to_debt': np.float64(0.16876430377040097), 'ocf_to_debt_rating': 'Strong'}","{'current_ratio': np.float64(0.20229338932421317), 'rating': 'Critical', 'cash_and_equiv_usd': np.float64(1222000.0)}","{'revenue_growth_yoy': np.float64(0.02420982365558468), 'ebitda_growth_yoy': np.float64(0.28084920477027864)}",Marginally feasible – monitor key risks,"{2023: 0.5, 2024: 0.5, 2025: 0.5}","{2024: np.float64(0.13017573403938568), 2025: np.float64(-0.06350690316430305)}",
310,UAL,"{2023: 0.007709130672498633, 2024: 0.007732973398571509, 2025: 0.007677031152740315, 2026: 0.007752845147889178}",7.5201180340464e-06,1.000000238418579,"[np.float32(1.0000002), np.float32(1.0000002), np.float32(1.0000002)]","{2023: 0.002788408966648442, 2024: 0.0024183116810078172, 2025: 0.002460206894507514, 2026: 0.002603785728913724}",-5.119744997044723e-05,2025,"{'interest_coverage': np.float64(4.689802913453299), 'rating': 'Strong', 'debt_to_ebitda': np.float64(2.444365192582026), 'debt_ebitda_rating': 'Elevated'}","{'additional_debt_capacity_usd': None, 'assumptions': 'Maintain interest coverage >= 3.0x'}","{'free_cash_flow_usd': np.float64(2557000000.0), 'fcf_margin': np.float64(0.04328762485187066), 'fcf_margin_rating': 'Weak', 'ocf_to_debt': np.float64(0.41002820737282364), 'ocf_to_debt_rating': 'Very Strong'}","{'current_ratio': np.float64(0.645046492939961), 'rating': 'Weak', 'cash_and_equiv_usd': np.float64(5942000000.0)}","{'revenue_growth_yoy': np.float64(0.03517165238420693), 'ebitda_growth_yoy': np.float64(-0.010120028241939279)}",Marginally feasible – monitor key risks,"{2023: np.float64(0.4407534227122246), 2024: np.float64(0.4273850607571166), 2025: np.float64(0.4269203413718355)}","{2024: np.float64(0.2169850787895691), 2025: np.float64(-0.04612644701691897)}",1.0
311,UPS,"{2023: 0.008500966018865781, 2024: 0.008448557430593358, 2025: 0.008886016641085709, 2026: 0.008736443449819246}",0.0001143891503353,0.8021941184997559,"[np.float32(0.98354495), np.float32(0.9503759), np.float32(0.4726615)]","{2023: 0.002341175133537902, 2024: 0.0025258573761567774, 2025: 0.002786977946522336, 2026: 0.0024746083663281116}",6.614202687363795e-05,2025,"{'interest_coverage': np.float64(8.044247787610619), 'rating': 'Very Strong', 'debt_to_ebitda': np.float64(1.97191246751069), 'debt_ebitda_rating': 'Moderate'}","{'additional_debt_capacity_usd': None, 'assumptions': 'Maintain interest coverage >= 3.0x'}","{'free_cash_flow_usd': np.float64(4765000000.0), 'fcf_margin': np.float64(0.05374403627299489), 'fcf_margin_rating': 'Moderate', 'ocf_to_debt': np.float64(0.35928398316254945), 'ocf_to_debt_rating': 'Very Strong'}","{'current_ratio': np.float64(1.219270166453265), 'rating': 'Good', 'cash_and_equiv_usd': np.float64(5887000000.0)}","{'revenue_growth_yoy': np.float64(-0.0264521796420336), 'ebitda_growth_yoy': np.float64(0.000839137366786943)}",Feasible – strong financial health,"{2023: np.float64(0.6825823444103835), 2024: np.float64(0.6850361076254298), 2025: np.float64(0.6556690095209704)}","{2024: np.float64(0.24214811942613415), 2025: np.float64(0.05730365822460987)}",-1.0
312,UHS,"{2023: 0.00505068989496029, 2024: 0.004560622914349277, 2025: 0.004417141478443236, 2026: 0.004435027741367856}",-0.0001990467896684,1.000000238418579,"[np.float32(1.0000002), np.float32(1.0000002), np.float32(1.0000002)]","{2023: 0.001116275665190499, 2024: 0.0011494252873563218, 2025: 0.0010022085707392216, 2026: 0.0011671125635178568}",5.293978364964514e-07,2025,"{'interest_coverage': np.float64(13.952711533788266), 'rating': 'Very Strong', 'debt_to_ebitda': np.float64(1.4597838754916352), 'debt_ebitda_rating': 'Moderate'}","{'additional_debt_capacity_usd': None, 'assumptions': 'Maintain interest coverage >= 3.0x'}","{'free_cash_flow_usd': np.float64(824550000.0), 'fcf_margin': np.float64(0.04748391130140124), 'fcf_margin_rating': 'Weak', 'ocf_to_debt': np.float64(0.46558791806898076), 'ocf_to_debt_rating': 'Very Strong'}","{'current_ratio': np.float64(1.0519551636142845), 'rating': 'Adequate', 'cash_and_equiv_usd': np.float64(137797000.0)}","{'revenue_growth_yoy': np.float64(0.09710009549571691), 'ebitda_growth_yoy': np.float64(0.21095008122616188)}",Marginally feasible – monitor key risks,"{2023: np.float64(0.5121216381104726), 2024: np.float64(0.5066401906647221), 2025: np.float64(0.5168070186885585)}","{2024: np.float64(-0.2701751552711441), 2025: np.float64(-0.1017545904366345)}",-1.0
313,VLO,"{2023: 0.006200378071833649, 2024: 0.006190372150608113, 2025: 0.006312525379305253, 2026: 0.006581786793267156}",0.0001266379392998,0.7162127494812012,"[np.float32(0.8523825), np.float32(0.68031263), np.float32(0.6159433)]","{2023: 0.0038185255198487714, 2024: 0.0034229116597480156, 2025: 0.0032485510723910074, 2026: 0.0032009782765069776}",-0.0002027002317383,2025,"{'interest_coverage': np.float64(6.404676258992806), 'rating': 'Very Strong', 'debt_to_ebitda': np.float64(1.439202262241405), 'debt_ebitda_rating': 'Moderate'}","{'additional_debt_capacity_usd': None, 'assumptions': 'Maintain interest coverage >= 3.0x'}","{'free_cash_flow_usd': np.float64(5030000000.0), 'fcf_margin': np.float64(0.04099863881258813), 'fcf_margin_rating': 'Weak', 'ocf_to_debt': np.float64(0.6024819027921406), 'ocf_to_debt_rating': 'Very Strong'}","{'current_ratio': np.float64(1.6450492593380113), 'rating': 'Strong', 'cash_and_equiv_usd': np.float64(4688000000.0)}","{'revenue_growth_yoy': np.float64(-0.05538916392697931), 'ebitda_growth_yoy': np.float64(-0.04396698918611269)}",Feasible – strong financial health,"{2023: np.float64(0.5301712115131351), 2024: np.float64(0.5499192157266092), 2025: np.float64(0.5575683255421433)}","{2024: np.float64(0.0043907793633369925), 2025: np.float64(0.12238147739801543)}",1.0
314,VTR,{2023: 0.004728473713656626},,,[],{2023: 0.004150950206645129},,2025,"{'interest_coverage': np.float64(1.4040336727393892), 'rating': 'Weak', 'debt_to_ebitda': np.float64(5.728994373606942), 'debt_ebitda_rating': 'Distressed'}","{'additional_debt_capacity_usd': None, 'assumptions': 'Maintain interest coverage >= 3.0x'}","{'free_cash_flow_usd': np.float64(1002111000.0), 'fcf_margin': np.float64(0.17177141505455967), 'fcf_margin_rating': 'Excellent', 'ocf_to_debt': np.float64(0.12656398239768515), 'ocf_to_debt_rating': 'Strong'}","{'current_ratio': np.float64(0.9554279818668603), 'rating': 'Marginal', 'cash_and_equiv_usd': np.float64(741067000.0)}","{'revenue_growth_yoy': np.float64(0.18474103551676535), 'ebitda_growth_yoy': np.float64(0.17265736457484057)}",Challenging – improvement needed,,,
315,VRSN,"{2023: 0.004304635761589404, 2024: 0.004480286738351254, 2025: 0.004377462322556438, 2026: 0.004333082140165787}",-1.7485280065793987e-06,0.9482934474945068,"[np.float32(0.99886686), np.float32(0.9983271), np.float32(0.8476864)]","{2023: 0.0026490066225165563, 2024: 0.002624167946748592, 2025: 0.0024388718654243012, 2026: 0.00276312484300427}",1.5705858013896348e-05,2025,"{'interest_coverage': np.float64(14.876623376623376), 'rating': 'Very Strong', 'debt_to_ebitda': np.float64(1.519673663635591), 'debt_ebitda_rating': 'Moderate'}","{'additional_debt_capacity_usd': None, 'assumptions': 'Maintain interest coverage >= 3.0x'}","{'free_cash_flow_usd': np.float64(1068300000.0), 'fcf_margin': np.float64(0.6448750452734516), 'fcf_margin_rating': 'Exceptional', 'ocf_to_debt': np.float64(0.6101666480259479), 'ocf_to_debt_rating': 'Very Strong'}","{'current_ratio': np.float64(0.48946065561473256), 'rating': 'Critical', 'cash_and_equiv_usd': np.float64(307900000.0)}","{'revenue_growth_yoy': np.float64(0.06369590342879157), 'ebitda_growth_yoy': np.float64(0.037562825147694205)}",Feasible – strong financial health,"{2023: np.float64(0.744862448600297), 2024: np.float64(0.7636715302942321), 2025: np.float64(0.7545383174914911)}","{2024: np.float64(0.3864628820960699), 2025: np.float64(0.18861209964412812)}",-1.0
316,VZ,"{2023: 0.0075976042590949425, 2024: 0.006857702669605682, 2025: 0.007624669495173092, 2026: 0.007341206511330993}",-2.226417723998833e-07,0.8773388862609863,"[np.float32(0.9444761), np.float32(0.98713136), np.float32(0.7004092)]","{2023: 0.0032165039929015083, 2024: 0.003857457751653196, 2025: 0.004242759638443091, 2026: 0.0037663581232045963}",0.0002034864277699,2025,"{'interest_coverage': np.float64(4.386913654018524), 'rating': 'Strong', 'debt_to_ebitda': np.float64(2.9242795766530443), 'debt_ebitda_rating': 'Elevated'}","{'additional_debt_capacity_usd': None, 'assumptions': 'Maintain interest coverage >= 3.0x'}","{'free_cash_flow_usd': np.float64(19676000000.0), 'fcf_margin': np.float64(0.1423826443111346), 'fcf_margin_rating': 'Good', 'ocf_to_debt': np.float64(0.2661540005160107), 'ocf_to_debt_rating': 'Very Strong'}","{'current_ratio': np.float64(0.9126503126503126), 'rating': 'Marginal', 'cash_and_equiv_usd': np.float64(19048000000.0)}","{'revenue_growth_yoy': np.float64(0.025247054633943673), 'ebitda_growth_yoy': np.float64(0.004103535353535354)}",Feasible – strong financial health,"{2023: np.float64(0.5203392171684433), 2024: np.float64(0.5453373510012957), 2025: np.float64(0.530271946976427)}","{2024: np.float64(0.2675976061555999), 2025: np.float64(0.029405225125069483)}",-1.0
317,VRTX,{2026: 0.006292364752525898},,,[],{2026: 0.010743061772605193},,2025,"{'interest_coverage': np.float64(350.1127819548872), 'rating': 'Very Strong', 'debt_to_ebitda': None, 'debt_ebitda_rating': 'N/A'}","{'additional_debt_capacity_usd': None, 'assumptions': 'Maintain interest coverage >= 3.0x'}","{'free_cash_flow_usd': np.float64(3193800000.0), 'fcf_margin': np.float64(0.26612117020656095), 'fcf_margin_rating': 'Exceptional', 'ocf_to_debt': None, 'ocf_to_debt_rating': 'N/A'}","{'current_ratio': np.float64(2.9009116336890086), 'rating': 'Very Strong', 'cash_and_equiv_usd': np.float64(5084800000.0)}","{'revenue_growth_yoy': np.float64(0.0890373045616646), 'ebitda_growth_yoy': np.float64(9.006785934608267)}",Feasible – strong financial health,,,
318,VRT,"{2023: 0.007554975940999235, 2024: 0.007580766009960774, 2025: 0.007393542349087506, 2026: 0.007378551787351054}",-7.164961218181977e-05,1.0000001192092896,"[np.float32(1.0000001), np.float32(1.0000001), np.float32(1.0000001)]","{2023: 0.002338444934118811, 2024: 0.0021596368284190577, 2025: 0.0026204960224613947, 2026: 0.003391384051329056}",0.0003619676545675,2025,"{'interest_coverage': np.float64(21.231126596980257), 'rating': 'Very Strong', 'debt_to_ebitda': np.float64(1.3535991762613497), 'debt_ebitda_rating': 'Moderate'}","{'additional_debt_capacity_usd': None, 'assumptions': 'Maintain interest coverage >= 3.0x'}","{'free_cash_flow_usd': np.float64(1887400000.0), 'fcf_margin': np.float64(0.18449838219337433), 'fcf_margin_rating': 'Excellent', 'ocf_to_debt': np.float64(0.7308875903322845), 'ocf_to_debt_rating': 'Very Strong'}","{'current_ratio': np.float64(1.5474245518493306), 'rating': 'Strong', 'cash_and_equiv_usd': np.float64(1728400000.0)}","{'revenue_growth_yoy': np.float64(0.27685414014328863), 'ebitda_growth_yoy': np.float64(0.7912474849094567)}",Feasible – strong financial health,"{2023: np.float64(0.45035293693723055), 2024: np.float64(0.4839274009462537), 2025: np.float64(0.47884751874475906)}","{2024: np.float64(-0.36775631500742945), 2025: np.float64(-0.22976643128734384)}",1.0
319,VICI,"{2023: 0.002635277582572031, 2024: 0.0026996889488819765, 2025: 0.00325, 2026: 0.003385408578438985}",0.000280070403872,0.9979379177093506,"[np.float32(0.99754584), np.float32(0.9993163), np.float32(0.9969515)]","{2023: 0.0024344945286617807, 2024: 0.0025236222783027173, 2025: 0.00340625, 2026: 0.0030748206354629312}",0.0002803606042102,2025,"{'interest_coverage': np.float64(4.343921509126211), 'rating': 'Strong', 'debt_to_ebitda': np.float64(4.572570694858283), 'debt_ebitda_rating': 'Very High'}","{'additional_debt_capacity_usd': None, 'assumptions': 'Maintain interest coverage >= 3.0x'}","{'free_cash_flow_usd': np.float64(2508656000.0), 'fcf_margin': np.float64(0.6262065302153008), 'fcf_margin_rating': 'Exceptional', 'ocf_to_debt': np.float64(0.14964257653008145), 'ocf_to_debt_rating': 'Strong'}","{'current_ratio': np.float64(26.67681461680005), 'rating': 'Very Strong', 'cash_and_equiv_usd': np.float64(563479000.0)}","{'revenue_growth_yoy': np.float64(0.04076452150509001), 'ebitda_growth_yoy': np.float64(0.030063731899197116)}",Feasible – strong financial health,"{2023: np.float64(0.7661398697244234), 2024: np.float64(0.7483530113934924), 2025: np.float64(0.7461977343146617)}","{2024: np.float64(-0.865179677819083), 2025: np.float64(0.8226149348923731)}",-1.0
320,V,"{2022: 0.004292439767377458, 2023: 0.004471679364027824, 2024: 0.004259850905218318, 2025: 0.004844081138359067}",0.0001443095654135,0.9569535255432128,"[np.float32(0.9362458), np.float32(0.9856676), np.float32(0.94894713)]","{2022: 0.004846302963168098, 2023: 0.00546538588936734, 2024: 0.005020538566864446, 2025: 0.005752346351801393}",0.0002273282843397,2025,"{'interest_coverage': np.float64(42.07640067911715), 'rating': 'Very Strong', 'debt_to_ebitda': np.float64(0.7538360958350959), 'debt_ebitda_rating': 'Conservative'}","{'additional_debt_capacity_usd': None, 'assumptions': 'Maintain interest coverage >= 3.0x'}","{'free_cash_flow_usd': np.float64(21577000000.0), 'fcf_margin': np.float64(0.539425), 'fcf_margin_rating': 'Exceptional', 'ocf_to_debt': np.float64(1.176359555147434), 'ocf_to_debt_rating': 'Very Strong'}","{'current_ratio': np.float64(1.0775507874914403), 'rating': 'Adequate', 'cash_and_equiv_usd': np.float64(17164000000.0)}","{'revenue_growth_yoy': np.float64(0.1133997661860491), 'ebitda_growth_yoy': np.float64(0.01609940994881013)}",Feasible – strong financial health,"{2022: np.float64(0.6577341122409472), 2023: np.float64(0.715903420737663), 2024: np.float64(0.7085946395739235), 2025: np.float64(0.7511647595497577)}","{2023: np.float64(-0.09175257731958762), 2024: np.float64(-0.18696883852691218), 2025: np.float64(-0.17899761336515513)}",-0.9991974901396266
321,VMC,"{2023: 0.005611978843336396, 2024: 0.0059957173447537475, 2025: 0.005627947066876236, 2026: 0.005913629879393075}",5.371828302925631e-05,0.9688525795936584,"[np.float32(0.9748466), np.float32(0.95381916), np.float32(0.9778921)]","{2023: 0.0022845223610041964, 2024: 0.0017886383675525886, 2025: 0.0019013334685392689, 2026: 0.0022305796913500197}",-4.9132907975542175e-06,2025,"{'interest_coverage': np.float64(6.799332498957029), 'rating': 'Very Strong', 'debt_to_ebitda': np.float64(1.850137857900318), 'debt_ebitda_rating': 'Moderate'}","{'additional_debt_capacity_usd': None, 'assumptions': 'Maintain interest coverage >= 3.0x'}","{'free_cash_flow_usd': np.float64(1135300000.0), 'fcf_margin': np.float64(0.14296508040447797), 'fcf_margin_rating': 'Good', 'ocf_to_debt': np.float64(0.4156636173968865), 'ocf_to_debt_rating': 'Very Strong'}","{'current_ratio': np.float64(2.6858069239619287), 'rating': 'Very Strong', 'cash_and_equiv_usd': np.float64(183300000.0)}","{'revenue_growth_yoy': np.float64(0.07056095555226014), 'ebitda_growth_yoy': np.float64(0.19017568659127626)}",Feasible – strong financial health,"{2023: np.float64(0.6814412749157502), 2024: np.float64(0.6782980449954791), 2025: np.float64(0.6868057126179338)}","{2024: np.float64(0.30838872335548934), 2025: np.float64(-0.12294946147473074)}",1.0
322,WRB,"{2023: 0.0026250894916872167, 2024: 0.002462649811196848, 2025: 0.0025297242600556538, 2026: 0.0022815022815022815}",-9.636871816963976e-05,0.9964049458503724,"[np.float32(0.9932034), np.float32(0.99999994), np.float32(0.9960114)]","{2023: 0.010341261633919338, 2024: 0.01083565916926613, 2025: 0.011468083312252297, 2026: 0.011583011583011582}",0.0004357673990264,2025,"{'interest_coverage': np.float64(18.972315039561202), 'rating': 'Very Strong', 'debt_to_ebitda': None, 'debt_ebitda_rating': 'N/A'}","{'additional_debt_capacity_usd': None, 'assumptions': 'Maintain interest coverage >= 3.0x'}","{'free_cash_flow_usd': np.float64(3412622000.0), 'fcf_margin': np.float64(0.233104983999153), 'fcf_margin_rating': 'Exceptional', 'ocf_to_debt': np.float64(1.2616066696599142), 'ocf_to_debt_rating': 'Very Strong'}","{'current_ratio': None, 'rating': 'N/A', 'cash_and_equiv_usd': np.float64(2539938000.0)}","{'revenue_growth_yoy': np.float64(0.06929465563392585), 'ebitda_growth_yoy': None}",Marginally feasible – monitor key risks,"{2023: np.float64(0.5813263319859295), 2024: np.float64(0.6081225534210042), 2025: np.float64(0.6149119127724991)}","{2024: np.float64(-0.9898831951770912), 2025: np.float64(-0.6094411255124358)}",1.0
323,DIS,"{2023: 0.0018739459054281967, 2024: 0.00295487106017192, 2025: 0.0029378316906747536}",0.0005319428926233,0.9654802083969116,"[np.float32(0.9373901), np.float32(0.9935704)]","{2023: 0.00368542694734212, 2024: 0.0030444126074498567, 2025: 0.003032600454890068}",-0.000326413246226,2025,"{'interest_coverage': np.float64(7.624172185430464), 'rating': 'Very Strong', 'debt_to_ebitda': np.float64(1.8449924246382112), 'debt_ebitda_rating': 'Moderate'}","{'additional_debt_capacity_usd': None, 'assumptions': 'Maintain interest coverage >= 3.0x'}","{'free_cash_flow_usd': np.float64(10077000000.0), 'fcf_margin': np.float64(0.10671961874503574), 'fcf_margin_rating': 'Good', 'ocf_to_debt': np.float64(0.5125584029449243), 'ocf_to_debt_rating': 'Very Strong'}","{'current_ratio': np.float64(0.7103506820443768), 'rating': 'Weak', 'cash_and_equiv_usd': np.float64(5695000000.0)}","{'revenue_growth_yoy': np.float64(0.03353728615054564), 'ebitda_growth_yoy': np.float64(0.3084284640098435)}",Feasible – strong financial health,"{2023: np.float64(0.6319321926683188), 2024: np.float64(0.6367434369230812), 2025: np.float64(0.6501010781263604)}","{2024: np.float64(-0.0891527470315959), 2025: np.float64(-0.4826311899482631)}",-1.0
324,WBD,"{2023: 0.0, 2024: 0.0, 2025: 0.0, 2026: 0.0}",0.0,0.9880471229553224,"[np.float32(0.9872111), np.float32(0.9872111), np.float32(0.98971915)]","{2023: 0.0, 2024: 0.0, 2025: 0.0, 2026: 0.0}",0.0,2025,"{'interest_coverage': np.float64(1.7860911270983213), 'rating': 'Marginal', 'debt_to_ebitda': np.float64(1.5250905328504916), 'debt_ebitda_rating': 'Moderate'}","{'additional_debt_capacity_usd': None, 'assumptions': 'Maintain interest coverage >= 3.0x'}","{'free_cash_flow_usd': np.float64(3088000000.0), 'fcf_margin': np.float64(0.0827970827970828), 'fcf_margin_rating': 'Moderate', 'ocf_to_debt': np.float64(0.13318736894042185), 'ocf_to_debt_rating': 'Strong'}","{'current_ratio': np.float64(1.05648), 'rating': 'Adequate', 'cash_and_equiv_usd': np.float64(4566000000.0)}","{'revenue_growth_yoy': np.float64(-0.05149919890135042), 'ebitda_growth_yoy': np.float64(0.8311229762314847)}",Challenging – improvement needed,"{2023: 0.5, 2024: 0.5, 2025: 0.5}","{2024: np.float64(0.2796352583586626), 2025: np.float64(-0.29852320675105487)}",
325,WEC,"{2023: 0.007246376811594203, 2024: 0.007476674441852716, 2025: 0.006637945380248877, 2026: 0.006920636272651775}",-0.0001815950678432,0.9998786449432372,"[np.float32(0.99987555), np.float32(0.9999075), np.float32(0.9998529)]","{2023: 0.0030303030303030303, 2024: 0.002978173942019327, 2025: 0.002810494979938243, 2026: 0.0032580226145099123}",5.1547979053988e-05,2025,"{'interest_coverage': np.float64(2.8696235057535473), 'rating': 'Adequate', 'debt_to_ebitda': np.float64(4.5707049492229), 'debt_ebitda_rating': 'Very High'}","{'additional_debt_capacity_usd': None, 'assumptions': 'Maintain interest coverage >= 3.0x'}","{'free_cash_flow_usd': np.float64(-1018700000.0), 'fcf_margin': np.float64(-0.10394791889878675), 'fcf_margin_rating': 'Breakeven', 'ocf_to_debt': np.float64(0.18268903292770608), 'ocf_to_debt_rating': 'Strong'}","{'current_ratio': np.float64(0.5872456824114135), 'rating': 'Weak', 'cash_and_equiv_usd': np.float64(27600000.0)}","{'revenue_growth_yoy': np.float64(0.13955976232281772), 'ebitda_growth_yoy': np.float64(0.03345164832358724)}",Challenging – improvement needed,"{2023: np.float64(0.552506356000544), 2024: np.float64(0.5606373459915406), 2025: np.float64(0.5541792983536014)}","{2024: np.float64(-0.1156083276505275), 2025: np.float64(-0.5814246161590737)}",-1.0
326,WELL,"{2023: 0.0030342338277592916, 2024: 0.003056585451977401, 2025: 0.0029587661315706643, 2026: 0.0033049075167683423}",7.142017466207783e-05,0.9808676838874816,"[np.float32(0.99972004), np.float32(0.99101794), np.float32(0.9518651)]","{2023: 0.0032372680615870507, 2024: 0.0022179555084745764, 2025: 0.0022977651872836007, 2026: 0.002611418726364493}",-0.0001797738326858,2025,"{'interest_coverage': np.float64(0.26371452017393837), 'rating': 'Very Weak', 'debt_to_ebitda': np.float64(8.308872959387273), 'debt_ebitda_rating': 'Distressed'}","{'additional_debt_capacity_usd': None, 'assumptions': 'Maintain interest coverage >= 3.0x'}","{'free_cash_flow_usd': np.float64(2847878000.0), 'fcf_margin': np.float64(0.2669768155201171), 'fcf_margin_rating': 'Exceptional', 'ocf_to_debt': np.float64(0.15010843711267344), 'ocf_to_debt_rating': 'Strong'}","{'current_ratio': np.float64(5.341506262667196), 'rating': 'Very Strong', 'cash_and_equiv_usd': np.float64(5033678000.0)}","{'revenue_growth_yoy': np.float64(0.3582448242326021), 'ebitda_growth_yoy': np.float64(-0.16840223788627437)}",Marginally feasible – monitor key risks,"{2023: np.float64(0.6680505734196697), 2024: np.float64(0.6854363362996158), 2025: np.float64(0.665141093816682)}","{2024: np.float64(-0.14627507445906232), 2025: np.float64(0.41841176976684163)}",1.0
327,WST,"{2023: 0.006762468300929839, 2024: 0.006153305203938115, 2025: 0.006503442999234889, 2026: 0.006087121932661214}",-0.0001675901309509,1.0000001192092896,"[np.float32(1.0000001), np.float32(1.0000001), np.float32(1.0000001)]","{2023: 0.004733727810650888, 2024: 0.005977496483825597, 2025: 0.0045906656465187455, 2026: 0.00456534144949591}",-0.0001891989920773,2025,"{'interest_coverage': np.float64(1202.8), 'rating': 'Very Strong', 'debt_to_ebitda': np.float64(0.26242236024844723), 'debt_ebitda_rating': 'Conservative'}","{'additional_debt_capacity_usd': None, 'assumptions': 'Maintain interest coverage >= 3.0x'}","{'free_cash_flow_usd': np.float64(468900000.0), 'fcf_margin': np.float64(0.15253244852151848), 'fcf_margin_rating': 'Excellent', 'ocf_to_debt': np.float64(3.7218934911242605), 'ocf_to_debt_rating': 'Very Strong'}","{'current_ratio': np.float64(3.0206138341731563), 'rating': 'Very Strong', 'cash_and_equiv_usd': np.float64(791300000.0)}","{'revenue_growth_yoy': np.float64(0.06252592285358773), 'ebitda_growth_yoy': np.float64(0.0388493077026482)}",Feasible – strong financial health,"{2023: np.float64(0.6305034545443531), 2024: np.float64(0.5925651416605846), 2025: np.float64(0.587805986658416)}","{2024: np.float64(-0.04143646408839779), 2025: np.float64(0.2416445623342175)}",-1.0
328,WSM,"{2023: 0.00671527244819647, 2024: 0.005914987354164967, 2025: 0.005712593094109682, 2026: 0.0059631838216230235}",-0.0002458660139776,0.7945094704627991,"[np.float32(0.44945362), np.float32(0.9831381), np.float32(0.9509368)]","{2023: 0.006523407521105142, 2024: 0.00265154605531533, 2025: 0.0024542992552471225, 2026: 0.002851957479906663}",-0.0011211596923666,2026,"{'interest_coverage': np.float64(nan), 'rating': 'Very Strong', 'debt_to_ebitda': None, 'debt_ebitda_rating': 'N/A'}","{'additional_debt_capacity_usd': None, 'assumptions': 'Maintain interest coverage >= 3.0x'}","{'free_cash_flow_usd': np.float64(1055451000.0), 'fcf_margin': np.float64(0.13519609018580686), 'fcf_margin_rating': 'Good', 'ocf_to_debt': None, 'ocf_to_debt_rating': 'N/A'}","{'current_ratio': np.float64(1.388437309697922), 'rating': 'Good', 'cash_and_equiv_usd': np.float64(1019801000.0)}","{'revenue_growth_yoy': np.float64(0.012354858775956712), 'ebitda_growth_yoy': np.float64(-0.007719944626039015)}",Marginally feasible – monitor key risks,"{2023: np.float64(0.5502191424663914), 2024: np.float64(0.4205854340354995), 2025: np.float64(0.41457684486124075), 2026: np.float64(0.4034138281765596)}","{2024: np.float64(0.467808662108851), 2025: np.float64(-0.1756837067144934), 2026: np.float64(-0.1709234678449408)}",0.9989586058108596
329,WMB,"{2023: 0.003084832904884319, 2024: 0.003146303093864709, 2025: 0.00356478611283323, 2026: 0.003405572755417957}",0.000138070257057,0.8663448691368103,"[np.float32(0.88427484), np.float32(0.8497137), np.float32(0.865046)]","{2023: 0.013196229648671808, 2024: 0.013284390840762104, 2025: 0.011004339739615622, 2026: 0.013157894736842105}",-0.0002395055836636,2025,"{'interest_coverage': np.float64(3.513869625520111), 'rating': 'Strong', 'debt_to_ebitda': np.float64(3.6843809009981117), 'debt_ebitda_rating': 'High'}","{'additional_debt_capacity_usd': None, 'assumptions': 'Maintain interest coverage >= 3.0x'}","{'free_cash_flow_usd': np.float64(899000000.0), 'fcf_margin': np.float64(0.07523012552301256), 'fcf_margin_rating': 'Moderate', 'ocf_to_debt': np.float64(0.21591741104114803), 'ocf_to_debt_rating': 'Very Strong'}","{'current_ratio': np.float64(0.5312807075008189), 'rating': 'Weak', 'cash_and_equiv_usd': np.float64(63000000.0)}","{'revenue_growth_yoy': np.float64(0.1377701609064077), 'ebitda_growth_yoy': np.float64(0.12863449535697977)}",Challenging – improvement needed,"{2023: np.float64(0.7857163836558659), 2024: np.float64(0.7622696751994746), 2025: np.float64(0.6488969444551251)}","{2024: np.float64(-0.043241137514608494), 2025: np.float64(-0.8666915608663182)}",1.0
330,WTW,"{2023: 0.005394090652926496, 2024: 0.005248052480524805, 2025: 0.005486204977339588, 2026: 0.006114961271911945}",0.0002400764353772,0.999324381351471,"[np.float32(0.99946254), np.float32(0.9993937), np.float32(0.99911684)]","{2023: 0.0020932292085983416, 2024: 0.0019680196801968018, 2025: 0.002623837163075455, 2026: 0.0020383204239706482}",4.91091128995861e-05,2025,"{'interest_coverage': np.float64(8.511538461538462), 'rating': 'Very Strong', 'debt_to_ebitda': np.float64(2.1877613074876474), 'debt_ebitda_rating': 'Elevated'}","{'additional_debt_capacity_usd': None, 'assumptions': 'Maintain interest coverage >= 3.0x'}","{'free_cash_flow_usd': np.float64(1546000000.0), 'fcf_margin': np.float64(0.1592501030078286), 'fcf_margin_rating': 'Excellent', 'ocf_to_debt': np.float64(0.3083738707435719), 'ocf_to_debt_rating': 'Very Strong'}","{'current_ratio': np.float64(1.2049414453013425), 'rating': 'Good', 'cash_and_equiv_usd': np.float64(3132000000.0)}","{'revenue_growth_yoy': np.float64(-0.022356495468277945), 'ebitda_growth_yoy': np.float64(2.2046285018270404)}",Feasible – strong financial health,"{2023: np.float64(0.6929534776626449), 2024: np.float64(0.7041636579372781), 2025: np.float64(0.6634761795960367)}","{2024: np.float64(-0.012396694214876033), 2025: np.float64(0.0653061224489796)}",1.0
331,WDAY,"{2023: 0.006281040023371312, 2024: 0.006964358869315854, 2025: 0.006936245572609209, 2026: 0.006629055007052186}",0.0001015931654336,0.9425703883171082,"[np.float32(0.9895173), np.float32(0.9481776), np.float32(0.8900163)]","{2023: 0.007011393514460999, 2024: 0.006281578588010379, 2025: 0.006641086186540732, 2026: 0.006346967559943582}",-0.0001633770265022,2026,"{'interest_coverage': np.float64(9.850877192982455), 'rating': 'Very Strong', 'debt_to_ebitda': np.float64(2.0319727891156463), 'debt_ebitda_rating': 'Elevated'}","{'additional_debt_capacity_usd': None, 'assumptions': 'Maintain interest coverage >= 3.0x'}","{'free_cash_flow_usd': np.float64(2777000000.0), 'fcf_margin': np.float64(0.29072445561139026), 'fcf_margin_rating': 'Exceptional', 'ocf_to_debt': np.float64(0.98393036491463), 'ocf_to_debt_rating': 'Very Strong'}","{'current_ratio': np.float64(1.321574161179053), 'rating': 'Good', 'cash_and_equiv_usd': np.float64(1501000000.0)}","{'revenue_growth_yoy': np.float64(0.1309495619228037), 'ebitda_growth_yoy': np.float64(0.36363636363636365)}",Feasible – strong financial health,"{2023: np.float64(0.5226145768150067), 2024: np.float64(0.5337144977188316), 2025: np.float64(0.5302342760291967), 2026: np.float64(0.5239350551938904)}","{2024: np.float64(0.336986301369863), 2025: np.float64(-0.12396694214876033), 2026: np.float64(0.40441176470588236)}",-0.6575971567068903
332,WYNN,"{2023: 0.003868685752183044, 2024: 0.003299689440993789, 2025: 0.004108216432865732, 2026: 0.00447299002179149}",0.0002621439800698,0.991525650024414,"[np.float32(0.9940937), np.float32(0.9844153), np.float32(0.996068)]","{2023: 0.0008842710290704101, 2024: 0.0021350931677018635, 2025: 0.0016032064128256513, 2026: 0.001605688725771304}",0.0001632366335226,2025,"{'interest_coverage': np.float64(1.8218928441258657), 'rating': 'Marginal', 'debt_to_ebitda': np.float64(5.986041245698957), 'debt_ebitda_rating': 'Distressed'}","{'additional_debt_capacity_usd': None, 'assumptions': 'Maintain interest coverage >= 3.0x'}","{'free_cash_flow_usd': np.float64(691763000.0), 'fcf_margin': np.float64(0.09691375251403629), 'fcf_margin_rating': 'Moderate', 'ocf_to_debt': np.float64(0.12836684032743556), 'ocf_to_debt_rating': 'Strong'}","{'current_ratio': np.float64(1.6331286080996703), 'rating': 'Strong', 'cash_and_equiv_usd': np.float64(1463442000.0)}","{'revenue_growth_yoy': np.float64(0.0013977349202668196), 'ebitda_growth_yoy': np.float64(-0.11572494741807292)}",Challenging – improvement needed,"{2023: np.float64(0.6398605229756371), 2024: np.float64(0.6611572626233101), 2025: np.float64(0.6736097452992743)}","{2024: np.float64(0.06835264416981778), 2025: np.float64(-0.5640738005982809)}",-1.0
333,XYL,"{2023: 0.00930925339787749, 2024: 0.008043415059598798, 2025: 0.00595704655902179, 2026: 0.0072678882178319176}",-0.0008210464040716,0.938701331615448,"[np.float32(0.9901375), np.float32(0.92874885), np.float32(0.8972174)]","{2023: 0.006795754980450568, 2024: 0.006299059986432794, 2025: 0.006270575325286095, 2026: 0.005937148121609172}",-0.0002604305237671,2025,"{'interest_coverage': np.float64(41.724137931034484), 'rating': 'Very Strong', 'debt_to_ebitda': np.float64(0.7887955182072829), 'debt_ebitda_rating': 'Conservative'}","{'additional_debt_capacity_usd': None, 'assumptions': 'Maintain interest coverage >= 3.0x'}","{'free_cash_flow_usd': np.float64(910000000.0), 'fcf_margin': np.float64(0.10071942446043165), 'fcf_margin_rating': 'Good', 'ocf_to_debt': np.float64(0.8813920454545454), 'ocf_to_debt_rating': 'Very Strong'}","{'current_ratio': np.float64(1.625), 'rating': 'Strong', 'cash_and_equiv_usd': np.float64(1479000000.0)}","{'revenue_growth_yoy': np.float64(0.055244101845363235), 'ebitda_growth_yoy': np.float64(0.054341405788541054)}",Feasible – strong financial health,"{2023: np.float64(0.5581695364559429), 2024: np.float64(0.5999676910957888), 2025: np.float64(0.6236531420375456)}","{2024: np.float64(-0.18450184501845018), 2025: np.float64(-0.03115264797507788)}",1.0
