ticker,company,sector,sub_industry,cik,sec_company_title,fetch_success,error,year,filed,revenue,gross_profit,operating_income,depreciation_amortization,ebit,ebitda,interest_expense,operating_cash_flow,capex,fcf,free_cash_flow,total_debt,cash,net_debt,current_assets,current_liabilities,fcf_margin,fcf_conversion,fcf_to_debt,debt_to_ebitda,net_debt_to_ebitda,interest_coverage,cash_interest_coverage,current_ratio,capex_to_revenue,capex_to_ebitda,usable_metric_count,revenue_concept,debt_concept
MMM,3M,Industrials,Industrial Conglomerates,0000066740,3M CO,True,,2025.0,2026-02-03,24610000000.0,,-10689000000.0,1987000000.0,-10689000000.0,-8702000000.0,488000000.0,6680000000.0,1615000000.0,5065000000.0,5065000000.0,1919000000.0,3655000000.0,-1736000000.0,15884000000.0,11256000000.0,0.20581064607882973,-0.5820501034245001,2.639395518499218,-0.2205240174672489,0.1994943691105493,-21.903688524590162,13.688524590163935,1.4111584932480454,0.06562373019097928,-0.185589519650655,18,RevenueFromContractWithCustomerExcludingAssessedTax,DebtCurrent
AOS,A. O. Smith,Industrials,Building Products,0000091142,SMITH A O CORP,True,,2025.0,2026-02-10,3852800000.0,1484800000.0,745500000.0,78300000.0,745500000.0,823800000.0,12000000.0,670300000.0,72600000.0,597700000.0,597700000.0,193200000.0,239600000.0,-46400000.0,1392900000.0,897200000.0,0.15513392857142858,0.7255401796552561,3.0936853002070395,0.23452294246176256,-0.05632435057052683,62.125,55.858333333333334,1.5524966562639322,0.01884343853820598,0.08812818645302258,19,RevenueFromContractWithCustomerExcludingAssessedTax,LongTermDebt
ABT,Abbott Laboratories,Health Care,Health Care Equipment,0000001800,ABBOTT LABORATORIES,True,,2025.0,2026-02-20,40109000000.0,3739000000.0,6478000000.0,1277000000.0,6478000000.0,7755000000.0,533000000.0,7261000000.0,2202000000.0,5059000000.0,5059000000.0,14125000000.0,7616000000.0,6509000000.0,23656000000.0,14157000000.0,0.12613129222867686,0.6523533204384269,0.3581592920353982,1.8214055448098,0.8393294648613797,12.153846153846153,13.622889305816136,1.6709754891573074,0.054900396419756164,0.2839458413926499,19,RevenueFromContractWithCustomerExcludingAssessedTax,LongTermDebt
ABBV,AbbVie,Health Care,Biotechnology,0001551152,AbbVie Inc.,True,,2025.0,2026-02-20,54318000000.0,12066000000.0,12757000000.0,752000000.0,12757000000.0,13509000000.0,2224000000.0,22839000000.0,777000000.0,22062000000.0,22062000000.0,64503000000.0,5524000000.0,58979000000.0,25582000000.0,38749000000.0,0.40616370264000884,1.633133466577837,0.34203060322775686,4.7748167888074615,4.36590421200681,5.736061151079137,10.269334532374101,0.6601976825208392,0.014304650392135203,0.05751721074838996,19,RevenueFromContractWithCustomerExcludingAssessedTax,LongTermDebt
ACN,Accenture,Information Technology,IT Consulting & Other Services,0001467373,Accenture plc,True,,2025.0,2025-10-10,64111745000.0,,8809889000.0,620659000.0,8809889000.0,9430548000.0,47525000.0,9524268000.0,528172000.0,8996096000.0,8996096000.0,946229000.0,5004469000.0,-4058240000.0,20857781000.0,18976127000.0,0.14031900083206283,0.9539314152263474,9.507313768654312,0.10033658701487973,-0.4303291812946607,185.37378221988428,200.4054287217254,1.099159011741437,0.008238303293725666,0.056006501424943705,18,Revenues,DebtCurrent
ADBE,Adobe Inc.,Information Technology,Application Software,0000796343,ADOBE INC.,True,,2025.0,2026-01-15,19409000000.0,17055000000.0,6650000000.0,872000000.0,6650000000.0,7522000000.0,113000000.0,7302000000.0,360000000.0,6942000000.0,6942000000.0,1499000000.0,7613000000.0,-6114000000.0,11232000000.0,10521000000.0,0.3576691225720027,0.9228928476469024,4.631087391594396,0.19928210582291944,-0.8128157404945493,58.849557522123895,64.61946902654867,1.067579127459367,0.01854809624401051,0.04785961180537091,19,Revenues,DebtCurrent
AMD,Advanced Micro Devices,Information Technology,Semiconductors,0000002488,ADVANCED MICRO DEVICES INC,True,,2025.0,2026-02-04,22680000000.0,10460000000.0,401000000.0,441000000.0,401000000.0,842000000.0,106000000.0,1667000000.0,546000000.0,1121000000.0,1121000000.0,330000000.0,3933000000.0,-3603000000.0,19049000000.0,7281000000.0,0.04942680776014109,1.331353919239905,3.396969696969697,0.3919239904988123,-4.279097387173397,3.7830188679245285,15.726415094339623,2.6162615025408598,0.024074074074074074,0.6484560570071259,19,RevenueFromContractWithCustomerExcludingAssessedTax,LongTermDebt
AES,AES Corporation,Utilities,Independent Power Producers & Energy Traders,0000874761,AES CORP,True,,2025.0,2026-03-02,12668000000.0,2504000000.0,,1147000000.0,,,1319000000.0,3034000000.0,7724000000.0,-4690000000.0,-4690000000.0,,1524000000.0,,6649000000.0,8571000000.0,-0.3702241869276918,,,,,,2.3002274450341167,0.7757554544393886,0.6097252920745184,,12,Revenues,
A,Agilent Technologies,Health Care,Life Sciences Tools & Services,0001090872,"AGILENT TECHNOLOGIES, INC.",True,,2025.0,2025-12-22,6833000000.0,,1350000000.0,271000000.0,1350000000.0,1621000000.0,95000000.0,1772000000.0,298000000.0,1474000000.0,1474000000.0,3345000000.0,1590000000.0,1755000000.0,3959000000.0,1895000000.0,0.215717839894629,0.9093152375077113,0.4406576980568012,2.063541024059223,1.08266502159161,14.210526315789474,18.652631578947368,2.0891820580474936,0.04361188350651251,0.1838371375694016,18,RevenueFromContractWithCustomerExcludingAssessedTax,LongTermDebt
APD,Air Products,Materials,Industrial Gases,0000002969,"Air Products & Chemicals, Inc.",True,,2025.0,2025-11-20,12600000000.0,651000000.0,2494600000.0,1358300000.0,2494600000.0,3852900000.0,141800000.0,3205700000.0,4626400000.0,-1420700000.0,-1420700000.0,4384700000.0,2979700000.0,1405000000.0,6363000000.0,4179600000.0,-0.11275396825396826,-0.3687352383918607,-0.3240130453622825,1.1380259025668977,0.3646603856835111,17.59238363892807,22.60719322990127,1.5223944875107667,0.36717460317460315,1.2007578706948012,19,Revenues,LongTermDebt
ABNB,Airbnb,Consumer Discretionary,"Hotels, Resorts & Cruise Lines",0001559720,"Airbnb, Inc.",True,,2025.0,2026-02-12,9917000000.0,,1518000000.0,18000000.0,1518000000.0,1536000000.0,,3884000000.0,37000000.0,3847000000.0,3847000000.0,2000000000.0,6864000000.0,-4864000000.0,17180000000.0,10161000000.0,0.38791973379046085,2.5045572916666665,1.9235,1.3020833333333333,-3.1666666666666665,,,1.6907784666863497,0.003730967026318443,0.024088541666666668,16,RevenueFromContractWithCustomerExcludingAssessedTax,LongTermDebt
AKAM,Akamai Technologies,Information Technology,Internet Services & Infrastructure,0001086222,AKAMAI TECHNOLOGIES INC,True,,2017.0,2018-03-01,2197448000.0,,637338000.0,570776000.0,637338000.0,1208114000.0,72332000.0,1348439000.0,457909000.0,890530000.0,890530000.0,,489468000.0,,2578097000.0,2091323000.0,0.4052564611312759,0.7371241455690439,,,,8.811286843997124,18.642357462810374,1.2327588803833744,0.2083821778717858,0.3790279725257716,15,Revenues,
ALB,Albemarle Corporation,Materials,Specialty Chemicals,0000915913,ALBEMARLE CORP,True,,2025.0,2026-02-11,9617203000.0,1185909000.0,251881000.0,429944000.0,251881000.0,681825000.0,116072000.0,1326583000.0,2154542000.0,-827959000.0,-827959000.0,3516165000.0,1499142000.0,2017023000.0,3842262000.0,1966464000.0,-0.08609145507274828,-1.2143277233894327,-0.23547216925258058,5.156990430095699,2.9582708172918273,2.1700410090288784,11.428966503549521,1.953893892794376,0.2240300012384058,3.1599633336999964,19,Revenues,LongTermDebt
ARE,Alexandria Real Estate Equities,Real Estate,Office REITs,0001035443,"ALEXANDRIA REAL ESTATE EQUITIES, INC.",True,,,,,,,1093473000.0,,,74204000.0,1630550000.0,,,,12400555000.0,552146000.0,11848409000.0,,,,,,,,,21.973882809552045,,,,5,,LongTermDebt
ALGN,Align Technology,Health Care,Health Care Supplies,0001097149,ALIGN TECHNOLOGY INC,True,,2025.0,2026-02-27,3862260000.0,2706863000.0,643338000.0,142401000.0,643338000.0,785739000.0,85000.0,785776000.0,177716000.0,608060000.0,608060000.0,,1043887000.0,,2492441000.0,2038027000.0,0.15743631966775928,0.7738702037190467,,,,7568.682352941177,9244.423529411764,1.2229676054340792,0.04601347397637653,0.2261768857088677,16,RevenueFromContractWithCustomerExcludingAssessedTax,
ALLE,Allegion,Industrials,Building Products,0001579241,Allegion plc,True,,2025.0,2026-02-17,3650800000.0,,708400000.0,109000000.0,708400000.0,817400000.0,93100000.0,600600000.0,84200000.0,516400000.0,516400000.0,21900000.0,503800000.0,-481900000.0,1422300000.0,696900000.0,0.14144844965487016,0.6317592366038659,23.579908675799086,0.026792268167359922,-0.5895522388059702,7.609022556390977,6.451127819548872,2.0408953938872147,0.023063438150542348,0.10300954245167604,18,RevenueFromContractWithCustomerExcludingAssessedTax,DebtCurrent
LNT,Alliant Energy,Utilities,Electric Utilities,0000352541,ALLIANT ENERGY CORP,True,,2025.0,2026-02-20,4027000000.0,,943000000.0,676000000.0,943000000.0,1619000000.0,394000000.0,867000000.0,1366000000.0,-499000000.0,-499000000.0,3802800000.0,81000000.0,3721800000.0,1184000000.0,2715000000.0,-0.12391358331263969,-0.30821494749845585,-0.13121910171452614,2.3488573193329216,2.298826436071649,2.3934010152284264,2.200507614213198,0.43609576427255986,0.33921033027067293,0.8437306979617047,18,RevenueFromContractWithCustomerExcludingAssessedTax,LongTermDebt
GOOGL,Alphabet Inc. (Class A),Communication Services,Interactive Media & Services,0001652044,Alphabet Inc.,True,,2025.0,2026-02-05,307394000000.0,,84293000000.0,11946000000.0,84293000000.0,96239000000.0,346000000.0,101746000000.0,32251000000.0,69495000000.0,69495000000.0,49085000000.0,23466000000.0,25619000000.0,163711000000.0,89122000000.0,0.22607793255561268,0.7221085007117697,1.4158093103799532,0.5100323153814982,0.26620185164018745,243.621387283237,294.0635838150289,1.8369313974102914,0.10491746748472644,0.335113623375139,18,Revenues,LongTermDebt
GOOG,Alphabet Inc. (Class C),Communication Services,Interactive Media & Services,0001652044,Alphabet Inc.,True,,2025.0,2026-02-05,307394000000.0,,84293000000.0,11946000000.0,84293000000.0,96239000000.0,346000000.0,101746000000.0,32251000000.0,69495000000.0,69495000000.0,49085000000.0,23466000000.0,25619000000.0,163711000000.0,89122000000.0,0.22607793255561268,0.7221085007117697,1.4158093103799532,0.5100323153814982,0.26620185164018745,243.621387283237,294.0635838150289,1.8369313974102914,0.10491746748472644,0.335113623375139,18,Revenues,LongTermDebt
MO,Altria,Consumer Staples,Tobacco,0000764180,"ALTRIA GROUP, INC.",True,,2025.0,2026-02-25,24483000000.0,14284000000.0,11547000000.0,272000000.0,11547000000.0,11819000000.0,1188000000.0,9287000000.0,196000000.0,9091000000.0,9091000000.0,24926000000.0,3686000000.0,21240000000.0,4513000000.0,8781000000.0,0.3713188743209574,0.7691852102546747,0.3647195699269839,2.1089770708181743,1.7971063541754801,9.719696969696969,7.8173400673400675,0.513950575105341,0.008005554874811093,0.016583467298417802,19,RevenueFromContractWithCustomerExcludingAssessedTax,LongTermDebt
AMZN,Amazon,Consumer Discretionary,Broadline Retail,0001018724,AMAZON COM INC,True,,2025.0,2026-02-06,574785000000.0,3353000000.0,36852000000.0,48663000000.0,36852000000.0,85515000000.0,1809000000.0,84946000000.0,52729000000.0,32217000000.0,32217000000.0,58000000000.0,78779000000.0,-20779000000.0,190867000000.0,179431000000.0,0.0560505232391242,0.37674092264514997,0.5554655172413793,0.678243582997135,-0.24298661053616324,20.371475953565504,46.957435046987285,1.063734806137178,0.09173691032299033,0.6166052739285506,19,RevenueFromContractWithCustomerExcludingAssessedTax,LongTermDebt
AMCR,Amcor,Materials,Paper & Plastic Packaging Products & Materials,0001748790,Amcor plc,True,,2025.0,2025-08-15,14694000000.0,2725000000.0,1508000000.0,586000000.0,1508000000.0,2094000000.0,290000000.0,1261000000.0,526000000.0,735000000.0,735000000.0,3674500000.0,588000000.0,3086500000.0,4965000000.0,4261000000.0,0.0500204164965292,0.3510028653295129,0.20002721458701864,1.7547755491881567,1.4739732569245463,5.2,4.348275862068966,1.1652194320582023,0.03579692391452294,0.2511938872970392,19,RevenueFromContractWithCustomerExcludingAssessedTax,LongTermDebt
AEE,Ameren,Utilities,Multi-Utilities,0001002910,AMEREN CORP,True,,2025.0,2026-02-18,7500000000.0,,1558000000.0,,1558000000.0,,566000000.0,2564000000.0,3597000000.0,-1033000000.0,-1033000000.0,19431000000.0,7000000.0,19424000000.0,2264000000.0,3413000000.0,-0.13773333333333335,,-0.05316247233801657,,,2.7526501766784452,4.530035335689046,0.663346029885731,0.4796,,14,Revenues,LongTermDebt
AEP,American Electric Power,Utilities,Electric Utilities,0000004904,AMERICAN ELECTRIC POWER CO INC,True,,2025.0,2026-02-12,19456000000.0,,3556000000.0,2927000000.0,3556000000.0,6483000000.0,1199100000.0,5012000000.0,155000000.0,4857000000.0,4857000000.0,42643000000.0,203000000.0,42440000000.0,5789000000.0,13009000000.0,0.24964021381578946,0.7491901897269783,0.11389911591585958,6.577664661422181,6.546351997532007,2.9655575014594278,4.1798015178050205,0.44499961565070334,0.007966694078947368,0.02390868425111831,18,RevenueFromContractWithCustomerExcludingAssessedTax,LongTermDebt
AMT,American Tower,Real Estate,Telecom Tower REITs,0001053507,AMERICAN TOWER CORP /MA/,True,,2025.0,2026-02-24,747300000.0,,3125500000.0,1400000000.0,3125500000.0,4525500000.0,870900000.0,4722400000.0,1798100000.0,2924300000.0,2924300000.0,38901800000.0,1753700000.0,37148100000.0,3178800000.0,7075600000.0,3.913154021142781,0.6461827422384266,0.07517132883311312,8.596133023975252,8.208617832283725,3.5888161671833734,5.422436559880583,0.4492622533778054,2.4061287300950087,0.3973262622914595,18,RevenueFromContractWithCustomerExcludingAssessedTax,LongTermDebt
AWK,American Water Works,Utilities,Water Utilities,0001410636,"American Water Works Company, Inc.",True,,2025.0,2026-02-18,4217000000.0,,1504000000.0,704000000.0,1504000000.0,2208000000.0,310794000.0,1874000000.0,2575000000.0,-701000000.0,-701000000.0,8664000000.0,96000000.0,8568000000.0,1215000000.0,3150000000.0,-0.16623191842542093,-0.317481884057971,-0.0809095106186519,3.9239130434782608,3.880434782608696,4.839218260326776,6.029717433412485,0.38571428571428573,0.6106236661133507,1.1662137681159421,18,RevenueFromContractWithCustomerExcludingAssessedTax,LongTermDebt
AME,Ametek,Industrials,Electrical Components & Equipment,0001037868,AMETEK INC/,True,,2025.0,2026-02-17,6596950000.0,,1707459000.0,337636000.0,1707459000.0,2045095000.0,80381000.0,1735296000.0,136249000.0,1599047000.0,1599047000.0,654346000.0,373999000.0,280347000.0,2603032000.0,2098587000.0,0.24239186290634307,0.7818937506570599,2.4437331320127273,0.3199587305235209,0.13708262941330354,21.242072131473854,21.58838531493761,1.240373641883801,0.020653332221708516,0.06662233294785817,18,RevenueFromContractWithCustomerExcludingAssessedTax,DebtCurrent
AMGN,Amgen,Health Care,Biotechnology,0000318154,AMGEN INC,True,,2025.0,2026-02-13,28190000000.0,4231000000.0,7897000000.0,4071000000.0,7897000000.0,11968000000.0,,8471000000.0,1112000000.0,7359000000.0,7359000000.0,60099000000.0,11973000000.0,48126000000.0,29030000000.0,23099000000.0,0.2610500177367861,0.6148897058823529,0.12244796086457345,5.0216410427807485,4.021223262032086,,,1.256764362093597,0.03944661227385598,0.0929144385026738,17,RevenueFromContractWithCustomerExcludingAssessedTax,LongTermDebt
APH,Amphenol,Information Technology,Electronic Components,0000820313,AMPHENOL CORP /DE/,True,,2025.0,2026-02-11,12554700000.0,4084100000.0,2559600000.0,406400000.0,2559600000.0,2966000000.0,115500000.0,2528700000.0,372800000.0,2155900000.0,2155900000.0,3010700000.0,3317000000.0,-306300000.0,9686000000.0,4083800000.0,0.17172055086939553,0.7268712070128118,0.716079317102335,1.015070802427512,-0.10327039784221173,22.16103896103896,21.893506493506493,2.3718105685880797,0.029694058798696903,0.12569116655428186,19,RevenueFromContractWithCustomerExcludingAssessedTax,LongTermDebt
ADI,Analog Devices,Information Technology,Semiconductors,0000006281,ANALOG DEVICES INC,True,,2025.0,2025-11-25,12305539000.0,7877218000.0,3823112000.0,334704000.0,3823112000.0,4157816000.0,184825000.0,4817634000.0,1261463000.0,3556171000.0,3556171000.0,516663000.0,1991342000.0,-1474679000.0,5484654000.0,2988280000.0,0.2889894542612071,0.8552978294373778,6.882960459719391,0.12426307465265418,-0.35467634931415915,20.685037197348844,26.065921817935884,1.8353882500970458,0.10251180383077897,0.3033955807568204,19,RevenueFromContractWithCustomerExcludingAssessedTax,DebtCurrent
APA,APA Corporation,Energy,Oil & Gas Exploration & Production,0001841666,APA Corp,True,,,,,,3696000000.0,1540000000.0,3696000000.0,5236000000.0,,3129000000.0,,,,53000000.0,625000000.0,-572000000.0,3404000000.0,2955000000.0,,,,0.010122230710466005,-0.1092436974789916,,,1.1519458544839256,,,9,,DebtCurrent
AAPL,Apple Inc.,Information Technology,"Technology Hardware, Storage & Peripherals",0000320193,Apple Inc.,True,,2025.0,2025-10-31,383285000000.0,169148000000.0,114301000000.0,11519000000.0,114301000000.0,125820000000.0,2645000000.0,110543000000.0,10959000000.0,99584000000.0,99584000000.0,96662000000.0,29943000000.0,66719000000.0,152987000000.0,176392000000.0,0.25981710737440805,0.7914798919090764,1.0302290455401295,0.7682562390716897,0.5302734064536639,43.21398865784499,41.79319470699433,0.8673125765340832,0.02859230076835775,0.08710061993323796,19,RevenueFromContractWithCustomerExcludingAssessedTax,LongTermDebt
AMAT,Applied Materials,Information Technology,Semiconductor Materials & Equipment,0000006951,APPLIED MATERIALS INC /DE,True,,2025.0,2025-12-12,26517000000.0,12384000000.0,7654000000.0,515000000.0,7654000000.0,8169000000.0,236000000.0,8700000000.0,1106000000.0,7594000000.0,7594000000.0,5313000000.0,6132000000.0,-819000000.0,21220000000.0,8468000000.0,0.28638232077535164,0.9296119476068062,1.4293242988895163,0.6503856041131105,-0.10025706940874037,32.432203389830505,36.86440677966102,2.5059045819555976,0.04170909228042388,0.1353898886032562,19,RevenueFromContractWithCustomerExcludingAssessedTax,LongTermDebt
APP,AppLovin,Information Technology,Application Software,0001751008,AppLovin Corp,True,,2025.0,2026-02-19,1841762000.0,,772411000.0,489008000.0,772411000.0,1261419000.0,273508000.0,1061510000.0,662000.0,1060848000.0,1060848000.0,3508983000.0,697030000.0,2811953000.0,2312190000.0,1057472000.0,0.5759962470720973,0.8409957357547334,0.30232349373023465,2.781774335094049,2.229198228344428,2.824089240534098,3.88109305760709,2.1865259789384495,0.0003594384073512213,0.0005248057941096495,18,RevenueFromContractWithCustomerExcludingAssessedTax,LongTermDebt
APTV,Aptiv,Consumer Discretionary,Automotive Parts & Equipment,0001521332,Aptiv PLC,True,,2025.0,2026-02-06,20051000000.0,962000000.0,1559000000.0,912000000.0,1559000000.0,2471000000.0,285000000.0,1896000000.0,906000000.0,990000000.0,990000000.0,7653000000.0,1573000000.0,6080000000.0,7826000000.0,5131000000.0,0.049374096055059595,0.4006475111290975,0.1293610348882791,3.0971266693646298,2.4605422905706194,5.470175438596491,6.652631578947369,1.525238744884038,0.04518477881402424,0.36665317685147714,19,RevenueFromContractWithCustomerExcludingAssessedTax,LongTermDebt
ADM,Archer Daniels Midland,Consumer Staples,Agricultural Products & Services,0000007084,Archer-Daniels-Midland Co,True,,2025.0,2026-02-17,25691000000.0,7513000000.0,,1059000000.0,,,647000000.0,4460000000.0,1494000000.0,2966000000.0,2966000000.0,8254000000.0,1368000000.0,6886000000.0,27718000000.0,19938000000.0,0.11544898991864855,,0.35934092561182457,,,,6.893353941267388,1.3902096499147356,0.058152660464754195,,14,RevenueFromContractWithCustomerExcludingAssessedTax,LongTermDebt
ANET,Arista Networks,Information Technology,Communications Equipment,0001596532,"Arista Networks, Inc.",True,,2025.0,2026-02-17,5860200000.0,3630300000.0,2257300000.0,70600000.0,2257300000.0,2327900000.0,3136000.0,2034000000.0,34400000.0,1999600000.0,1999600000.0,98793000.0,2762400000.0,-2663607000.0,11910900000.0,2732200000.0,0.34121702330978465,0.8589716053095064,20.240300426143552,0.042438678637398516,-1.144210232398299,719.8022959183673,648.5969387755102,4.359453919918015,0.005870106822292755,0.014777267064736458,19,RevenueFromContractWithCustomerExcludingAssessedTax,short_term_debt + long_term_debt
T,AT&T,Communication Services,Integrated Telecommunication Services,0000732717,AT&T INC.,True,,2025.0,2026-02-09,122428000000.0,,23461000000.0,18777000000.0,23461000000.0,42238000000.0,6716000000.0,38314000000.0,17853000000.0,20461000000.0,20461000000.0,5089000000.0,3701000000.0,1388000000.0,31168000000.0,46872000000.0,0.16712680105858138,0.48442161087172686,4.020632737276479,0.12048392442823998,0.03286140442255789,3.49329958308517,5.704883859440143,0.6649598907663424,0.14582448459502728,0.42267626308063827,18,Revenues,DebtCurrent
ATO,Atmos Energy,Utilities,Gas Utilities,0000731802,ATMOS ENERGY CORP,True,,2025.0,2025-11-14,4275357000.0,1582426000.0,1067147000.0,604327000.0,1067147000.0,1671474000.0,83554000.0,3459743000.0,2805973000.0,653770000.0,653770000.0,2735598000.0,307340000.0,2428258000.0,1132314000.0,1205875000.0,0.15291588515298254,0.3911338136279715,0.23898613758308054,1.6366380811188208,1.4527644462312905,12.771943892572468,41.407269550230986,0.9389978231574583,0.6563131453116079,1.6787416376204476,19,Revenues,short_term_debt + long_term_debt
ADSK,Autodesk,Information Technology,Application Software,0000769397,"Autodesk, Inc.",True,,2026.0,2026-03-03,5497000000.0,4986000000.0,1128000000.0,139000000.0,1128000000.0,1267000000.0,71000000.0,1313000000.0,31000000.0,1282000000.0,1282000000.0,2500000000.0,1599000000.0,901000000.0,3482000000.0,5151000000.0,0.2332181189739858,1.0118389897395421,0.5128,1.973164956590371,0.7111286503551697,15.887323943661972,18.492957746478872,0.6759852455833819,0.005639439694378752,0.0244672454617206,19,RevenueFromContractWithCustomerExcludingAssessedTax,LongTermDebt
ADP,Automatic Data Processing,Industrials,Human Resource & Employment Services,0000008670,AUTOMATIC DATA PROCESSING INC,True,,2025.0,2025-08-06,18012200000.0,1382700000.0,,549300000.0,,,253300000.0,4207600000.0,,,,1100000.0,2083500000.0,-2082400000.0,45542500000.0,45080000000.0,,,,,,,16.611133043821557,1.010259538598048,,,10,RevenueFromContractWithCustomerExcludingAssessedTax,DebtCurrent
AZO,AutoZone,Consumer Discretionary,Automotive Retail,0000866787,AUTOZONE INC,True,,2025.0,2025-10-27,17457209000.0,9070422000.0,3473986000.0,497577000.0,3473986000.0,3971563000.0,202326000.0,2940788000.0,796657000.0,2144131000.0,2144131000.0,4343800000.0,298172000.0,4045628000.0,7306759000.0,8714243000.0,0.12282209601775404,0.5398708266745359,0.4936072102767162,1.0937255684978433,1.0186488291889113,17.1702401075492,14.534899123197217,0.8384846509329611,0.045634843462090645,0.20059029656586086,19,Revenues,LongTermDebt
AVB,AvalonBay Communities,Real Estate,Multi-Family Residential REITs,0000915912,AVALONBAY COMMUNITIES INC,True,,2025.0,2026-02-27,7722000.0,,1790786000.0,816965000.0,1790786000.0,2607751000.0,205992000.0,1560029000.0,8809000.0,1551220000.0,1551220000.0,8077249000.0,397890000.0,7679359000.0,,,200.88319088319088,0.5948497383377478,0.19204805992733417,3.0974004036428324,2.9448206519717566,8.693473532952735,7.573250417491941,,1.1407666407666408,0.003378006565810923,15,RevenueFromContractWithCustomerExcludingAssessedTax,LongTermDebt
AVY,Avery Dennison,Materials,Paper & Plastic Packaging Products & Materials,0000008818,Avery Dennison Corp,True,,2025.0,2026-02-25,8364300000.0,2277500000.0,,298400000.0,,,70200000.0,826000000.0,265300000.0,560700000.0,560700000.0,592300000.0,329100000.0,263200000.0,3078700000.0,2862600000.0,0.06703489831785087,,0.9466486577747762,,,,11.766381766381766,1.0754908125480334,0.03171813540882082,,14,RevenueFromContractWithCustomerExcludingAssessedTax,DebtCurrent
AXON,Axon Enterprise,Industrials,Aerospace & Defense,0001069183,"AXON ENTERPRISE, INC.",True,,2025.0,2026-02-25,1560699000.0,955453000.0,156850000.0,19315000.0,156850000.0,176165000.0,,189263000.0,59635000.0,129628000.0,129628000.0,680289000.0,598545000.0,81744000.0,2297481000.0,1677875000.0,0.08305765557612327,0.7358328839440298,0.1905484286825158,3.8616581046178298,0.46401952714784434,,,1.3692801907174252,0.038210442884886835,0.3385178667726279,17,RevenueFromContractWithCustomerExcludingAssessedTax,LongTermDebt
BKR,Baker Hughes,Energy,Oil & Gas Equipment & Services,0001701605,Baker Hughes Co,True,,2025.0,2026-02-05,25506000000.0,841000000.0,1185000000.0,1087000000.0,1185000000.0,2272000000.0,,3062000000.0,1224000000.0,1838000000.0,1838000000.0,53000000.0,2488000000.0,-2435000000.0,17211000000.0,12991000000.0,0.0720614757312005,0.8089788732394366,34.679245283018865,0.023327464788732395,-1.0717429577464788,,,1.324840274035871,0.04798870853916726,0.5387323943661971,17,RevenueFromContractWithCustomerExcludingAssessedTax,DebtCurrent
BALL,Ball Corporation,Materials,"Metal, Glass & Plastic Containers",0000009389,BALL Corp,True,,2017.0,2018-03-01,7997000000.0,441000000.0,1291000000.0,605000000.0,1291000000.0,1896000000.0,460000000.0,1863000000.0,1045000000.0,818000000.0,818000000.0,361000000.0,695000000.0,-334000000.0,4841000000.0,4847000000.0,0.10228835813430036,0.43143459915611815,2.2659279778393353,0.19040084388185655,-0.17616033755274263,2.8065217391304347,4.05,0.9987621208995254,0.13067400275103164,0.5511603375527426,19,SalesRevenueNet,DebtCurrent
BAX,Baxter International,Health Care,Health Care Equipment,0000010456,BAXTER INTERNATIONAL INC,True,,2025.0,2026-02-12,10360000000.0,4150000000.0,707000000.0,984000000.0,707000000.0,1691000000.0,508000000.0,1726000000.0,432000000.0,1294000000.0,1294000000.0,9438000000.0,3078000000.0,6360000000.0,8853000000.0,6511000000.0,0.1249034749034749,0.7652276759314015,0.13710531892350075,5.581312832643406,3.7610881135422827,1.391732283464567,3.3976377952755907,1.359698970972201,0.0416988416988417,0.2554701360141928,19,RevenueFromContractWithCustomerExcludingAssessedTax,LongTermDebt
BDX,Becton Dickinson,Health Care,Health Care Equipment,0000010795,BECTON DICKINSON & CO,True,,2025.0,2025-11-25,19372000000.0,1974000000.0,2111000000.0,2288000000.0,2111000000.0,4399000000.0,452000000.0,2990000000.0,874000000.0,2116000000.0,2116000000.0,2170000000.0,1717000000.0,453000000.0,10468000000.0,8956000000.0,0.10922981622960974,0.48101841327574446,0.9751152073732718,0.4932939304387361,0.102977949533985,4.670353982300885,6.615044247787611,1.168825368468066,0.04511666322527359,0.19868151852693794,19,Revenues,DebtCurrent
BBY,Best Buy,Consumer Discretionary,Computer & Electronics Retail,0000764478,BEST BUY CO INC,True,,2026.0,2026-03-18,43452000000.0,9603000000.0,1574000000.0,923000000.0,1574000000.0,2497000000.0,52000000.0,1470000000.0,795000000.0,675000000.0,675000000.0,1165000000.0,1447000000.0,-282000000.0,8224000000.0,8016000000.0,0.015534382767191384,0.27032438926712055,0.5793991416309013,0.46655987184621545,-0.11293552262715258,30.26923076923077,28.26923076923077,1.0259481037924152,0.018296050814692075,0.3183820584701642,19,Revenues,LongTermDebt
TECH,Bio-Techne,Health Care,Life Sciences Tools & Services,0000842023,BIO-TECHNE Corp,True,,2025.0,2025-08-22,1136702000.0,769815000.0,298944000.0,107238000.0,298944000.0,406182000.0,13952000.0,254393000.0,38244000.0,216149000.0,216149000.0,12500000.0,151791000.0,-139291000.0,617419000.0,159379000.0,0.19015449959620023,0.5321481503365486,17.29192,0.030774381927313372,-0.34292755464299257,21.426605504587155,18.233443233944953,3.873904341224377,0.03364470195354631,0.09415483699425381,19,RevenueFromContractWithCustomerExcludingAssessedTax,short_term_debt + long_term_debt
BIIB,Biogen,Health Care,Biotechnology,0000875045,BIOGEN INC.,True,,2025.0,2026-02-06,9835600000.0,2887800000.0,7042600000.0,494800000.0,7042600000.0,7537400000.0,246900000.0,1547200000.0,277000000.0,1270200000.0,1270200000.0,1748600000.0,3419300000.0,-1670700000.0,7456800000.0,5528800000.0,0.12914311277400464,0.168519648685223,0.7264096991879218,0.23198981081009368,-0.22165468198583066,28.5240988254354,6.266504657756177,1.3487194327883085,0.02816299971531986,0.036750072969458966,19,Revenues,DebtCurrent
BA,Boeing,Industrials,Aerospace & Defense,0000012927,BOEING CO,True,,2025.0,2026-01-30,77794000000.0,7724000000.0,-773000000.0,1861000000.0,-773000000.0,1088000000.0,2459000000.0,5960000000.0,1527000000.0,4433000000.0,4433000000.0,1278000000.0,12691000000.0,-11413000000.0,127998000000.0,97078000000.0,0.056983829087076124,4.0744485294117645,3.468701095461659,1.1746323529411764,-10.489889705882353,-0.31435542903619357,2.4237494916632776,1.318506767753765,0.019628763143687174,1.4034926470588236,19,Revenues,DebtCurrent
BKNG,Booking Holdings,Consumer Discretionary,"Hotels, Resorts & Cruise Lines",0001075531,Booking Holdings Inc.,True,,2025.0,2026-02-18,21365000000.0,12439000000.0,5835000000.0,504000000.0,5835000000.0,6339000000.0,334000000.0,7344000000.0,345000000.0,6999000000.0,6999000000.0,16598000000.0,16164000000.0,434000000.0,20491000000.0,15647000000.0,0.327591855838989,1.1041173686701373,0.42167731051933965,2.6183940684650575,0.06846505758005994,17.47005988023952,21.98802395209581,1.3095801112034255,0.016147905452843437,0.054424988168480834,19,Revenues,LongTermDebt
BSX,Boston Scientific,Health Care,Health Care Equipment,0000885725,BOSTON SCIENTIFIC CORP,True,,2025.0,2026-02-17,14240000000.0,9896000000.0,2343000000.0,1196000000.0,2343000000.0,3539000000.0,265000000.0,2503000000.0,711000000.0,1792000000.0,1792000000.0,1778000000.0,865000000.0,913000000.0,6920000000.0,6399000000.0,0.1258426966292135,0.5063577281717999,1.0078740157480315,0.5024018084204578,0.25798248092681547,8.841509433962264,9.445283018867924,1.0814189717143303,0.049929775280898876,0.20090421022887822,19,RevenueFromContractWithCustomerExcludingAssessedTax,DebtCurrent
BMY,Bristol Myers Squibb,Health Care,Pharmaceuticals,0000014272,BRISTOL MYERS SQUIBB CO,True,,2025.0,2026-02-11,45006000000.0,4096000000.0,,9760000000.0,,,1334000000.0,13860000000.0,1209000000.0,12651000000.0,12651000000.0,2046000000.0,10346000000.0,-8300000000.0,29780000000.0,23774000000.0,0.2810958538861485,,6.183284457478006,,,,10.389805097451275,1.2526289223521494,0.026863084922010397,,14,Revenues,DebtCurrent
AVGO,Broadcom,Information Technology,Semiconductors,0001730168,Broadcom Inc.,True,,2025.0,2025-12-18,35819000000.0,24690000000.0,16207000000.0,502000000.0,16207000000.0,16709000000.0,1737000000.0,18085000000.0,452000000.0,17633000000.0,17633000000.0,40994000000.0,9348000000.0,31646000000.0,19595000000.0,16697000000.0,0.49228063318350596,1.055299539170507,0.4301361174806069,2.4534083428092646,1.8939493686037465,9.330454807138745,10.411629245826138,1.1735641133137689,0.012619001088807615,0.027051289724100785,19,RevenueFromContractWithCustomerExcludingAssessedTax,LongTermDebt
BR,Broadridge Financial Solutions,Industrials,Data Processing & Outsourced Services,0001383312,"BROADRIDGE FINANCIAL SOLUTIONS, INC.",True,,2025.0,2025-08-05,6060900000.0,221100000.0,936400000.0,32800000.0,936400000.0,969200000.0,,823300000.0,38400000.0,784900000.0,784900000.0,3355100000.0,304400000.0,3050700000.0,1540900000.0,1421800000.0,0.1295022191423716,0.8098431696244325,0.23394235641262556,3.4617210070160955,3.147647544366488,,,1.083767055844704,0.006335692718903134,0.03962030540652084,17,RevenueFromContractWithCustomerExcludingAssessedTax,LongTermDebt
BF-B,Brown–Forman,Consumer Staples,Distillers & Vintners,0000014693,BROWN FORMAN CORP,True,,2025.0,2025-06-13,4228000000.0,2494000000.0,1127000000.0,80000000.0,1127000000.0,1207000000.0,90000000.0,640000000.0,183000000.0,457000000.0,457000000.0,2672000000.0,374000000.0,2298000000.0,4036000000.0,1559000000.0,0.10808893093661305,0.37862468931234466,0.17103293413173654,2.2137531068765535,1.903893951946976,12.522222222222222,7.111111111111111,2.588838999358563,0.043282876064333016,0.1516155758077879,19,RevenueFromContractWithCustomerExcludingAssessedTax,LongTermDebt
BLDR,Builders FirstSource,Industrials,Building Products,0001316835,"Builders FirstSource, Inc.",True,,2025.0,2026-02-17,17097330000.0,6012334000.0,2176319000.0,558275000.0,2176319000.0,2734594000.0,109199000.0,2306872000.0,476335000.0,1830537000.0,1830537000.0,353971000.0,153624000.0,200347000.0,3141239000.0,1777276000.0,0.10706566463886466,0.6693999182328345,5.171432122970526,0.12944188424314543,0.07326389219021179,19.929843679887178,21.12539492119891,1.7674457990767893,0.027860198054316082,0.1741885632748408,19,RevenueFromContractWithCustomerExcludingAssessedTax,LongTermDebt
BG,Bunge Global,Consumer Staples,Agricultural Products & Services,0001996862,Bunge Global SA,True,,2025.0,2026-02-19,17831000000.0,4845000000.0,,451000000.0,,,516000000.0,3308000000.0,1122000000.0,2186000000.0,2186000000.0,1544000000.0,2602000000.0,-1058000000.0,15958000000.0,7435000000.0,0.12259547978240144,,1.41580310880829,,,,6.410852713178294,2.1463349024882312,0.06292412091301666,,14,RevenueFromContractWithCustomerExcludingAssessedTax,DebtCurrent
BXP,"BXP, Inc.",Real Estate,Office REITs,0001037540,"BXP, Inc.",True,,2025.0,2026-02-27,3273569000.0,1998776000.0,849365000.0,830813000.0,849365000.0,1680178000.0,579572000.0,1301520000.0,,,,3300000000.0,690333000.0,2609667000.0,,,,,,1.9640776155859676,1.553208648131329,1.4655038545685437,2.245657140096485,,,,10,Revenues,LongTermDebt
CHRW,C.H. Robinson,Industrials,Air Freight & Logistics,0001043277,"C. H. ROBINSON WORLDWIDE, INC.",True,,2025.0,2026-02-13,17596443000.0,,514607000.0,98985000.0,514607000.0,613592000.0,,731946000.0,29989000.0,701957000.0,701957000.0,1377649000.0,145762000.0,1231887000.0,2969603000.0,2324898000.0,0.03989198271491574,1.144012633802266,0.5095325442111888,2.2452199507164368,2.007664702277735,,,1.2773046387411404,0.0017042648903531242,0.04887449640803661,16,RevenueFromContractWithCustomerExcludingAssessedTax,LongTermDebt
CDNS,Cadence Design Systems,Information Technology,Application Software,0000813672,CADENCE DESIGN SYSTEMS INC,True,,2025.0,2026-02-19,4089986000.0,,1251225000.0,145292000.0,1251225000.0,1396517000.0,36185000.0,1349176000.0,102337000.0,1246839000.0,1246839000.0,,2644030000.0,,4016079000.0,1370105000.0,0.30485165474894044,0.8928204955614576,,,,34.578554649716736,37.28550504352632,2.9312198700099628,0.025021357041319945,0.07328016773157792,15,RevenueFromContractWithCustomerExcludingAssessedTax,
CPT,Camden Property Trust,Real Estate,Multi-Family Residential REITs,0000906345,CAMDEN PROPERTY TRUST,True,,2025.0,2026-02-12,3451000.0,,,574813000.0,,,133395000.0,794950000.0,,,,3900800000.0,259686000.0,3641114000.0,,,,,,,,,5.959368791933731,,,,6,RevenueFromContractWithCustomerExcludingAssessedTax,LongTermDebt
CPB,Campbell's Company (The),Consumer Staples,Packaged Foods & Meats,0000016732,CAMPBELL'S Co,True,,2025.0,2025-09-18,9357000000.0,726000000.0,1312000000.0,387000000.0,1312000000.0,1699000000.0,188000000.0,1143000000.0,370000000.0,773000000.0,773000000.0,1423000000.0,108000000.0,1315000000.0,2190000000.0,3576000000.0,0.08261194827401945,0.4549735138316657,0.5432185523541813,0.8375515008828722,0.773984696880518,6.9787234042553195,6.079787234042553,0.6124161073825504,0.03954258843646468,0.2177751618599176,19,Revenues,DebtCurrent
CAH,Cardinal Health,Health Care,Health Care Distributors,0000721371,CARDINAL HEALTH INC,True,,2025.0,2025-08-12,204979000000.0,6874000000.0,752000000.0,692000000.0,752000000.0,1444000000.0,84000000.0,2844000000.0,481000000.0,2363000000.0,2363000000.0,233200000.0,5133000000.0,-4899800000.0,34884000000.0,35640000000.0,0.01152801018640934,1.636426592797784,10.132933104631217,0.16149584487534627,-3.393213296398892,8.952380952380953,33.857142857142854,0.9787878787878788,0.0023465818449694845,0.3331024930747922,19,Revenues,DebtCurrent
CCL,Carnival,Consumer Discretionary,"Hotels, Resorts & Cruise Lines",0000815097,CARNIVAL CORP,True,,2025.0,2026-01-27,21593000000.0,,1956000000.0,2370000000.0,1956000000.0,4326000000.0,1601000000.0,4281000000.0,3284000000.0,997000000.0,997000000.0,27383000000.0,2415000000.0,24968000000.0,3378000000.0,11617000000.0,0.04617237067568193,0.23046694405917706,0.0364094511193076,6.329865926953306,5.77161349976884,1.221736414740787,2.673953778888195,0.2907807523457003,0.15208632427175472,0.7591308368007397,18,RevenueFromContractWithCustomerExcludingAssessedTax,LongTermDebt
CARR,Carrier Global,Industrials,Building Products,0001783180,CARRIER GLOBAL Corp,True,,2025.0,2026-02-05,18951000000.0,,2160000000.0,491000000.0,2160000000.0,2651000000.0,,2607000000.0,439000000.0,2168000000.0,2168000000.0,1336000000.0,9852000000.0,-8516000000.0,9891000000.0,7892000000.0,0.11440029549891827,0.8178046020369671,1.622754491017964,0.5039607695209355,-3.212372689551113,,,1.253294475418145,0.02316500448525144,0.16559788758958882,16,RevenueFromContractWithCustomerExcludingAssessedTax,DebtCurrent
CVNA,Carvana,Consumer Discretionary,Automotive Retail,0001690820,CARVANA CO.,True,,2025.0,2026-02-18,10771000000.0,1724000000.0,-80000000.0,,-80000000.0,,176000000.0,803000000.0,87000000.0,716000000.0,716000000.0,4918000000.0,530000000.0,4388000000.0,4869000000.0,1338000000.0,0.06647479342679417,,0.145587637250915,,,-0.45454545454545453,4.5625,3.6390134529147984,0.008077244452697058,,15,RevenueFromContractWithCustomerExcludingAssessedTax,LongTermDebt
CASY,Casey's,Consumer Staples,Food Retail,0000726958,CASEYS GENERAL STORES INC,True,,2025.0,2025-06-23,15094475000.0,521768000.0,,313131000.0,,,51815000.0,881951000.0,476568000.0,405383000.0,405383000.0,2405375000.0,206482000.0,2198893000.0,829854000.0,953466000.0,0.026856382881816028,,0.16853214155796914,,,,17.02115217601081,0.8703551044295235,0.03157234683551432,,14,Revenues,LongTermDebt
CAT,Caterpillar Inc.,Industrials,Construction Machinery & Heavy Transportation Equipment,0000018230,CATERPILLAR INC,True,,2025.0,2026-02-13,67060000000.0,3721000000.0,12966000000.0,2144000000.0,12966000000.0,15110000000.0,,12885000000.0,1597000000.0,11288000000.0,11288000000.0,31744000000.0,6889000000.0,24855000000.0,45682000000.0,32272000000.0,0.16832687145839548,0.7470549305095963,0.3555947580645161,2.100860357379219,1.6449371277299802,,,1.4155304908279622,0.023814494482552937,0.10569159497021839,17,Revenues,short_term_debt + long_term_debt
CBRE,CBRE Group,Real Estate,Real Estate Services,0001138118,"CBRE GROUP, INC.",True,,2025.0,2026-02-12,31505000000.0,,1117000000.0,622000000.0,1117000000.0,1739000000.0,144851000.0,480000000.0,305000000.0,175000000.0,175000000.0,2710438000.0,1114000000.0,1596438000.0,9970000000.0,9287000000.0,0.005554673861291859,0.10063254744105808,0.06456521049365453,1.5586187464059804,0.9180207015526164,7.711372375751634,3.3137499913704427,1.0735436631850974,0.009681003015394382,0.17538815411155836,18,RevenueFromContractWithCustomerExcludingAssessedTax,LongTermDebt
CDW,CDW Corporation,Information Technology,Technology Distributors,0001402057,CDW Corp,True,,2025.0,2026-02-20,21376000000.0,4652400000.0,1680900000.0,270700000.0,1680900000.0,1951600000.0,324200000.0,1598700000.0,148200000.0,1450500000.0,1450500000.0,5842800000.0,503500000.0,5339300000.0,7373100000.0,5474400000.0,0.0678564745508982,0.7432363189178111,0.2482542616553707,2.993851199016192,2.735857757737241,5.18476249228871,4.931215299198026,1.346832529592284,0.006933008982035928,0.07593769215003074,19,RevenueFromContractWithCustomerExcludingAssessedTax,short_term_debt + long_term_debt
COR,Cencora,Health Care,Health Care Distributors,0001140859,"Cencora, Inc.",True,,2025.0,2025-11-25,262173411000.0,8959493000.0,2340731000.0,963904000.0,2340731000.0,3304635000.0,,3911334000.0,458359000.0,3452975000.0,3452975000.0,576331000.0,3388189000.0,-2811858000.0,47717813000.0,54277053000.0,0.013170576630289942,1.0448884672588652,5.991305343630657,0.1744008037196241,-0.8508830778588256,,,0.8791526135363318,0.0017483046745728156,0.13870185360864362,17,Revenues,DebtCurrent
CNC,Centene Corporation,Health Care,Managed Health Care,0001071739,CENTENE CORP,True,,2025.0,2026-02-17,140095000000.0,17637000000.0,2930000000.0,1293000000.0,2930000000.0,4223000000.0,665000000.0,8053000000.0,799000000.0,7254000000.0,7254000000.0,17493000000.0,17193000000.0,300000000.0,37999000000.0,34261000000.0,0.05177914986259324,1.7177362064882784,0.4146801577773967,4.14231588917831,0.07103954534690977,4.406015037593985,12.109774436090225,1.1091036455444967,0.005703272779185553,0.1892019891072697,19,RevenueFromContractWithCustomerExcludingAssessedTax,LongTermDebt
CNP,CenterPoint Energy,Utilities,Multi-Utilities,0001130310,CENTERPOINT ENERGY INC,True,,2025.0,2026-02-19,8612000000.0,,1760000000.0,1401000000.0,1760000000.0,3161000000.0,524000000.0,3877000000.0,4401000000.0,-524000000.0,-524000000.0,566000000.0,24000000.0,542000000.0,4381000000.0,4045000000.0,-0.06084533209475151,-0.16577032584625118,-0.9257950530035336,0.17905726036064537,0.17146472635242013,3.3587786259541983,7.398854961832061,1.0830655129789863,0.5110311193683232,1.3922809237583043,18,RevenueFromContractWithCustomerExcludingAssessedTax,DebtCurrent
CF,CF Industries,Materials,Fertilizers & Agricultural Chemicals,0001324404,"CF Industries Holdings, Inc.",True,,2025.0,2026-02-25,6631000000.0,2545000000.0,2230000000.0,869000000.0,2230000000.0,3099000000.0,150000000.0,2757000000.0,499000000.0,2258000000.0,2258000000.0,2971000000.0,2323000000.0,648000000.0,2520000000.0,818000000.0,0.34052179158497964,0.728622136172959,0.7600134634803096,0.9586963536624717,0.2090997095837367,14.866666666666667,18.38,3.0806845965770173,0.07525260141758408,0.16101968376895773,19,Revenues,LongTermDebt
CRL,Charles River Laboratories,Health Care,Life Sciences Tools & Services,0001100682,"CHARLES RIVER LABORATORIES INTERNATIONAL, INC.",True,,2025.0,2026-02-18,4129409000.0,211777000.0,617261000.0,314124000.0,617261000.0,931385000.0,73910000.0,683898000.0,318528000.0,365370000.0,365370000.0,1086223000.0,194606000.0,891617000.0,1403071000.0,994101000.0,0.0884799737686434,0.39228675574547583,0.33636739417228323,1.1662448933577414,0.9573022971166596,8.351522121499121,9.253118657827088,1.4113968298995776,0.0771364619004802,0.34199391229190934,19,RevenueFromContractWithCustomerExcludingAssessedTax,LongTermDebt
CHTR,Charter Communications,Communication Services,Cable & Satellite,0001091667,"CHARTER COMMUNICATIONS, INC. /MO/",True,,2025.0,2026-01-30,54607000000.0,,12559000000.0,7600000000.0,12559000000.0,20159000000.0,963000000.0,14433000000.0,11115000000.0,3318000000.0,3318000000.0,93933000000.0,459000000.0,93474000000.0,4233000000.0,13486000000.0,0.06076144084091783,0.1645914975941267,0.03532304940755645,4.659606131256511,4.636837144699638,13.04153686396677,14.98753894080997,0.3138810618419101,0.2035453330159137,0.5513666352497644,18,Revenues,LongTermDebt
CVX,Chevron Corporation,Energy,Integrated Oil & Gas,0000093410,CHEVRON CORP,True,,2025.0,2026-02-24,196913000000.0,,,17326000000.0,,,,35609000000.0,15829000000.0,19780000000.0,19780000000.0,12656000000.0,19121000000.0,-6465000000.0,40911000000.0,38558000000.0,0.1004504527380112,,1.5628950695322377,,,,,1.0610249494268376,0.08038575411476134,,12,RevenueFromContractWithCustomerExcludingAssessedTax,DebtCurrent
CMG,Chipotle Mexican Grill,Consumer Discretionary,Restaurants,0001058090,CHIPOTLE MEXICAN GRILL INC,True,,2025.0,2026-02-04,9871649000.0,,1557813000.0,319394000.0,1557813000.0,1877207000.0,,1783477000.0,560731000.0,1222746000.0,1222746000.0,0.0,748537000.0,-748537000.0,1780587000.0,1168768000.0,0.12386441211594942,0.6513645005585426,inf,0.0,-0.3987503775555919,,,1.5234734352754353,0.05680216142206839,0.2987049377079885,16,Revenues,LongTermDebt
CHD,Church & Dwight,Consumer Staples,Household Products,0000313927,CHURCH & DWIGHT CO INC /DE/,True,,2025.0,2026-02-12,5867900000.0,2588500000.0,1057400000.0,225200000.0,1057400000.0,1282600000.0,110900000.0,1030600000.0,223500000.0,807100000.0,807100000.0,2204600000.0,964100000.0,1240500000.0,2240600000.0,1315900000.0,0.1375449479370814,0.6292686730079526,0.3660981583960809,1.7188523312022455,0.9671760486511773,9.534715960324617,9.293056807935077,1.7027129721103427,0.03808858365002812,0.1742554186808046,19,RevenueFromContractWithCustomerExcludingAssessedTax,LongTermDebt
CIEN,Ciena,Information Technology,Communications Equipment,0000936395,CIENA CORP,True,,2025.0,2025-12-12,4386549000.0,1878851000.0,357545000.0,92564000.0,357545000.0,450109000.0,30837000.0,168332000.0,106197000.0,62135000.0,62135000.0,677285000.0,934863000.0,-257578000.0,3544416000.0,999840000.0,0.014164893632785135,0.13804434037088795,0.09174129059406307,1.5047133027777717,-0.572256942207332,11.594675227810747,5.458767065538153,3.54498319731157,0.024209691946904047,0.2359361843464583,19,Revenues,LongTermDebt
CI,Cigna,Health Care,Health Care Services,0001739940,Cigna Group,True,,2025.0,2026-02-26,195265000000.0,,8536000000.0,3035000000.0,8536000000.0,11571000000.0,,11813000000.0,471000000.0,11342000000.0,11342000000.0,3035000000.0,7550000000.0,-4515000000.0,48870000000.0,57979000000.0,0.05808516631244719,0.9802091435485265,3.7370675453047775,0.26229366519747643,-0.39019963702359345,,,0.8428913917107919,0.002412106624331037,0.04070521130412238,16,Revenues,DebtCurrent
CTAS,Cintas,Industrials,Diversified Support Services,0000723254,CINTAS CORP,True,,2025.0,2025-07-28,8815769000.0,4173368000.0,1802664000.0,409162000.0,1802664000.0,2211826000.0,98210000.0,1586228000.0,331109000.0,1255119000.0,1255119000.0,2025934000.0,342015000.0,1683919000.0,3185207000.0,1828519000.0,0.1423720381058079,0.5674582901186621,0.6195261049965103,0.9159554142143188,0.7613252579542875,18.3551980450056,16.151389878831075,1.7419600233850454,0.037558720061743905,0.1496993886499209,19,RevenueFromContractWithCustomerExcludingAssessedTax,LongTermDebt
CSCO,Cisco,Information Technology,Communications Equipment,0000858877,"CISCO SYSTEMS, INC.",True,,2025.0,2025-09-03,56998000000.0,35753000000.0,15031000000.0,700000000.0,15031000000.0,15731000000.0,434000000.0,19886000000.0,849000000.0,19037000000.0,19037000000.0,11341000000.0,7508000000.0,3833000000.0,36862000000.0,40584000000.0,0.33399417523421876,1.2101582861865108,1.6785997707433207,0.7209331892441676,0.24365901722713115,34.633640552995395,45.82027649769585,0.9082889808791642,0.01489525948278887,0.053969868412688325,19,RevenueFromContractWithCustomerExcludingAssessedTax,DebtCurrent
CLX,Clorox,Consumer Staples,Household Products,0000021076,CLOROX CO /DE/,True,,2025.0,2025-08-08,7389000000.0,2908000000.0,,236000000.0,,,90000000.0,1158000000.0,228000000.0,930000000.0,930000000.0,2481000000.0,202000000.0,2279000000.0,1622000000.0,1574000000.0,0.12586276898091758,,0.37484885126964934,,,,12.866666666666667,1.0304955527318933,0.030856678846934632,,14,RevenueFromContractWithCustomerExcludingAssessedTax,LongTermDebt
CMS,CMS Energy,Utilities,Multi-Utilities,0000811156,CMS ENERGY CORP,True,,2025.0,2026-02-10,7261000000.0,,1235000000.0,1180000000.0,1235000000.0,2415000000.0,500000000.0,2309000000.0,2311000000.0,-2000000.0,-2000000.0,1103000000.0,103000000.0,1000000000.0,2790000000.0,3521000000.0,-0.0002754441536978378,-0.0008281573498964803,-0.001813236627379873,0.4567287784679089,0.4140786749482402,2.47,4.618,0.7923885259869355,0.31827571959785156,0.9569358178053831,18,RevenueFromContractWithCustomerExcludingAssessedTax,DebtCurrent
KO,Coca-Cola Company (The),Consumer Staples,Soft Drinks & Non-alcoholic Beverages,0000021344,COCA COLA CO,True,,2025.0,2026-02-20,45754000000.0,27234000000.0,11311000000.0,1128000000.0,11311000000.0,12439000000.0,1527000000.0,11599000000.0,1852000000.0,9747000000.0,9747000000.0,36776000000.0,9366000000.0,27410000000.0,25997000000.0,25249000000.0,0.2130305547055995,0.7835838893801752,0.2650369806395475,2.9565077578583487,2.203553340300667,7.407334643091028,7.595939751146038,1.0296249356410154,0.04047733531494514,0.14888656644424794,19,Revenues,LongTermDebt
CTSH,Cognizant,Information Technology,IT Consulting & Other Services,0001058290,COGNIZANT TECHNOLOGY SOLUTIONS CORP,True,,2025.0,2026-02-12,19353000000.0,,2689000000.0,555000000.0,2689000000.0,3244000000.0,9000000.0,2330000000.0,317000000.0,2013000000.0,2013000000.0,9000000.0,2231000000.0,-2222000000.0,7504000000.0,3585000000.0,0.1040148814137343,0.6205302096177558,223.66666666666666,0.0027743526510480886,-0.684956843403206,298.77777777777777,258.8888888888889,2.093165969316597,0.016379889422828503,0.09771886559802713,18,RevenueFromContractWithCustomerExcludingAssessedTax,DebtCurrent
COHR,Coherent Corp.,Information Technology,Electronic Components,0000820318,COHERENT CORP.,True,,2025.0,2025-08-15,5160100000.0,,414294000.0,681687000000.0,414294000.0,682101294000.0,59899000.0,634025000.0,436060000.0,197965000.0,197965000.0,4100218000.0,821310000.0,3278908000.0,3660099000.0,1343767000.0,0.038364566578167086,0.0002902281548816414,0.04828157917457072,0.006011157046712771,0.004807069021628333,6.916542847125996,10.584901250438238,2.723760145918154,0.08450611422259259,0.0006392892138392571,18,RevenueFromContractWithCustomerExcludingAssessedTax,LongTermDebt
CL,Colgate-Palmolive,Consumer Staples,Household Products,0000021665,COLGATE PALMOLIVE CO,True,,2025.0,2026-02-23,19457000000.0,11326000000.0,3984000000.0,567000000.0,3984000000.0,4551000000.0,,3745000000.0,705000000.0,3040000000.0,3040000000.0,7839000000.0,1096000000.0,6743000000.0,5317000000.0,5759000000.0,0.1562419694711415,0.6679850582289607,0.3878045669090445,1.7224785761371126,1.4816523840914084,,,0.9232505643340858,0.03623374620959038,0.15491100856954515,17,RevenueFromContractWithCustomerExcludingAssessedTax,LongTermDebt
CMCSA,Comcast,Communication Services,Cable & Satellite,0001166691,COMCAST CORP,True,,2025.0,2026-02-03,121572000000.0,,23314000000.0,14336000000.0,23314000000.0,37650000000.0,4281000000.0,28501000000.0,12242000000.0,16259000000.0,16259000000.0,4907000000.0,7322000000.0,-2415000000.0,26801000000.0,39581000000.0,0.133739676899286,0.43184594953519256,3.313429794171592,0.130332005312085,-0.06414342629482071,5.445923849567858,6.657556645643541,0.6771178090497966,0.10069752903629126,0.3251527224435591,18,RevenueFromContractWithCustomerExcludingAssessedTax,DebtCurrent
FIX,Comfort Systems USA,Industrials,Construction & Engineering,0001035983,COMFORT SYSTEMS USA INC,True,,2025.0,2026-02-19,5206760000.0,990509000.0,418388000.0,38200000.0,418388000.0,456588000.0,10281000.0,639568000.0,94838000.0,544730000.0,544730000.0,68335000.0,549939000.0,-481604000.0,2790241000.0,2582770000.0,0.10461976353816961,1.193044933287778,7.971464110631448,0.14966446774772882,-1.0547890001489308,40.69526310670168,62.20873455889505,1.0803288717152515,0.01821439820540989,0.2077102332956626,19,Revenues,LongTermDebt
CAG,Conagra Brands,Consumer Staples,Packaged Foods & Meats,0000023217,CONAGRA BRANDS INC.,True,,2025.0,2025-07-10,12277000000.0,3264800000.0,1075300000.0,369900000.0,1075300000.0,1445200000.0,377500000.0,995400000.0,362200000.0,633200000.0,633200000.0,7510000000.0,77700000.0,7432300000.0,3149500000.0,3241800000.0,0.05157611794412316,0.4381400498200941,0.08431424766977363,5.196512593412677,5.142748408524771,2.848476821192053,2.63682119205298,0.9715281633660312,0.029502321414026228,0.2506227511763078,19,RevenueFromContractWithCustomerExcludingAssessedTax,LongTermDebt
COP,ConocoPhillips,Energy,Oil & Gas Exploration & Production,0001163165,CONOCOPHILLIPS,True,,2025.0,2026-02-17,48522000000.0,,,8270000000.0,,,780000000.0,19965000000.0,4715000000.0,15250000000.0,15250000000.0,1035000000.0,5607000000.0,-4572000000.0,15647000000.0,12124000000.0,0.314290424961873,,14.734299516908212,,,,25.596153846153847,1.2905806664467172,0.09717241663575285,,13,RevenueFromContractWithCustomerExcludingAssessedTax,DebtCurrent
ED,Consolidated Edison,Utilities,Multi-Utilities,0001047862,CONSOLIDATED EDISON INC,True,,2025.0,2026-02-19,14476000000.0,,3196000000.0,2031000000.0,3196000000.0,5227000000.0,1023000000.0,2156000000.0,4085000000.0,-1929000000.0,-1929000000.0,24710000000.0,1324000000.0,23386000000.0,6664000000.0,6433000000.0,-0.13325504282951092,-0.36904534149607804,-0.07806556050182112,4.727377080543333,4.474076908360436,3.124144672531769,2.10752688172043,1.0359085963003265,0.28219121304227684,0.7815190357757796,18,RevenueFromContractWithCustomerExcludingAssessedTax,LongTermDebt
STZ,Constellation Brands,Consumer Staples,Distillers & Vintners,0000016918,"CONSTELLATION BRANDS, INC.",True,,2026.0,2026-04-22,9961800000.0,5017500000.0,3169700000.0,429200000.0,3169700000.0,3598900000.0,335100000.0,2780000000.0,1269100000.0,1510900000.0,1510900000.0,10691000000.0,68100000.0,10622900000.0,3716400000.0,4035200000.0,0.15166937702021724,0.41982272360999195,0.14132447853334582,2.9706299146961572,2.9517074661702187,9.4589674723963,8.296031035511788,0.9209952418715305,0.12739665522295168,0.3526355275222985,19,RevenueFromContractWithCustomerExcludingAssessedTax,LongTermDebt
CEG,Constellation Energy,Utilities,Electric Utilities,0001868275,Constellation Energy Corp,True,,2025.0,2026-02-24,20841000000.0,,1610000000.0,1073000000.0,1610000000.0,2683000000.0,282000000.0,-5301000000.0,2422000000.0,-7723000000.0,-7723000000.0,7403000000.0,368000000.0,7035000000.0,10776000000.0,6846000000.0,-0.3705676311117509,-2.8784942228848305,-1.0432257193029852,2.7592247484159524,2.6220648527767425,5.709219858156028,-18.79787234042553,1.5740578439964943,0.11621323353006094,0.9027208348863213,18,RevenueFromContractWithCustomerExcludingAssessedTax,LongTermDebt
COO,Cooper Companies (The),Health Care,Health Care Supplies,0000711404,"COOPER COMPANIES, INC.",True,,2025.0,2025-12-05,3593200000.0,2357900000.0,533100000.0,367700000.0,533100000.0,900800000.0,23100000.0,607500000.0,392500000.0,215000000.0,215000000.0,33300000.0,120800000.0,-87500000.0,1951500000.0,1022800000.0,0.05983524435043972,0.23867673179396093,6.456456456456457,0.036967140319715805,-0.09713587921847247,23.07792207792208,26.2987012987013,1.9079976535001955,0.10923410887231437,0.43572380106571934,19,RevenueFromContractWithCustomerExcludingAssessedTax,DebtCurrent
CPRT,Copart,Industrials,Diversified Support Services,0000900075,COPART INC,True,,2020.0,2020-09-28,461368000.0,195918000.0,1486569000.0,159478000.0,1486569000.0,1646047000.0,20368000.0,1364210000.0,516636000.0,847574000.0,847574000.0,0.0,1384236000.0,-1384236000.0,4418184000.0,628567000.0,1.8370888314750915,0.5149148232097869,inf,0.0,-0.8409456109090445,72.98551649646504,66.97810290652004,7.028978613258412,1.119791576355534,0.3138646709358846,19,Revenues,LongTermDebt
GLW,Corning Inc.,Information Technology,Electronic Components,0000024741,CORNING INC /NY,True,,2025.0,2026-02-12,12588000000.0,3931000000.0,890000000.0,1247000000.0,890000000.0,2137000000.0,300000000.0,2005000000.0,,,,326000000.0,1779000000.0,-1453000000.0,7992000000.0,4919000000.0,,,,0.1525503041647169,-0.6799251286850725,2.966666666666667,6.683333333333334,1.6247204716405774,,,13,Revenues,DebtCurrent
CTVA,Corteva,Materials,Fertilizers & Agricultural Chemicals,0001755672,"Corteva, Inc.",True,,2025.0,2026-02-12,17226000000.0,,,1211000000.0,,,233000000.0,1769000000.0,595000000.0,1174000000.0,1174000000.0,750000000.0,3106000000.0,-2356000000.0,15097000000.0,10386000000.0,0.06815279229072332,,1.5653333333333332,,,,7.592274678111588,1.4535913730021182,0.03454081040287937,,13,Revenues,DebtCurrent
CSGP,CoStar Group,Real Estate,Real Estate Services,0001057352,"COSTAR GROUP, INC.",True,,2025.0,2026-02-26,2455000000.0,1964000000.0,282000000.0,108000000.0,282000000.0,390000000.0,9014000.0,490000000.0,118000000.0,372000000.0,372000000.0,140000000.0,4681000000.0,-4541000000.0,4950000000.0,552000000.0,0.1515274949083503,0.9538461538461539,2.657142857142857,0.358974358974359,-11.643589743589743,31.284668293765254,54.35988462391835,8.967391304347826,0.04806517311608961,0.30256410256410254,19,RevenueFromContractWithCustomerExcludingAssessedTax,LongTermDebt
COST,Costco,Consumer Staples,Consumer Staples Merchandise Retail,0000909832,COSTCO WHOLESALE CORP /NEW,True,,2025.0,2025-10-08,242290000000.0,,8114000000.0,2077000000.0,8114000000.0,10191000000.0,160000000.0,11068000000.0,4323000000.0,6745000000.0,6745000000.0,7657000000.0,9906000000.0,-2249000000.0,34246000000.0,35464000000.0,0.02783854059185274,0.6618585026003336,0.8808933002481389,0.7513492297124914,-0.22068491806495927,50.7125,69.175,0.965655312429506,0.017842255148788642,0.4241978216073006,18,RevenueFromContractWithCustomerExcludingAssessedTax,LongTermDebt
CTRA,Coterra,Energy,Oil & Gas Exploration & Production,0000858470,Coterra Energy Inc.,True,,2025.0,2026-02-27,5684000000.0,,2154000000.0,1641000000.0,2154000000.0,3795000000.0,62000000.0,3658000000.0,,,,3535000000.0,2038000000.0,1497000000.0,3321000000.0,1136000000.0,,,,0.9314888010540184,0.39446640316205533,34.74193548387097,59.0,2.9234154929577465,,,12,RevenueFromContractWithCustomerExcludingAssessedTax,LongTermDebt
CRH,CRH plc,Materials,Construction Materials,0000849395,CRH PUBLIC LTD CO,True,,2025.0,2026-02-18,34949000000.0,11963000000.0,4186000000.0,1633000000.0,4186000000.0,5819000000.0,315000000.0,5017000000.0,1817000000.0,3200000000.0,3200000000.0,2999000000.0,6341000000.0,-3342000000.0,14083000000.0,10296000000.0,0.09156199032876478,0.5499226671249355,1.0670223407802601,0.5153806495961505,-0.5743254854786046,13.28888888888889,15.926984126984127,1.367812742812743,0.051990042633551746,0.31225296442687744,19,RevenueFromContractWithCustomerExcludingAssessedTax,DebtCurrent
CRWD,CrowdStrike,Information Technology,Systems Software,0001535527,"CrowdStrike Holdings, Inc.",True,,,,,2296626000.0,-19141000.0,,-19141000.0,,25231000.0,1166207000.0,176529000.0,989678000.0,989678000.0,743983000.0,3375069000.0,-2631086000.0,6113345000.0,3461050000.0,,,1.3302427609233007,,,-0.7586302564305815,46.22119614759621,1.766326692766646,,,13,,short_term_debt + long_term_debt
CCI,Crown Castle,Real Estate,Telecom Tower REITs,0001051470,CROWN CASTLE INC.,True,,2025.0,2026-02-23,421000000.0,,2097000000.0,519000000.0,2097000000.0,2616000000.0,18725000.0,3126000000.0,243000000.0,2883000000.0,2883000000.0,603000000.0,100000000.0,503000000.0,1090000000.0,2177000000.0,6.8479809976247035,1.1020642201834863,4.781094527363184,0.2305045871559633,0.1922782874617737,111.98931909212283,166.94259012016022,0.5006890215893431,0.5771971496437055,0.09288990825688073,18,RevenueFromContractWithCustomerExcludingAssessedTax,DebtCurrent
CSX,CSX Corporation,Industrials,Rail Transportation,0000277948,CSX CORP,True,,2025.0,2026-02-12,14657000000.0,,5499000000.0,1607000000.0,5499000000.0,7106000000.0,544000000.0,5514000000.0,2257000000.0,3257000000.0,3257000000.0,9241000000.0,1933000000.0,7308000000.0,2820000000.0,3276000000.0,0.22221464146824044,0.45834506051224316,0.3524510334379396,1.300450323670138,1.0284266816774557,10.108455882352942,10.136029411764707,0.8608058608058609,0.15398785563212117,0.3176189135941458,18,RevenueFromContractWithCustomerExcludingAssessedTax,LongTermDebt
CMI,Cummins,Industrials,Construction Machinery & Heavy Transportation Equipment,0000026172,CUMMINS INC,True,,2025.0,2026-02-10,34065000000.0,8249000000.0,1761000000.0,1024000000.0,1761000000.0,2785000000.0,375000000.0,3966000000.0,1213000000.0,2753000000.0,2753000000.0,23000000.0,2101000000.0,-2078000000.0,14752000000.0,11234000000.0,0.08081608689270513,0.9885098743267504,119.69565217391305,0.008258527827648115,-0.7461400359066427,4.696,10.576,1.3131564892291259,0.03560839571407603,0.4355475763016158,19,Revenues,DebtCurrent
CVS,CVS Health,Health Care,Health Care Services,0000064803,CVS HEALTH Corp,True,,2025.0,2026-02-10,357776000000.0,26528000000.0,13743000000.0,4366000000.0,13743000000.0,18109000000.0,2503000000.0,13426000000.0,3031000000.0,10395000000.0,10395000000.0,27002000000.0,8196000000.0,18806000000.0,68645000000.0,84609000000.0,0.029054492196234516,0.5740239659837649,0.38497148359380784,1.491081782539069,1.0384891490419128,5.490611266480224,5.3639632441070715,0.811320308714203,0.008471781226242118,0.1673753382296096,19,Revenues,LongTermDebt
DHR,Danaher Corporation,Health Care,Life Sciences Tools & Services,0000313616,DANAHER CORP /DE/,True,,2025.0,2026-02-24,23890000000.0,14034000000.0,5202000000.0,675000000.0,5202000000.0,5877000000.0,231000000.0,7164000000.0,1383000000.0,5781000000.0,5781000000.0,505000000.0,5995000000.0,-5490000000.0,9497000000.0,6798000000.0,0.24198409376308078,0.9836651352730985,11.447524752475248,0.085928194657138,-0.9341500765696784,22.51948051948052,31.01298701298701,1.3970285378052367,0.05789033068229385,0.23532414497192444,19,RevenueFromContractWithCustomerExcludingAssessedTax,DebtCurrent
DRI,Darden Restaurants,Consumer Discretionary,Restaurants,0000940944,DARDEN RESTAURANTS INC,True,,2025.0,2025-07-18,10487800000.0,1991000000.0,1201800000.0,387800000.0,1201800000.0,1589600000.0,47500000.0,1552800000.0,564900000.0,987900000.0,987900000.0,1370400000.0,367800000.0,1002600000.0,822800000.0,2192500000.0,0.09419516009077214,0.6214771011575239,0.7208844133099825,0.8621036738802215,0.6307247106190237,25.301052631578948,32.69052631578948,0.3752793614595211,0.05386258319189916,0.35537242073477604,19,RevenueFromContractWithCustomerExcludingAssessedTax,LongTermDebt
DDOG,Datadog,Information Technology,Application Software,0001561550,"Datadog, Inc.",True,,2025.0,2026-02-18,2128359000.0,1718451000.0,-33464000.0,35600000.0,-33464000.0,2136000.0,21052000.0,659954000.0,27586000.0,632368000.0,632368000.0,,1246983000.0,,4911115000.0,1862713000.0,0.2971152892909514,296.05243445692884,,,,-1.589587687630629,31.34875546266388,2.6365387475150492,0.012961159278110507,12.914794007490636,16,RevenueFromContractWithCustomerExcludingAssessedTax,
DVA,DaVita,Health Care,Health Care Services,0000927066,DAVITA INC.,True,,2025.0,2026-02-11,12140147000.0,,1602784000.0,736474000.0,1602784000.0,2339258000.0,398551000.0,2059031000.0,567985000.0,1491046000.0,1491046000.0,8415928000.0,794933000.0,7620995000.0,3746072000.0,2973410000.0,0.1228194353824546,0.6374012614256316,0.17716952901688324,3.5976912337159903,3.2578685207018636,4.021527985126119,5.166292394197982,1.2598572009914542,0.04678567730687281,0.2428056246895383,18,Revenues,LongTermDebt
DECK,Deckers Brands,Consumer Discretionary,Footwear,0000910521,DECKERS OUTDOOR CORP,True,,2025.0,2025-05-23,3627286000.0,1825370000.0,652751000.0,45117000.0,652751000.0,697868000.0,,537422000.0,81025000.0,456397000.0,456397000.0,638000.0,1502051000.0,-1501413000.0,2443483000.0,719993000.0,0.12582327392987483,0.6539875735812504,715.3557993730408,0.000914213003032092,-2.151428350347057,,,3.3937593837717865,0.022337637561526718,0.11610361844933426,17,RevenueFromContractWithCustomerExcludingAssessedTax,short_term_debt + long_term_debt
DE,Deere & Company,Industrials,Agricultural & Farm Machinery,0000315189,DEERE & CO,True,,2025.0,2025-12-18,61251000000.0,1509000000.0,9508000000.0,2004000000.0,9508000000.0,11512000000.0,2453000000.0,8589000000.0,1498000000.0,7091000000.0,7091000000.0,13533000000.0,7458000000.0,6075000000.0,,,0.115769538456515,0.6159659485753995,0.5239784231138698,1.1755559416261292,0.5277102154273802,3.8760701182225845,3.5014268242967796,,0.024456743563370395,0.1301250868658791,16,Revenues,DebtCurrent
DELL,Dell Technologies,Information Technology,"Technology Hardware, Storage & Peripherals",0001571996,Dell Technologies Inc.,True,,2026.0,2026-03-16,88425000000.0,21069000000.0,5411000000.0,3303000000.0,5411000000.0,8714000000.0,1542000000.0,8676000000.0,2756000000.0,5920000000.0,5920000000.0,5204000000.0,3633000000.0,1571000000.0,36229000000.0,46527000000.0,0.06694939214023184,0.6793665366077576,1.137586471944658,0.5971999081937113,0.18028459949506542,3.5090791180285343,5.626459143968872,0.7786661508371483,0.031167656205824144,0.3162726646775304,19,Revenues,DebtCurrent
DAL,Delta Air Lines,Industrials,Passenger Airlines,0000027904,"DELTA AIR LINES, INC.",True,,2025.0,2026-02-11,58048000000.0,,5521000000.0,2341000000.0,5521000000.0,7862000000.0,481000000.0,6464000000.0,5323000000.0,1141000000.0,1141000000.0,15347000000.0,2741000000.0,12606000000.0,9844000000.0,26670000000.0,0.019656146637265712,0.14512846603917579,0.0743467778718968,1.9520478249809208,1.603408801831595,11.478170478170478,13.43866943866944,0.3691038620172478,0.09169997243660419,0.6770541846858306,18,RevenueFromContractWithCustomerExcludingAssessedTax,LongTermDebt
DVN,Devon Energy,Energy,Oil & Gas Exploration & Production,0001090012,DEVON ENERGY CORP/DE,True,,2025.0,2026-02-18,15140000000.0,,4698000000.0,2554000000.0,4698000000.0,7252000000.0,724000000.0,6544000000.0,3883000000.0,2661000000.0,2661000000.0,8883000000.0,853000000.0,8030000000.0,3427000000.0,3309000000.0,0.17575957727873184,0.36693325979040264,0.29956095913542724,1.2249034749034748,1.107280750137893,6.488950276243094,9.03867403314917,1.0356603203384709,0.25647291941875827,0.535438499724214,18,RevenueFromContractWithCustomerExcludingAssessedTax,LongTermDebt
DXCM,Dexcom,Health Care,Health Care Equipment,0001093557,DEXCOM INC,True,,2025.0,2026-02-12,3622300000.0,2288900000.0,597700000.0,186000000.0,597700000.0,783700000.0,18800000.0,748500000.0,236600000.0,511900000.0,511900000.0,4600000.0,566300000.0,-561700000.0,4301400000.0,2932000000.0,0.141319051431411,0.6531836161796606,111.28260869565217,0.0058695929564884525,-0.716728339925992,31.79255319148936,39.81382978723404,1.4670532060027286,0.06531761587941363,0.30190123771851474,19,RevenueFromContractWithCustomerExcludingAssessedTax,LongTermDebt
FANG,Diamondback Energy,Energy,Oil & Gas Exploration & Production,0001539838,"Diamondback Energy, Inc.",True,,2025.0,2026-02-25,8412000000.0,,4570000000.0,1746000000.0,4570000000.0,6316000000.0,159000000.0,5920000000.0,,,,900000000.0,161000000.0,739000000.0,2110000000.0,4811000000.0,,,,0.14249525015832806,0.11700443318556047,28.742138364779873,37.23270440251572,0.438578258158387,,,12,Revenues,DebtCurrent
DLR,Digital Realty,Real Estate,Data Center REITs,0001297996,"DIGITAL REALTY TRUST, INC.",True,,2025.0,2026-02-13,5477061000.0,,524461000.0,1694859000.0,524461000.0,2219320000.0,437741000.0,1634780000.0,,,,2806954000.0,1625495000.0,1181459000.0,,,,,,1.2647811041219834,0.5323518014526972,1.1981080136427704,3.7345827784009265,,,,9,Revenues,LongTermDebt
DG,Dollar General,Consumer Staples,Consumer Staples Merchandise Retail,0000029534,DOLLAR GENERAL CORP,True,,2025.0,2026-03-20,38691609000.0,11719024000.0,2446300000.0,848793000.0,2446300000.0,3295093000.0,157526000.0,2391798000.0,1700222000.0,691576000.0,691576000.0,4130975000.0,932576000.0,3198399000.0,8163925000.0,6868702000.0,0.017874056361936255,0.20988057089739198,0.1674122937079019,1.253674782471997,0.9706551529805076,15.529499892081308,15.183512563005472,1.1885688154763447,0.04394291279021247,0.515986043489516,19,RevenueFromContractWithCustomerExcludingAssessedTax,LongTermDebt
DLTR,Dollar Tree,Consumer Staples,Consumer Staples Merchandise Retail,0000935703,"DOLLAR TREE, INC.",True,,2025.0,2026-03-16,16770300000.0,6008900000.0,1774500000.0,400500000.0,1774500000.0,2175000000.0,,2400800000.0,1193800000.0,1207000000.0,1207000000.0,0.0,1256500000.0,-1256500000.0,9107200000.0,8585900000.0,0.07197247514952028,0.5549425287356322,inf,0.0,-0.5777011494252874,,,1.0607158247824922,0.07118536937323722,0.5488735632183908,17,RevenueFromContractWithCustomerExcludingAssessedTax,DebtCurrent
D,Dominion Energy,Utilities,Multi-Utilities,0000715957,"DOMINION ENERGY, INC",True,,2025.0,2026-02-23,13487000000.0,,3414000000.0,2580000000.0,3414000000.0,5994000000.0,1679000000.0,6572000000.0,5504000000.0,1068000000.0,1068000000.0,46332000000.0,310000000.0,46022000000.0,6613000000.0,9289000000.0,0.07918736561132943,0.1781781781781782,0.02305102305102305,7.72972972972973,7.678011344678011,2.0333531864204883,3.9142346634901726,0.7119173215631392,0.4080966856973382,0.9182515849182515,18,RevenueFromContractWithCustomerExcludingAssessedTax,LongTermDebt
DPZ,Domino's,Consumer Discretionary,Restaurants,0001286681,DOMINOS PIZZA INC,True,,2025.0,2026-02-23,4479358000.0,1727417000.0,819519000.0,80640000.0,819519000.0,900159000.0,196475000.0,590864000.0,105396000.0,485468000.0,485468000.0,14700000.0,60356000.0,-45656000.0,905278000.0,1612462000.0,0.10837892394401162,0.5393136101510956,33.02503401360544,0.016330448287469213,-0.05071992836821051,4.171110828349663,3.007324087033974,0.5614259436811534,0.02352926468480528,0.1170859814766058,19,Revenues,LongTermDebt
DASH,DoorDash,Consumer Discretionary,Specialized Consumer Services,0001792789,"DoorDash, Inc.",True,,2025.0,2026-02-18,8635000000.0,,-579000000.0,509000000.0,-579000000.0,-70000000.0,32000000.0,1673000000.0,123000000.0,1550000000.0,1550000000.0,,2656000000.0,,7386000000.0,4438000000.0,0.1795020266357846,-22.142857142857142,,,,-18.09375,52.28125,1.6642631816133393,0.014244354371742906,-1.7571428571428571,15,RevenueFromContractWithCustomerExcludingAssessedTax,
DOV,Dover Corporation,Industrials,Industrial Machinery & Supplies & Components,0000029905,DOVER Corp,True,,2025.0,2026-02-13,7684476000.0,2867544000.0,1219340000.0,305046000.0,1219340000.0,1524386000.0,106319000.0,1219546000.0,183406000.0,1036140000.0,1036140000.0,2928757000.0,1844877000.0,1083880000.0,4484497000.0,2196527000.0,0.13483547869757156,0.6797097323118948,0.3537814847732331,1.9212699408155152,0.7110272594998904,11.468693272133862,11.470630837385604,2.04163071976807,0.023867079551032497,0.12031467095604394,19,RevenueFromContractWithCustomerExcludingAssessedTax,LongTermDebt
DOW,Dow Inc.,Materials,Commodity Chemicals,0001751788,DOW INC.,True,,2025.0,2026-02-03,44622000000.0,1827000000.0,,2611000000.0,,,,5196000000.0,2356000000.0,2840000000.0,2840000000.0,14511000000.0,2987000000.0,11524000000.0,16590000000.0,10288000000.0,0.06364573528752633,,0.19571359658190338,,,,,1.6125583203732503,0.05279906772444086,,13,Revenues,LongTermDebt
DHI,D. R. Horton,Consumer Discretionary,Homebuilding,0000882184,HORTON D R INC /DE/,True,,2025.0,2025-11-19,35460400000.0,188300000.0,,91600000.0,,,0.0,4304100000.0,148600000.0,4155500000.0,4155500000.0,,4516400000.0,,,,0.11718705936763263,,,,,,,,0.004190590066665914,,9,Revenues,
DTE,DTE Energy,Utilities,Multi-Utilities,0000936340,DTE ENERGY CO,True,,2017.0,2018-02-16,10337000000.0,,2243000000.0,1606000000.0,2243000000.0,3849000000.0,791000000.0,3220000000.0,,,,25306000000.0,24000000.0,25282000000.0,3607000000.0,5106000000.0,,,,6.574694725902832,6.568459340088334,2.8356510745891277,4.070796460176991,0.7064238151194673,,,12,Revenues,LongTermDebt
DUK,Duke Energy,Utilities,Electric Utilities,0001326160,Duke Energy CORP,True,,2016.0,2017-02-24,22509000000.0,,7070000000.0,6084000000.0,7070000000.0,13154000000.0,3014000000.0,9878000000.0,12604000000.0,-2726000000.0,-2726000000.0,80689000000.0,314000000.0,80375000000.0,12950000000.0,19357000000.0,-0.12110711271047137,-0.20723734225330698,-0.033784034998574776,6.13417971719629,6.1103086513608025,2.3457199734571996,3.2773722627737225,0.6690086273699437,0.5599537962592741,0.9581876235365668,18,SalesRevenueNet,LongTermDebt
DD,DuPont,Materials,Specialty Chemicals,0001666700,"DuPont de Nemours, Inc.",True,,2025.0,2026-02-17,6614000000.0,3036000000.0,,580000000.0,,,396000000.0,845000000.0,302000000.0,543000000.0,543000000.0,1848000000.0,1792000000.0,56000000.0,20775000000.0,5496000000.0,0.08209857877230117,,0.29383116883116883,,,,2.1338383838383836,3.7800218340611353,0.04566071968551557,,14,RevenueFromContractWithCustomerExcludingAssessedTax,DebtCurrent
ETN,Eaton Corporation,Industrials,Electrical Components & Equipment,0001551182,Eaton Corp plc,True,,2025.0,2026-02-26,23196000000.0,,3214000000.0,926000000.0,3214000000.0,4140000000.0,199000000.0,3624000000.0,757000000.0,2867000000.0,2867000000.0,9152000000.0,555000000.0,8597000000.0,11801000000.0,7857000000.0,0.12359889636144163,0.692512077294686,0.31326486013986016,2.2106280193236714,2.0765700483091787,16.150753768844222,18.21105527638191,1.501972763141148,0.03263493705811347,0.18285024154589372,18,RevenueFromContractWithCustomerExcludingAssessedTax,LongTermDebt
EBAY,eBay Inc.,Consumer Discretionary,Broadline Retail,0001065088,EBAY INC,True,,2025.0,2026-02-19,10112000000.0,7279000000.0,1941000000.0,441000000.0,1941000000.0,2382000000.0,269000000.0,2426000000.0,456000000.0,1970000000.0,1970000000.0,1673000000.0,1985000000.0,-312000000.0,7567000000.0,6098000000.0,0.19481803797468356,0.8270361041141897,1.177525403466826,0.702350965575147,-0.1309823677581864,7.215613382899628,9.018587360594795,1.2408986552968186,0.04509493670886076,0.19143576826196473,19,RevenueFromContractWithCustomerExcludingAssessedTax,DebtCurrent
SATS,EchoStar,Communication Services,Wireless Telecommunication Services,0001415404,EchoStar CORP,True,,2025.0,2026-03-02,17015598000.0,,-277909000.0,1597923000.0,-277909000.0,1320014000.0,147927000.0,2432647000.0,3100921000.0,-668274000.0,-668274000.0,951000000.0,4305393000.0,-3354393000.0,8095743000.0,5831040000.0,-0.03927420006043866,-0.5062628123641113,-0.7027066246056782,0.7204469043510144,-2.5411798662741454,-1.8786901647434207,16.444915397459557,1.3883874917681922,0.18223990717223104,2.349157660449056,18,RevenueFromContractWithCustomerExcludingAssessedTax,LongTermDebt
ECL,Ecolab,Materials,Specialty Chemicals,0000031462,ECOLAB INC.,True,,2025.0,2026-02-23,15320200000.0,,1992300000.0,616700000.0,1992300000.0,2609000000.0,348900000.0,2411800000.0,774800000.0,1637000000.0,1637000000.0,615700000.0,1256800000.0,-641100000.0,6025700000.0,4792800000.0,0.10685239096095352,0.6274434649290916,2.6587623842780577,0.23599080107320813,-0.24572633192794174,5.710232158211522,6.912582401834337,1.2572400267067267,0.050573752300883804,0.296972019931008,18,RevenueFromContractWithCustomerExcludingAssessedTax,DebtCurrent
EIX,Edison International,Utilities,Electric Utilities,0000827052,EDISON INTERNATIONAL,True,,2025.0,2026-02-18,16338000000.0,,2627000000.0,2635000000.0,2627000000.0,5262000000.0,925000000.0,3401000000.0,5448000000.0,-2047000000.0,-2047000000.0,35583000000.0,193000000.0,35390000000.0,7155000000.0,8439000000.0,-0.12529073325988493,-0.38901558342835424,-0.05752747098333474,6.762257696693273,6.725579627518054,2.84,3.676756756756757,0.8478492712406683,0.3334557473374954,1.0353477765108323,18,Revenues,LongTermDebt
EW,Edwards Lifesciences,Health Care,Health Care Equipment,0001099800,Edwards Lifesciences Corp,True,,2025.0,2026-02-25,5010000000.0,4031600000.0,1308900000.0,144900000.0,1308900000.0,1453800000.0,18400000.0,895800000.0,253000000.0,642800000.0,642800000.0,600000000.0,3045200000.0,-2445200000.0,6285400000.0,1505200000.0,0.12830339321357284,0.4421516026963819,1.0713333333333332,0.41271151465125877,-1.6819369927087633,71.13586956521739,48.68478260869565,4.175790592612278,0.050499001996007986,0.17402668867794746,19,RevenueFromContractWithCustomerExcludingAssessedTax,LongTermDebt
EA,Electronic Arts,Communication Services,Interactive Home Entertainment,0000712515,ELECTRONIC ARTS INC.,True,,2025.0,2025-05-13,7426000000.0,5634000000.0,1332000000.0,193000000.0,1332000000.0,1525000000.0,58000000.0,1550000000.0,,,,,2732000000.0,,4247000000.0,3090000000.0,,,,,,22.96551724137931,26.724137931034484,1.3744336569579287,,,11,Revenues,
ELV,Elevance Health,Health Care,Managed Health Care,0001156039,"Elevance Health, Inc.",True,,2025.0,2026-02-06,171340000000.0,,8499000000.0,107000000.0,8499000000.0,8606000000.0,798000000.0,8061000000.0,1296000000.0,6765000000.0,6765000000.0,30867000000.0,8288000000.0,22579000000.0,58942000000.0,40581000000.0,0.03948289949807401,0.7860794794329538,0.2191660997181456,3.5866837090402046,2.623634673483616,10.650375939849624,10.101503759398497,1.4524531184544491,0.007563908019143224,0.1505926098071113,18,Revenues,LongTermDebt
EME,Emcor,Industrials,Construction & Engineering,0000105634,"EMCOR Group, Inc.",True,,2025.0,2026-02-26,12582873000.0,2089339000.0,875756000.0,51822000.0,875756000.0,927578000.0,17199000.0,899655000.0,78404000.0,821251000.0,821251000.0,0.0,1339550000.0,-1339550000.0,5389189000.0,4153863000.0,0.06526736779430262,0.88537136499572,inf,0.0,-1.444137312441649,50.91900691900692,52.308564451421596,1.2973920902061526,0.006231009404608947,0.08452550621079845,19,Revenues,LongTermDebt
EMR,Emerson Electric,Industrials,Electrical Components & Equipment,0000032604,EMERSON ELECTRIC CO,True,,2025.0,2025-11-10,15165000000.0,1916000000.0,,1051000000.0,,,147000000.0,637000000.0,363000000.0,274000000.0,274000000.0,532000000.0,1804000000.0,-1272000000.0,10192000000.0,5742000000.0,0.018067919551599077,,0.5150375939849624,,,,4.333333333333333,1.7749912922326716,0.02393669634025717,,14,RevenueFromContractWithCustomerExcludingAssessedTax,DebtCurrent
ETR,Entergy,Utilities,Electric Utilities,0000065984,ENTERGY CORP /DE/,True,,2025.0,2026-02-19,12147412000.0,,2617975000.0,2051677000.0,2617975000.0,4669652000.0,834694000.0,4294328000.0,4440652000.0,-146324000.0,-146324000.0,27991595000.0,859703000.0,27131892000.0,4396237000.0,6111037000.0,-0.012045693354271676,-0.03133509734772527,-0.005227426304217391,5.994364248128126,5.810259950848586,3.136448806388928,5.144793181692932,0.7193929606382681,0.36556362787398666,0.9509599430535723,18,Revenues,LongTermDebt
EOG,EOG Resources,Energy,Oil & Gas Exploration & Production,0000821189,EOG RESOURCES INC,True,,2025.0,2026-02-24,24186000000.0,,9603000000.0,3492000000.0,9603000000.0,13095000000.0,148000000.0,11340000000.0,,,,4752000000.0,7092000000.0,-2340000000.0,11230000000.0,5354000000.0,,,,0.3628865979381443,-0.17869415807560138,64.88513513513513,76.62162162162163,2.0974971983563693,,,12,Revenues,short_term_debt + long_term_debt
EPAM,EPAM Systems,Information Technology,IT Consulting & Other Services,0001352010,"EPAM Systems, Inc.",True,,2025.0,2026-02-26,4690540000.0,,501239000.0,91800000.0,501239000.0,593039000.0,,562634000.0,28415000.0,534219000.0,534219000.0,0.0,2036235000.0,-2036235000.0,2426248000.0,821039000.0,0.11389285668601057,0.9008159665721815,inf,0.0,-3.4335600188183237,,,2.9550947031748795,0.006057937892012434,0.047914218120562055,16,RevenueFromContractWithCustomerExcludingAssessedTax,LongTermDebt
EQT,EQT Corporation,Energy,Oil & Gas Exploration & Production,0000033213,EQT Corp,True,,2025.0,2026-02-18,6908923000.0,,2314411000.0,1732142000.0,2314411000.0,4046553000.0,289753000.0,3178850000.0,2019037000.0,1159813000.0,1159813000.0,9324177000.0,202093000.0,9122084000.0,1714679000.0,2461549000.0,0.16787175077794325,0.2866175236058937,0.1243877073547617,2.3042270791955524,2.25428506682107,7.987530758956766,10.970895900991534,0.6965853614939211,0.2922361415809671,0.49895231818290775,18,Revenues,LongTermDebt
EFX,Equifax,Industrials,Research & Consulting Services,0000033185,EQUIFAX INC,True,,2025.0,2026-02-19,5265200000.0,,933600000.0,619800000.0,933600000.0,1553400000.0,145600000.0,1116800000.0,601300000.0,515500000.0,515500000.0,687700000.0,169900000.0,517800000.0,1360600000.0,1811500000.0,0.09790701207931322,0.3318527101841123,0.749600116329795,0.442706321617098,0.3333333333333333,6.412087912087912,7.670329670329671,0.7510902566933481,0.11420268935652966,0.3870863911420111,18,RevenueFromContractWithCustomerExcludingAssessedTax,DebtCurrent
EQIX,Equinix,Real Estate,Data Center REITs,0001101239,EQUINIX INC,True,,2025.0,2026-02-11,8188000000.0,681188000.0,1443000000.0,1845000000.0,1443000000.0,3288000000.0,336082000.0,3217000000.0,2781000000.0,436000000.0,436000000.0,15334000000.0,2096000000.0,13238000000.0,5447000000.0,3349000000.0,0.05324865657059111,0.13260340632603407,0.028433546367549238,4.663625304136253,4.026155717761557,4.293595015502169,9.572068721323962,1.626455658405494,0.33964338055691257,0.8458029197080292,19,RevenueFromContractWithCustomerExcludingAssessedTax,LongTermDebt
EQR,Equity Residential,Real Estate,Multi-Family Residential REITs,0000906107,EQUITY RESIDENTIAL,True,,2019.0,2020-02-20,2471406000.0,1118785000.0,1675841000.0,888709000.0,1675841000.0,2564550000.0,1300000.0,1532798000.0,5731000.0,1527067000.0,1527067000.0,8241242000.0,50743000.0,8190499000.0,,,0.6178940246968729,0.595452223586984,0.18529573576409963,3.2135236201282877,3.1937373028406544,1289.1084615384616,1179.0753846153846,,0.0023189229127063703,0.002234700044842175,16,Revenues,LongTermDebt
ESS,Essex Property Trust,Real Estate,Multi-Family Residential REITs,0000920522,"ESSEX PROPERTY TRUST, INC.",True,,2025.0,2026-02-20,11131000.0,1170506000.0,584342000.0,548438000.0,584342000.0,1132780000.0,203125000.0,980064000.0,,,,643550000.0,391749000.0,251801000.0,,,,,,0.5681156093857589,0.22228588075354438,2.8767606153846152,4.824930461538462,,,,10,RevenueFromContractWithCustomerExcludingAssessedTax,LongTermDebt
EL,Estée Lauder Companies (The),Consumer Staples,Personal Care Products,0001001250,ESTEE LAUDER COMPANIES INC,True,,2025.0,2025-08-20,15910000000.0,11346000000.0,1509000000.0,744000000.0,1509000000.0,2253000000.0,167000000.0,1731000000.0,1003000000.0,728000000.0,728000000.0,504000000.0,3957000000.0,-3453000000.0,7922000000.0,5702000000.0,0.04575738529226901,0.3231247225920994,1.4444444444444444,0.2237017310252996,-1.5326231691078562,9.035928143712574,10.365269461077844,1.389337074710628,0.06304211187932118,0.44518419884598315,19,RevenueFromContractWithCustomerExcludingAssessedTax,DebtCurrent
EVRG,Evergy,Utilities,Electric Utilities,0001711269,"Evergy, Inc.",True,,2025.0,2026-02-19,5345100000.0,,1282400000.0,1076500000.0,1282400000.0,2358900000.0,525800000.0,1980200000.0,2334000000.0,-353800000.0,-353800000.0,12460900000.0,22000000.0,12438900000.0,1839300000.0,3662400000.0,-0.06619146508016688,-0.14998516257577685,-0.028392812718182475,5.282504557208869,5.273178176268599,2.4389501711677446,3.7660707493343475,0.5022116644823067,0.4366616153112196,0.9894442324812412,18,RevenueFromContractWithCustomerExcludingAssessedTax,short_term_debt + long_term_debt
ES,Eversource Energy,Utilities,Electric Utilities,0000072741,EVERSOURCE ENERGY,True,,2025.0,2026-02-17,11910705000.0,,2399335000.0,815700000.0,2399335000.0,3215035000.0,582334000.0,1646161000.0,4336849000.0,-2690688000.0,-2690688000.0,26704777000.0,26700000.0,26678077000.0,5076073000.0,6720957000.0,-0.2259050156980632,-0.8369078408166629,-0.10075680467206298,8.306216573069966,8.297911842328311,4.120204212702676,2.8268330545700575,0.7552604487723995,0.3641135432369452,1.3489274611318385,18,Revenues,short_term_debt + long_term_debt
EXC,Exelon,Utilities,Electric Utilities,0001109357,EXELON CORP,True,,2025.0,2026-02-12,21727000000.0,,4023000000.0,2778000000.0,4023000000.0,6801000000.0,1529000000.0,4703000000.0,7408000000.0,-2705000000.0,-2705000000.0,49428000000.0,407000000.0,49021000000.0,8384000000.0,9611000000.0,-0.1244994707046532,-0.39773562711365973,-0.05472606619729708,7.267754741949713,7.2079106013821495,2.631131458469588,3.075866579463702,0.8723337842055977,0.340958254706126,1.0892515806499043,18,Revenues,LongTermDebt
EXE,Expand Energy,Energy,Oil & Gas Exploration & Production,0000895126,EXPAND ENERGY Corp,True,,2025.0,2026-02-18,8721000000.0,1212000000.0,3142000000.0,1527000000.0,3142000000.0,4669000000.0,11000000.0,2380000000.0,1829000000.0,551000000.0,551000000.0,5680000000.0,1079000000.0,4601000000.0,1997000000.0,3123000000.0,0.06318082788671024,0.11801242236024845,0.09700704225352112,1.2165345898479332,0.9854358535018205,285.6363636363636,216.36363636363637,0.6394492475184118,0.20972365554408898,0.3917327050760334,19,Revenues,LongTermDebt
EXPE,Expedia Group,Consumer Discretionary,"Hotels, Resorts & Cruise Lines",0001324424,"Expedia Group, Inc.",True,,2025.0,2026-02-13,12839000000.0,,1033000000.0,807000000.0,1033000000.0,1840000000.0,351000000.0,2690000000.0,846000000.0,1844000000.0,1844000000.0,6266000000.0,4183000000.0,2083000000.0,9815000000.0,13611000000.0,0.1436248929044318,1.0021739130434784,0.2942866262368337,3.4054347826086957,1.1320652173913044,2.943019943019943,7.663817663817664,0.7211079274116523,0.0658929823194953,0.4597826086956522,18,RevenueFromContractWithCustomerExcludingAssessedTax,LongTermDebt
EXPD,Expeditors International,Industrials,Air Freight & Logistics,0000746515,EXPEDITORS INTERNATIONAL OF WASHINGTON INC,True,,2025.0,2026-02-25,9300110000.0,1692786000.0,939933000.0,67760000.0,939933000.0,1007693000.0,411000.0,1053191000.0,39314000.0,1013877000.0,1013877000.0,,1148320000.0,,3659775000.0,2066473000.0,0.1090177428008916,1.0061367896770148,,,,2286.941605839416,2562.508515815085,1.7710248331335565,0.004227261828085904,0.03901386632635138,16,RevenueFromContractWithCustomerExcludingAssessedTax,
EXR,Extra Space Storage,Real Estate,Self-Storage REITs,0001289490,Extra Space Storage Inc.,True,,2025.0,2026-02-20,101986000.0,,1170141000.0,506053000.0,1170141000.0,1676194000.0,166183000.0,1402474000.0,479059000.0,923415000.0,923415000.0,,92868000.0,,,,9.054330986606004,0.5508998361764808,,,,7.041279793962078,8.439334950024973,,4.69730159041437,0.28580164348518133,12,RevenueFromContractWithCustomerExcludingAssessedTax,
XOM,ExxonMobil,Energy,Integrated Oil & Gas,0000034088,EXXON MOBIL CORP,True,,2025.0,2026-02-18,344582000000.0,,,20641000000.0,,,849000000.0,55369000000.0,21919000000.0,33450000000.0,33450000000.0,4955000000.0,23029000000.0,-18074000000.0,91990000000.0,70307000000.0,0.0970741361998015,,6.750756811301716,,,,65.21672555948174,1.3084045685351386,0.0636104033292511,,13,Revenues,DebtCurrent
FFIV,"F5, Inc.",Information Technology,Communications Equipment,0001048695,"F5, INC.",True,,2025.0,2025-11-25,2813169000.0,2219861000.0,472568000.0,112702000.0,472568000.0,585270000.0,,653409000.0,54184000.0,599225000.0,599225000.0,699544000.0,1074602000.0,-375058000.0,2109471000.0,1489653000.0,0.21300711048643006,1.0238436960718984,0.8565937239115767,1.1952500555299264,-0.6408290190852085,,,1.416082134564224,0.019260840710245277,0.09257949322534899,17,RevenueFromContractWithCustomerExcludingAssessedTax,short_term_debt + long_term_debt
FICO,Fair Isaac,Information Technology,Application Software,0000814547,FAIR ISAAC CORP,True,,2025.0,2025-11-07,1513557000.0,186190000.0,642830000.0,14638000.0,642830000.0,657468000.0,68967000.0,468915000.0,4237000.0,464678000.0,464678000.0,2209021000.0,150667000.0,2058354000.0,617413000.0,380285000.0,0.30701057178553565,0.70676899864328,0.21035472274822195,3.3598912798797813,3.1307287959261894,9.320834602056056,6.799121318891644,1.6235533875908859,0.0027993659967876995,0.0064444201086592805,19,RevenueFromContractWithCustomerExcludingAssessedTax,LongTermDebt
FAST,Fastenal,Industrials,Trading Companies & Distributors,0000815556,FASTENAL CO,True,,2025.0,2026-02-05,7346700000.0,3354500000.0,1528700000.0,177300000.0,1528700000.0,1706000000.0,9700000.0,1432700000.0,172800000.0,1259900000.0,1259900000.0,200000000.0,255800000.0,-55800000.0,3211900000.0,687100000.0,0.17149196237766617,0.7385111371629542,6.2995,0.11723329425556858,-0.03270808909730363,157.5979381443299,147.70103092783506,4.67457429777325,0.02352076442484381,0.10128956623681125,19,RevenueFromContractWithCustomerExcludingAssessedTax,LongTermDebt
FRT,Federal Realty Investment Trust,Real Estate,Retail REITs,0000034903,FEDERAL REALTY INVESTMENT TRUST,True,,2024.0,2026-02-12,1132154000.0,,406470000.0,321763000.0,406470000.0,728233000.0,167809000.0,555830000.0,,,,4963602000.0,123409000.0,4840193000.0,,,,,,6.815953135878215,6.6464895164047775,2.4222181170259045,3.3122776489937964,,,,9,Revenues,LongTermDebt
FDX,FedEx,Industrials,Air Freight & Logistics,0001048911,FEDEX CORP,True,,2025.0,2025-07-21,90155000000.0,,4912000000.0,4176000000.0,4912000000.0,9088000000.0,689000000.0,8848000000.0,6174000000.0,2674000000.0,2674000000.0,19899000000.0,6501000000.0,13398000000.0,18207000000.0,13355000000.0,0.02966002994842216,0.29423415492957744,0.1343786119905523,2.1895906690140845,1.4742517605633803,7.129172714078375,12.841799709724238,1.3633096218644702,0.06848205867672343,0.6793573943661971,18,RevenueFromContractWithCustomerExcludingAssessedTax,LongTermDebt
FSLR,First Solar,Information Technology,Semiconductors,0001274494,"FIRST SOLAR, INC.",True,,2025.0,2026-02-24,3318602000.0,1300679000.0,857266000.0,225226000.0,857266000.0,1082492000.0,13107000.0,602260000.0,1386775000.0,-784515000.0,-784515000.0,236424000.0,1621376000.0,-1384952000.0,5089033000.0,2077442000.0,-0.23639924281369082,-0.7247305291863588,-3.3182544919297534,0.21840715681963468,-1.2794108409115263,65.40520332646678,45.949492637521935,2.4496630952873772,0.4178792756709,1.2810949180224889,19,Revenues,DebtCurrent
FE,FirstEnergy,Utilities,Electric Utilities,0001031296,FIRSTENERGY CORP,True,,2025.0,2026-02-18,12870000000.0,,2266000000.0,1461000000.0,2266000000.0,3727000000.0,1139000000.0,1387000000.0,3356000000.0,-1969000000.0,-1969000000.0,550000000.0,111000000.0,439000000.0,2776000000.0,4997000000.0,-0.152991452991453,-0.5283069492889724,-3.58,0.14757177354440568,0.11778910651998926,1.9894644424934154,1.2177348551360843,0.5555333199919952,0.2607614607614608,0.90045613093641,18,Revenues,short_term_debt + long_term_debt
F,Ford Motor Company,Consumer Discretionary,Automobile Manufacturers,0000037996,FORD MOTOR CO,True,,2025.0,2026-02-11,176191000000.0,,5458000000.0,7690000000.0,5458000000.0,13148000000.0,4593000000.0,14918000000.0,8236000000.0,6682000000.0,6682000000.0,470000000.0,22935000000.0,-22465000000.0,124474000000.0,106859000000.0,0.03792475211560182,0.50821417706115,14.217021276595744,0.035746881655004566,-1.7086248859142075,1.1883300674940127,3.2479860657522317,1.1648433917592342,0.046744725894058155,0.626407058107697,18,RevenueFromContractWithCustomerExcludingAssessedTax,short_term_debt + long_term_debt
FTNT,Fortinet,Information Technology,Systems Software,0001262039,"Fortinet, Inc.",True,,2025.0,2026-02-25,5304800000.0,4067600000.0,1241100000.0,113400000.0,1241100000.0,1354500000.0,21000000.0,1935500000.0,204100000.0,1731400000.0,1731400000.0,994300000.0,2875900000.0,-1881600000.0,5971500000.0,4060700000.0,0.32638365254109486,1.2782576596530084,1.7413255556673037,0.7340716131413806,-1.3891472868217054,59.1,92.16666666666667,1.470559263181225,0.038474589051425125,0.1506829088224437,19,RevenueFromContractWithCustomerExcludingAssessedTax,short_term_debt + long_term_debt
FTV,Fortive,Industrials,Industrial Machinery & Supplies & Components,0001659166,Fortive Corp,True,,2025.0,2026-02-25,3913900000.0,2477100000.0,574000000.0,426200000.0,574000000.0,1000200000.0,-123500000.0,1353600000.0,78600000.0,1275000000.0,1275000000.0,3707300000.0,813300000.0,2894000000.0,2592300000.0,2238400000.0,0.3257620276450599,1.274745050989802,0.34391605750815957,3.7065586882623474,2.8934213157368527,4.647773279352227,10.960323886639676,1.1581040028591851,0.02008227088070722,0.07858428314337132,19,RevenueFromContractWithCustomerExcludingAssessedTax,LongTermDebt
FOXA,Fox Corporation (Class A),Communication Services,Broadcasting,0001754301,Fox Corp,True,,2025.0,2025-08-06,14913000000.0,,,411000000.0,,,395000000.0,1800000000.0,357000000.0,1443000000.0,1443000000.0,7197000000.0,5200000000.0,1997000000.0,7501000000.0,2952000000.0,0.0967612150472742,,0.20050020842017507,,,,4.556962025316456,2.540989159891599,0.023938845302755984,,13,RevenueFromContractWithCustomerExcludingAssessedTax,LongTermDebt
FOX,Fox Corporation (Class B),Communication Services,Broadcasting,0001754301,Fox Corp,True,,2025.0,2025-08-06,14913000000.0,,,411000000.0,,,395000000.0,1800000000.0,357000000.0,1443000000.0,1443000000.0,7197000000.0,5200000000.0,1997000000.0,7501000000.0,2952000000.0,0.0967612150472742,,0.20050020842017507,,,,4.556962025316456,2.540989159891599,0.023938845302755984,,13,RevenueFromContractWithCustomerExcludingAssessedTax,LongTermDebt
FCX,Freeport-McMoRan,Materials,Copper,0000831259,FREEPORT-MCMORAN INC,True,,2025.0,2026-02-13,22703000000.0,,6225000000.0,2068000000.0,6225000000.0,8293000000.0,586000000.0,5279000000.0,4824000000.0,455000000.0,455000000.0,8948000000.0,3923000000.0,5025000000.0,13296000000.0,5496000000.0,0.020041404219706647,0.05486554925841071,0.050849351810460436,1.0789822742071626,0.6059327143373929,10.622866894197951,9.008532423208191,2.4192139737991267,0.21248293177113156,0.5816954057638972,18,RevenueFromContractWithCustomerExcludingAssessedTax,LongTermDebt
GRMN,Garmin,Consumer Discretionary,Consumer Electronics,0001121788,GARMIN LTD,True,,2025.0,2026-02-18,5228252000.0,3004955000.0,1092160000.0,132347000.0,1092160000.0,1224507000.0,1246000.0,1376265000.0,193524000.0,1182741000.0,1182741000.0,,2079468000.0,,5336153000.0,1507858000.0,0.22622111558509422,0.9658915792233119,,,,876.5329052969503,1104.5465489566614,3.5388962355871705,0.03701504824174504,0.15804237950456795,16,RevenueFromContractWithCustomerExcludingAssessedTax,
IT,Gartner,Information Technology,IT Consulting & Other Services,0000749251,GARTNER INC,True,,2025.0,2026-02-12,5906956000.0,4035383000.0,1236894000.0,191103000.0,1236894000.0,1427997000.0,118513000.0,1155737000.0,,,,818831000.0,697999000.0,120832000.0,4196531000.0,3969016000.0,,,,0.5734122690733944,0.08461642426419663,10.436779087526263,9.751985014302228,1.0573227721934102,,,13,RevenueFromContractWithCustomerExcludingAssessedTax,LongTermDebt
GE,GE Aerospace,Industrials,Aerospace & Defense,0000040545,GENERAL ELECTRIC CO,True,,2025.0,2026-01-29,35348000000.0,5514000000.0,21850000000.0,4419000000.0,21850000000.0,26269000000.0,15537000000.0,5189000000.0,862000000.0,4327000000.0,4327000000.0,2039000000.0,13619000000.0,-11580000000.0,37635000000.0,34392000000.0,0.12241145185017539,0.1647188701511287,2.1221186856302108,0.07762000837489055,-0.4408237846891774,1.4063203964729356,0.3339769582287443,1.094295184926727,0.024386103881407717,0.03281434390346035,19,Revenues,DebtCurrent
GEHC,GE HealthCare,Health Care,Health Care Equipment,0001932393,GE HealthCare Technologies Inc.,True,,2025.0,2026-02-04,19552000000.0,7922000000.0,2435000000.0,248000000.0,2435000000.0,2683000000.0,542000000.0,2101000000.0,387000000.0,1714000000.0,1714000000.0,8951000000.0,2874000000.0,6077000000.0,9901000000.0,9553000000.0,0.08766366612111293,0.6388371226239284,0.19148698469444755,3.33619083115915,2.2650018635855385,4.492619926199262,3.876383763837638,1.036428347116089,0.019793371522094927,0.14424152068579948,19,RevenueFromContractWithCustomerExcludingAssessedTax,LongTermDebt
GEV,GE Vernova,Industrials,Heavy Electrical Equipment,0001996810,GE Vernova Inc.,True,,2025.0,2026-01-29,33239000000.0,4818000000.0,-923000000.0,724000000.0,-923000000.0,-199000000.0,,1186000000.0,744000000.0,442000000.0,442000000.0,60000000.0,2067000000.0,-2007000000.0,34153000000.0,31685000000.0,0.013297632299407322,-2.221105527638191,7.366666666666666,-0.3015075376884422,10.085427135678392,,,1.0778917468833833,0.022383344865970697,-3.7386934673366836,17,RevenueFromContractWithCustomerExcludingAssessedTax,short_term_debt + long_term_debt
GEN,Gen Digital,Information Technology,Systems Software,0000849399,Gen Digital Inc.,True,,2025.0,2025-05-15,3317000000.0,2728000000.0,1206000000.0,329000000.0,1206000000.0,1535000000.0,401000000.0,757000000.0,6000000.0,751000000.0,751000000.0,8604000000.0,846000000.0,7758000000.0,1358000000.0,2726000000.0,0.22640940608984023,0.48925081433224754,0.08728498372849837,5.605211726384365,5.054071661237785,3.0074812967581046,1.887780548628429,0.49816581071166544,0.0018088634308109737,0.003908794788273616,19,RevenueFromContractWithCustomerExcludingAssessedTax,LongTermDebt
GNRC,Generac,Industrials,Electrical Components & Equipment,0001474735,GENERAC HOLDINGS INC.,True,,2025.0,2026-02-18,4022667000.0,1365431000.0,386199000.0,166602000.0,386199000.0,552801000.0,97627000.0,521670000.0,129060000.0,392610000.0,392610000.0,903673000.0,281277000.0,622396000.0,2032170000.0,1033152000.0,0.0975994284388939,0.7102194098780574,0.434460252768424,1.6347166521044643,1.1258952136483111,3.955862619971934,5.343501285505035,1.966961299015053,0.03208319256851238,0.23346556898413715,19,RevenueFromContractWithCustomerExcludingAssessedTax,LongTermDebt
GD,General Dynamics,Industrials,Aerospace & Defense,0000040533,GENERAL DYNAMICS CORP,True,,2025.0,2026-01-30,42272000000.0,,4245000000.0,863000000.0,4245000000.0,5108000000.0,431000000.0,4710000000.0,904000000.0,3806000000.0,3806000000.0,1502000000.0,1697000000.0,-195000000.0,24386000000.0,17824000000.0,0.09003595760787282,0.745105716523101,2.533954727030626,0.29404855129209084,-0.03817541111981206,9.849187935034802,10.928074245939674,1.3681552962298025,0.021385314155942466,0.17697729052466718,18,RevenueFromContractWithCustomerExcludingAssessedTax,DebtCurrent
GIS,General Mills,Consumer Staples,Packaged Foods & Meats,0000040704,GENERAL MILLS INC,True,,2025.0,2025-06-26,20094200000.0,1770500000.0,3433800000.0,546600000.0,3433800000.0,3980400000.0,382100000.0,2778600000.0,689500000.0,2089100000.0,2089100000.0,5375800000.0,418000000.0,4957800000.0,4580900000.0,7033100000.0,0.10396532332712922,0.5248467490704452,0.38861192752706575,1.350567782132449,1.2455532107325897,8.986652708714995,7.271918345982727,0.6513344044589157,0.03431338396154114,0.17322379660335643,19,RevenueFromContractWithCustomerExcludingAssessedTax,LongTermDebt
GM,General Motors,Consumer Discretionary,Automobile Manufacturers,0001467858,General Motors Co,True,,2025.0,2026-01-27,157658000000.0,4214000000.0,9298000000.0,11737000000.0,9298000000.0,21035000000.0,3880000000.0,20930000000.0,10970000000.0,9960000000.0,9960000000.0,,19872000000.0,,108545000000.0,96265000000.0,0.06317471996346523,0.4734965533634419,,,,2.3963917525773195,5.394329896907217,1.127564535397081,0.0695809917669893,0.5215117661041122,16,RevenueFromContractWithCustomerExcludingAssessedTax,
GPC,Genuine Parts Company,Consumer Discretionary,Distributors,0000040987,GENUINE PARTS CO,True,,2025.0,2026-02-20,23090610000.0,8290672000.0,1229336000.0,350529000.0,1229336000.0,1579865000.0,62150000.0,1435610000.0,512675000.0,922935000.0,922935000.0,4284345000.0,653463000.0,3630882000.0,9852584000.0,8525380000.0,0.03997014370776692,0.5841859905751441,0.2154203267944108,2.711842467552607,2.2982229494292232,19.78014481094127,23.09911504424779,1.1556768144059268,0.022202748216699344,0.3245055748434202,19,RevenueFromContractWithCustomerExcludingAssessedTax,LongTermDebt
GILD,Gilead Sciences,Health Care,Biotechnology,0000882095,"GILEAD SCIENCES, INC.",True,,2025.0,2026-02-24,27116000000.0,4243000000.0,7605000000.0,354000000.0,7605000000.0,7959000000.0,1001000000.0,8006000000.0,585000000.0,7421000000.0,7421000000.0,1815000000.0,5412000000.0,-3597000000.0,19173000000.0,12004000000.0,0.27367605841569553,0.9324035682874733,4.08870523415978,0.22804372408594045,-0.4519411986430456,7.597402597402597,7.998001998001998,1.5972175941352882,0.021573978462900132,0.07350169619298907,19,RevenueFromContractWithCustomerExcludingAssessedTax,DebtCurrent
GDDY,GoDaddy,Information Technology,Internet Services & Infrastructure,0001609711,GoDaddy Inc.,True,,2025.0,2026-02-25,4254100000.0,,547400000.0,171300000.0,547400000.0,718700000.0,126000000.0,1047600000.0,42000000.0,1005600000.0,1005600000.0,3795000000.0,774000000.0,3021000000.0,1951800000.0,2698400000.0,0.23638372393690793,1.3991929873382496,0.2649802371541502,5.28036732990121,4.203422846806735,4.344444444444444,8.314285714285715,0.7233175214942188,0.009872828565383983,0.05843884791985529,18,RevenueFromContractWithCustomerExcludingAssessedTax,short_term_debt + long_term_debt
HAL,Halliburton,Energy,Oil & Gas Equipment & Services,0000045012,HALLIBURTON CO,True,,2017.0,2018-02-09,23633000000.0,,4083000000.0,998000000.0,4083000000.0,5081000000.0,-168000000.0,3458000000.0,1379000000.0,2079000000.0,2079000000.0,7160000000.0,2618000000.0,4542000000.0,12382000000.0,6050000000.0,0.08797021114543223,0.40917142294823855,0.2903631284916201,1.4091714229482386,0.8939185199763826,24.303571428571427,20.583333333333332,2.0466115702479337,0.058350611433165486,0.2714032670734107,18,SalesRevenueNet,LongTermDebt
HAS,Hasbro,Consumer Discretionary,Leisure Products,0000046080,"HASBRO, INC.",True,,2025.0,2026-02-25,5003300000.0,,-1538800000.0,210700000.0,-1538800000.0,-1328100000.0,179700000.0,725600000.0,135500000.0,590100000.0,590100000.0,4046457000.0,513100000.0,3533357000.0,2242500000.0,1401300000.0,0.1179421581756041,-0.44431895188615317,0.145831279067095,-3.0468014456742716,-2.660460055718696,-8.563160823594881,4.037840845854202,1.600299721687005,0.027082125796973996,-0.10202544989082148,18,RevenueFromContractWithCustomerExcludingAssessedTax,LongTermDebt
HCA,HCA Healthcare,Health Care,Health Care Facilities,0000860730,"HCA Healthcare, Inc.",True,,2025.0,2026-02-10,64968000000.0,,,3077000000.0,,,1938000000.0,9431000000.0,4744000000.0,4687000000.0,4687000000.0,4698000000.0,1933000000.0,2765000000.0,16414000000.0,15177000000.0,0.07214320896441324,,0.9976585781183482,,,,4.866357069143447,1.0815049087434934,0.07302056396995443,,13,Revenues,DebtCurrent
DOC,Healthpeak Properties,Real Estate,Health Care REITs,0000765880,"HEALTHPEAK PROPERTIES, INC.",True,,2025.0,2026-02-03,527417000.0,,,749901000.0,,,200331000.0,956242000.0,774561000.0,181681000.0,181681000.0,9847894000.0,119818000.0,9728076000.0,,,0.3444731588098222,,0.018448716040201082,,,,4.7733101716658926,,1.4685931625260467,,10,RevenueFromContractWithCustomerExcludingAssessedTax,LongTermDebt
HSIC,Henry Schein,Health Care,Health Care Distributors,0001000228,HENRY SCHEIN INC,True,,2025.0,2026-02-24,12339000000.0,3860000000.0,615000000.0,248000000.0,615000000.0,863000000.0,87000000.0,500000000.0,147000000.0,353000000.0,353000000.0,822000000.0,117000000.0,705000000.0,3983000000.0,2803000000.0,0.02860847718615771,0.40903823870220163,0.42944038929440387,0.9524913093858632,0.816917728852839,7.068965517241379,5.747126436781609,1.4209775240813414,0.011913445173839047,0.17033603707995365,19,RevenueFromContractWithCustomerExcludingAssessedTax,LongTermDebt
HSY,Hershey Company (The),Consumer Staples,Packaged Foods & Meats,0000047111,HERSHEY CO,True,,2025.0,2026-02-17,11164992000.0,4997816000.0,2560867000.0,419815000.0,2560867000.0,2980682000.0,161511000.0,2323190000.0,771109000.0,1552081000.0,1552081000.0,4234203000.0,463889000.0,3770314000.0,3759457000.0,3929495000.0,0.13901317618498965,0.520713380360602,0.3665580039502121,1.4205483845643379,1.264916552654728,15.85568165635777,14.384097677557566,0.9567277729072057,0.06906489498604208,0.25870220305285835,19,RevenueFromContractWithCustomerExcludingAssessedTax,LongTermDebt
HPE,Hewlett Packard Enterprise,Information Technology,"Technology Hardware, Storage & Peripherals",0001645590,Hewlett Packard Enterprise Co,True,,2025.0,2025-12-18,29135000000.0,,2089000000.0,2616000000.0,2089000000.0,4705000000.0,709000000.0,4428000000.0,2828000000.0,1600000000.0,1600000000.0,4742000000.0,14846000000.0,-10104000000.0,33457000000.0,25973000000.0,0.0549167667753561,0.34006376195536664,0.3374103753690426,1.0078639744952178,-2.14750265674814,2.9464033850493654,6.245416078984485,1.2881453817425788,0.09706538527544191,0.6010626992561106,18,Revenues,DebtCurrent
HLT,Hilton Worldwide,Consumer Discretionary,"Hotels, Resorts & Cruise Lines",0001585689,Hilton Worldwide Holdings Inc.,True,,2025.0,2026-02-11,10235000000.0,,2225000000.0,147000000.0,2225000000.0,2372000000.0,415000000.0,1946000000.0,151000000.0,1795000000.0,1795000000.0,33000000.0,1301000000.0,-1268000000.0,3272000000.0,4700000000.0,0.17537860283341475,0.7567453625632378,54.39393939393939,0.01391231028667791,-0.5345699831365935,5.36144578313253,4.6891566265060245,0.6961702127659575,0.014753297508549095,0.06365935919055649,18,RevenueFromContractWithCustomerExcludingAssessedTax,short_term_debt + long_term_debt
HD,Home Depot (The),Consumer Discretionary,Home Improvement Retail,0000354950,"HOME DEPOT, INC.",True,,2025.0,2026-03-18,152669000000.0,50960000000.0,21689000000.0,3061000000.0,21689000000.0,24750000000.0,1347000000.0,21172000000.0,3226000000.0,17946000000.0,17946000000.0,49397000000.0,1659000000.0,47738000000.0,31683000000.0,28661000000.0,0.11754842174901257,0.7250909090909091,0.36330141506569225,1.9958383838383837,1.9288080808080807,16.101707498144023,15.71789161098738,1.1054394473326123,0.02113068140879943,0.13034343434343434,19,RevenueFromContractWithCustomerExcludingAssessedTax,LongTermDebt
HON,Honeywell,Industrials,Industrial Conglomerates,0000773840,HONEYWELL INTERNATIONAL INC,True,,2025.0,2026-02-17,33009000000.0,3222000000.0,7563000000.0,1004000000.0,7563000000.0,8567000000.0,749000000.0,5340000000.0,741000000.0,4599000000.0,4599000000.0,29046000000.0,9906000000.0,19140000000.0,27908000000.0,21256000000.0,0.13932563846223758,0.5368273608030816,0.15833505474075604,3.390451733395588,2.2341543130617487,10.097463284379172,7.129506008010681,1.3129469326307865,0.02244842315732073,0.08649468892261002,19,RevenueFromContractWithCustomerExcludingAssessedTax,LongTermDebt
HRL,Hormel Foods,Consumer Staples,Packaged Foods & Meats,0000048465,HORMEL FOODS CORP /DE/,True,,2017.0,2017-12-20,9263863000.0,1999841000.0,1072046000.0,253311000.0,1072046000.0,1325357000.0,43307000.0,1047847000.0,270211000.0,777636000.0,777636000.0,2858757000.0,741881000.0,2116876000.0,3246476000.0,1399299000.0,0.0839429512288772,0.5867370074628949,0.2720189229095023,2.1569712915086274,1.5972119210144888,24.7545662364052,24.195788209758238,2.32007312232768,0.0291682854118201,0.2038778985586525,19,SalesRevenueNet,short_term_debt + long_term_debt
HST,Host Hotels & Resorts,Real Estate,Hotel & Resort REITs,0001070750,"HOST HOTELS & RESORTS, INC.",True,,2025.0,2026-02-25,5311000000.0,,827000000.0,697000000.0,827000000.0,1524000000.0,191000000.0,1441000000.0,293000000.0,1148000000.0,1148000000.0,896000000.0,1144000000.0,-248000000.0,,,0.21615514968932403,0.7532808398950132,1.28125,0.5879265091863517,-0.16272965879265092,4.329842931937173,7.544502617801047,,0.055168518169836187,0.19225721784776903,15,RevenueFromContractWithCustomerExcludingAssessedTax,LongTermDebt
HWM,Howmet Aerospace,Industrials,Aerospace & Defense,0000004281,Howmet Aerospace Inc.,True,,2025.0,2026-02-12,6640000000.0,,1203000000.0,272000000.0,1203000000.0,1475000000.0,226000000.0,901000000.0,219000000.0,682000000.0,682000000.0,3315000000.0,564000000.0,2751000000.0,3362000000.0,1549000000.0,0.10271084337349398,0.4623728813559322,0.2057315233785822,2.247457627118644,1.8650847457627118,5.323008849557522,3.9867256637168142,2.170432537120723,0.03298192771084337,0.14847457627118643,18,RevenueFromContractWithCustomerExcludingAssessedTax,LongTermDebt
HPQ,HP Inc.,Information Technology,"Technology Hardware, Storage & Peripherals",0000047217,HP INC,True,,2025.0,2025-12-10,53718000000.0,11508000000.0,3456000000.0,850000000.0,3456000000.0,4306000000.0,738000000.0,3571000000.0,593000000.0,2978000000.0,2978000000.0,1406000000.0,3238000000.0,-1832000000.0,20760000000.0,28687000000.0,0.0554376559067724,0.6915931258708778,2.1180654338549076,0.32652113330236876,-0.4254528564793312,4.682926829268292,4.838753387533876,0.7236727437515251,0.01103913027290666,0.13771481653506734,19,Revenues,DebtCurrent
HUBB,Hubbell Incorporated,Industrials,Industrial Machinery & Supplies & Components,0000048898,HUBBELL INC,True,,2025.0,2026-02-12,5372900000.0,1877000000.0,1027400000.0,149700000.0,1027400000.0,1177100000.0,72400000.0,880800000.0,165700000.0,715100000.0,715100000.0,125400000.0,329100000.0,-203700000.0,2257900000.0,1274200000.0,0.13309385992666903,0.6075099821595447,5.702551834130782,0.10653300484240931,-0.17305241695692805,14.19060773480663,12.165745856353592,1.7720138125882907,0.030839956075862197,0.14076968821680402,19,RevenueFromContractWithCustomerExcludingAssessedTax,DebtCurrent
HUM,Humana,Health Care,Managed Health Care,0000049071,HUMANA INC,True,,2025.0,2026-02-19,106374000000.0,,4013000000.0,779000000.0,4013000000.0,4792000000.0,326000000.0,3981000000.0,1004000000.0,2977000000.0,2977000000.0,577000000.0,2221000000.0,-1644000000.0,29815000000.0,16939000000.0,0.027986162032075507,0.6212437395659433,5.15944540727903,0.12040901502504174,-0.34307178631051755,12.309815950920246,12.21165644171779,1.7601393234547493,0.009438396600673096,0.20951585976627712,18,Revenues,DebtCurrent
HII,Huntington Ingalls Industries,Industrials,Aerospace & Defense,0001501585,"HUNTINGTON INGALLS INDUSTRIES, INC.",True,,2025.0,2026-02-05,11454000000.0,,781000000.0,347000000.0,781000000.0,1128000000.0,95000000.0,970000000.0,292000000.0,678000000.0,678000000.0,3298000000.0,467000000.0,2831000000.0,3228000000.0,2991000000.0,0.05919329491880566,0.601063829787234,0.20557913887204365,2.923758865248227,2.5097517730496453,8.221052631578948,10.210526315789474,1.0792377131394182,0.025493277457656713,0.25886524822695034,18,Revenues,LongTermDebt
IBM,IBM,Information Technology,IT Consulting & Other Services,0000051143,INTERNATIONAL BUSINESS MACHINES CORP,True,,2025.0,2026-02-24,61860000000.0,34300000000.0,,2109000000.0,,,1607000000.0,13931000000.0,1245000000.0,12686000000.0,12686000000.0,6987000000.0,13947000000.0,-6960000000.0,34482000000.0,33142000000.0,0.2050759780148723,,1.8156576499212824,,,,8.66894835096453,1.0404320801400035,0.020126091173617848,,14,Revenues,DebtCurrent
IEX,IDEX Corporation,Industrials,Industrial Machinery & Supplies & Components,0000832101,IDEX CORP /DE/,True,,2025.0,2026-02-19,3273900000.0,1446900000.0,732500000.0,57200000.0,732500000.0,789700000.0,41000000.0,716700000.0,89900000.0,626800000.0,626800000.0,1971300000.0,620800000.0,1350500000.0,1592700000.0,629700000.0,0.1914536180091023,0.7937191338482968,0.31796276568761733,2.496264404204128,1.7101430923135368,17.865853658536587,17.48048780487805,2.529299666507861,0.027459604752741378,0.11384069899962011,19,RevenueFromContractWithCustomerExcludingAssessedTax,LongTermDebt
IDXX,Idexx Laboratories,Health Care,Health Care Equipment,0000874716,IDEXX LABORATORIES INC /DE,True,,2025.0,2026-02-20,3660953000.0,2189970000.0,1097128000.0,114908000.0,1097128000.0,1212036000.0,29808000.0,906510000.0,133631000.0,772879000.0,772879000.0,450000000.0,288266000.0,161734000.0,1399897000.0,1067916000.0,0.21111415524864702,0.637670003201225,1.717508888888889,0.37127610070987993,0.13343993082713715,36.8064949006978,30.411634460547504,1.3108680832574846,0.03650169778197098,0.11025332580880436,19,RevenueFromContractWithCustomerExcludingAssessedTax,LongTermDebt
ITW,Illinois Tool Works,Industrials,Industrial Machinery & Supplies & Components,0000049826,ILLINOIS TOOL WORKS INC,True,,2025.0,2026-02-13,16107000000.0,,4040000000.0,282000000.0,4040000000.0,4322000000.0,202000000.0,3539000000.0,455000000.0,3084000000.0,3084000000.0,1555000000.0,948000000.0,607000000.0,5856000000.0,4308000000.0,0.1914695474017508,0.7135585377140213,1.9832797427652733,0.3597871355853771,0.14044423877834336,20.0,17.519801980198018,1.3593314763231197,0.02824858757062147,0.1052753354928274,18,RevenueFromContractWithCustomerExcludingAssessedTax,DebtCurrent
INCY,Incyte,Health Care,Biotechnology,0000879169,INCYTE CORP,True,,2025.0,2026-02-10,3695649000.0,,620525000.0,82660000.0,620525000.0,703185000.0,1908000.0,496487000.0,48700000.0,447787000.0,447787000.0,19094000000.0,1687829000.0,17406171000.0,3239030000.0,1641847000.0,0.12116599817785725,0.6367982821021495,0.02345171257986802,27.153594004422732,24.753330915761854,325.2227463312369,260.21331236897277,1.9727964907814188,0.013177658376106606,0.06925631235023501,18,RevenueFromContractWithCustomerExcludingAssessedTax,LongTermDebt
IR,Ingersoll Rand,Industrials,Industrial Machinery & Supplies & Components,0001699150,Ingersoll Rand Inc.,True,,2025.0,2026-02-17,6876100000.0,2882200000.0,1164300000.0,459100000.0,1164300000.0,1623400000.0,87700000.0,1377400000.0,105400000.0,1272000000.0,1272000000.0,3100000.0,1541200000.0,-1538100000.0,4163500000.0,1818900000.0,0.18498858364479864,0.783540717013675,410.3225806451613,0.001909572502155969,-0.9474559566342244,13.27594070695553,15.70581527936146,2.289020836769476,0.015328456537863033,0.06492546507330295,19,RevenueFromContractWithCustomerExcludingAssessedTax,DebtCurrent
PODD,Insulet Corporation,Health Care,Health Care Equipment,0001145197,INSULET CORP,True,,2025.0,2026-02-18,1697100000.0,1159900000.0,220100000.0,72800000.0,220100000.0,292900000.0,61700000.0,145700000.0,75600000.0,70100000.0,70100000.0,1273900000.0,689800000.0,584100000.0,1891300000.0,528400000.0,0.041305756879382476,0.2393308296346876,0.055027867179527436,4.349265961078866,1.99419597132127,3.567260940032415,2.3614262560777957,3.5792959878879635,0.04454657945907725,0.25810856947763744,19,Revenues,LongTermDebt
INTC,Intel,Information Technology,Semiconductors,0000050863,INTEL CORP,True,,2025.0,2026-01-23,54228000000.0,21711000000.0,93000000.0,7847000000.0,93000000.0,7940000000.0,597000000.0,11471000000.0,25750000000.0,-14279000000.0,-14279000000.0,3729000000.0,8249000000.0,-4520000000.0,47324000000.0,35666000000.0,-0.26331415504905215,-1.7983627204030226,-3.829176722982033,0.46964735516372796,-0.5692695214105793,0.15577889447236182,19.214405360134002,1.3268659227275277,0.4748469425389098,3.243073047858942,19,RevenueFromContractWithCustomerExcludingAssessedTax,DebtCurrent
IFF,International Flavors & Fragrances,Materials,Specialty Chemicals,0000051253,INTERNATIONAL FLAVORS & FRAGRANCES INC,True,,2025.0,2026-02-27,11479000000.0,3681000000.0,-2110000000.0,1142000000.0,-2110000000.0,-968000000.0,289000000.0,1455000000.0,503000000.0,952000000.0,952000000.0,1413000000.0,703000000.0,710000000.0,7968000000.0,4352000000.0,0.08293405348897988,-0.9834710743801653,0.6737438075017693,-1.459710743801653,-0.7334710743801653,-7.301038062283737,5.034602076124568,1.8308823529411764,0.04381914800940848,-0.5196280991735537,19,RevenueFromContractWithCustomerExcludingAssessedTax,DebtCurrent
IP,International Paper,Materials,Paper & Plastic Packaging Products & Materials,0000051434,INTERNATIONAL PAPER CO /NEW/,True,,2025.0,2026-02-27,16033000000.0,1690000000.0,2233000000.0,1146000000.0,2233000000.0,3379000000.0,418000000.0,1833000000.0,1141000000.0,692000000.0,692000000.0,191000000.0,1062000000.0,-871000000.0,6424000000.0,4258000000.0,0.04316098047776461,0.20479431784551644,3.6230366492146597,0.05652559928973069,-0.2577685705830127,5.342105263157895,4.385167464114833,1.5086895255988728,0.07116572070105408,0.33767386800828647,19,RevenueFromContractWithCustomerExcludingAssessedTax,DebtCurrent
INTU,Intuit,Information Technology,Application Software,0000896878,INTUIT INC.,True,,2025.0,2025-09-03,14368000000.0,,3141000000.0,160000000.0,3141000000.0,3301000000.0,,5046000000.0,210000000.0,4836000000.0,4836000000.0,6038000000.0,2848000000.0,3190000000.0,9678000000.0,7491000000.0,0.3365812917594655,1.465010602847622,0.8009274594236502,1.8291426840351408,0.966373826113299,,,1.2919503404084902,0.014615812917594655,0.06361708573159648,16,RevenueFromContractWithCustomerExcludingAssessedTax,LongTermDebt
ISRG,Intuitive Surgical,Health Care,Health Care Equipment,0001035267,INTUITIVE SURGICAL INC,True,,2025.0,2026-02-03,7124100000.0,4729500000.0,1766800000.0,382000000.0,1766800000.0,2148800000.0,,1813800000.0,1064200000.0,749600000.0,749600000.0,,2027400000.0,,7111000000.0,1745300000.0,0.10522030853020031,0.3488458674609084,,,,,,4.074371168280525,0.14938027259583667,0.495253164556962,14,RevenueFromContractWithCustomerExcludingAssessedTax,
INVH,Invitation Homes,Real Estate,Single-Family Residential REITs,0001687229,Invitation Homes Inc.,True,,2025.0,2026-02-19,2432278000.0,,114377000.0,674287000.0,114377000.0,788664000.0,322661000.0,1107088000.0,2031000.0,1105057000.0,1105057000.0,8380020000.0,174491000.0,8205529000.0,,,0.45433005602155674,1.4011759126827141,0.13186806236739293,10.625589604698579,10.404340758548635,0.3544803989326259,3.4311181084791778,,0.0008350196811384225,0.0025752411673412253,15,Revenues,LongTermDebt
IQV,IQVIA,Health Care,Life Sciences Tools & Services,0001478242,IQVIA HOLDINGS INC.,True,,2025.0,2026-02-17,14984000000.0,,1977000000.0,1125000000.0,1977000000.0,3102000000.0,672000000.0,2149000000.0,649000000.0,1500000000.0,1500000000.0,10269000000.0,1702000000.0,8567000000.0,5829000000.0,6957000000.0,0.100106780565937,0.4835589941972921,0.14607069821793747,3.3104448742746615,2.761766602192134,2.9419642857142856,3.1979166666666665,0.8378611470461406,0.04331286705819541,0.20921985815602837,18,RevenueFromContractWithCustomerExcludingAssessedTax,LongTermDebt
IRM,Iron Mountain,Real Estate,Other Specialized REITs,0001020569,IRON MOUNTAIN INC,True,,2025.0,2026-02-12,5480289000.0,,921778000.0,776159000.0,921778000.0,1697937000.0,242599000.0,1113567000.0,1339223000.0,-225656000.0,-225656000.0,13719086000.0,155716000.0,13563370000.0,1691222000.0,3087275000.0,-0.041175930685407286,-0.13290010171166539,-0.016448326076533088,8.079855730807445,7.988146792254365,3.7995952167980906,4.590154947052543,0.5478041314751683,0.2443708716821321,0.7887353888866312,18,RevenueFromContractWithCustomerExcludingAssessedTax,LongTermDebt
JBHT,J.B. Hunt,Industrials,Cargo Ground Transportation,0000728535,HUNT J B TRANSPORT SERVICES INC,True,,2017.0,2018-02-23,6187646000.0,,993196000.0,737954000.0,993196000.0,1731150000.0,51249000.0,1744618000.0,1862431000.0,-117813000.0,-117813000.0,1326100000.0,46983000.0,1279117000.0,1770983000.0,1678040000.0,-0.019040035580574585,-0.06805476128585045,-0.0888417163109871,0.7660225861421598,0.7388828235565953,19.379812289020272,34.04199106324026,1.0553878334247098,0.30099184730348183,1.0758345608410593,18,Revenues,LongTermDebt
JBL,Jabil,Information Technology,Electronic Manufacturing Services,0000898293,JABIL INC,True,,2025.0,2025-10-17,34702000000.0,2867000000.0,1537000000.0,924000000.0,1537000000.0,2461000000.0,174000000.0,1734000000.0,1030000000.0,704000000.0,704000000.0,2880000000.0,2201000000.0,679000000.0,12791000000.0,11782000000.0,0.0202870151576278,0.28606257618854125,0.24444444444444444,1.170255993498578,0.275904104022755,8.833333333333334,9.96551724137931,1.0856391105075538,0.029681286381188405,0.41852905323039413,19,RevenueFromContractWithCustomerExcludingAssessedTax,LongTermDebt
J,Jacobs Solutions,Industrials,Construction & Engineering,0000052988,JACOBS SOLUTIONS INC.,True,,2018.0,2018-11-21,2847934000.0,2710860000.0,676484000.0,103346000.0,676484000.0,779830000.0,72714000.0,974763000.0,137486000.0,837277000.0,837277000.0,2219009000.0,1144795000.0,1074214000.0,4895580000.0,4079741000.0,0.293994523749497,1.0736660554223356,0.3773202361955269,2.845503507174641,1.377497659746355,9.303352861897297,13.405437742387987,1.1999732335949758,0.048275697400290876,0.17630252747393663,19,Revenues,short_term_debt + long_term_debt
JNJ,Johnson & Johnson,Health Care,Pharmaceuticals,0000200406,JOHNSON & JOHNSON,True,,2025.0,2026-02-11,85159000000.0,58606000000.0,14955000000.0,7486000000.0,14955000000.0,22441000000.0,183000000.0,22791000000.0,4543000000.0,18248000000.0,18248000000.0,6000000000.0,24105000000.0,-18105000000.0,55893000000.0,50321000000.0,0.2142815204499818,0.813154494006506,3.041333333333333,0.267367764359877,-0.8067822289559289,81.72131147540983,124.54098360655738,1.1107291190556627,0.05334726805152714,0.20244195891448688,19,RevenueFromContractWithCustomerExcludingAssessedTax,DebtCurrent
JCI,Johnson Controls,Industrials,Building Products,0000833444,Johnson Controls International plc,True,,2025.0,2025-11-14,22331000000.0,7804000000.0,712000000.0,745000000.0,712000000.0,1457000000.0,240000000.0,1856000000.0,446000000.0,1410000000.0,1410000000.0,8568000000.0,828000000.0,7740000000.0,11179000000.0,11955000000.0,0.06314092517128655,0.967741935483871,0.1645658263305322,5.880576527110501,5.312285518188058,2.966666666666667,7.733333333333333,0.9350899205353409,0.019972235905243833,0.3061084420041181,19,RevenueFromContractWithCustomerExcludingAssessedTax,LongTermDebt
KVUE,Kenvue,Consumer Staples,Personal Care Products,0001944048,Kenvue Inc.,True,,2025.0,2026-02-20,15444000000.0,8643000000.0,2512000000.0,627000000.0,2512000000.0,3139000000.0,0.0,3168000000.0,469000000.0,2699000000.0,2699000000.0,1552000000.0,1070000000.0,482000000.0,5525000000.0,5739000000.0,0.17476042476042475,0.859827970691303,1.7390463917525774,0.49442497610704045,0.15355208665179992,,,0.9627112737410699,0.03036778036778037,0.1494106403313157,18,RevenueFromContractWithCustomerExcludingAssessedTax,DebtCurrent
KDP,Keurig Dr Pepper,Consumer Staples,Soft Drinks & Non-alcoholic Beverages,0001418135,Keurig Dr Pepper Inc.,True,,2025.0,2026-02-24,14814000000.0,8080000000.0,3192000000.0,402000000.0,3192000000.0,3594000000.0,500000000.0,1329000000.0,425000000.0,904000000.0,904000000.0,2642000000.0,510000000.0,2132000000.0,3997000000.0,8087000000.0,0.06102335628459565,0.25153032832498606,0.34216502649507946,0.7351140790205899,0.5932109070673345,6.384,2.658,0.4942500309138123,0.02868907789928446,0.11825264329437953,19,RevenueFromContractWithCustomerExcludingAssessedTax,DebtCurrent
KEYS,Keysight Technologies,Information Technology,Electronic Equipment & Instruments,0001601046,"Keysight Technologies, Inc.",True,,2025.0,2025-12-17,5464000000.0,,1358000000.0,120000000.0,1358000000.0,1478000000.0,78000000.0,1408000000.0,197000000.0,1211000000.0,1211000000.0,1790000000.0,1796000000.0,-6000000.0,4257000000.0,1427000000.0,0.2216325036603221,0.8193504736129905,0.676536312849162,1.2110960757780784,-0.0040595399188092015,17.41025641025641,18.05128205128205,2.9831814996496147,0.03605417276720351,0.13328822733423545,18,Revenues,LongTermDebt
KMB,Kimberly-Clark,Consumer Staples,Household Products,0000055785,KIMBERLY CLARK CORP,True,,2025.0,2026-02-12,17146000000.0,6269000000.0,1928000000.0,753000000.0,1928000000.0,2681000000.0,293000000.0,3542000000.0,766000000.0,2776000000.0,2776000000.0,564000000.0,1010000000.0,-446000000.0,5580000000.0,7004000000.0,0.16190365099731716,1.0354345393509885,4.921985815602837,0.2103692651995524,-0.16635583737411413,6.580204778156997,12.088737201365188,0.7966876070816676,0.04467514289047008,0.2857142857142857,19,Revenues,DebtCurrent
KIM,Kimco Realty,Real Estate,Retail REITs,0000879101,KIMCO REALTY CORP,True,,2025.0,2026-02-20,1783400000.0,,638777000.0,507265000.0,638777000.0,1146042000.0,250201000.0,1071607000.0,18400000.0,1053207000.0,1053207000.0,7964700000.0,688622000.0,7276078000.0,,,0.5905612874285073,0.9189951153622642,0.132234359109571,6.949745297292769,6.348875521141459,2.553055343503823,4.282984480477696,,0.010317371313221935,0.016055258009741353,15,Revenues,LongTermDebt
KMI,Kinder Morgan,Energy,Oil & Gas Storage & Transportation,0001506307,"KINDER MORGAN, INC.",True,,2025.0,2026-02-13,13647000000.0,,4263000000.0,2250000000.0,4263000000.0,6513000000.0,1427000000.0,6491000000.0,2317000000.0,4174000000.0,4174000000.0,2009000000.0,88000000.0,1921000000.0,2521000000.0,5101000000.0,0.30585476661537336,0.6408721019499463,2.0776505724240915,0.30846000307078153,0.29494856440964223,2.987386124737211,4.548703573931324,0.4942168202313272,0.16978090422803546,0.35575003838476893,18,RevenueFromContractWithCustomerExcludingAssessedTax,DebtCurrent
KLAC,KLA Corporation,Information Technology,Semiconductor Materials & Equipment,0000319201,KLA CORP,True,,2025.0,2025-08-08,10496056000.0,809173000.0,1016325000.0,415113000.0,1016325000.0,1431438000.0,157328000.0,3669805000.0,341591000.0,3328214000.0,3328214000.0,5880199000.0,1977129000.0,3903070000.0,10031144000.0,4660774000.0,0.3170918676500964,2.325084285871969,0.5660036335504972,4.107896395093605,2.7266776486302584,6.4599117766703955,23.325822485507985,2.152248532110761,0.03254470059992058,0.23863485529935632,19,RevenueFromContractWithCustomerExcludingAssessedTax,LongTermDebt
KHC,Kraft Heinz,Consumer Staples,Packaged Foods & Meats,0001637459,Kraft Heinz Co,True,,2017.0,2018-02-16,18338000000.0,8926000000.0,4572000000.0,961000000.0,4572000000.0,5533000000.0,912000000.0,3976000000.0,1013000000.0,2963000000.0,2963000000.0,6000000.0,1334000000.0,-1328000000.0,7655000000.0,7253000000.0,0.16157705311375287,0.5355141876016628,493.8333333333333,0.0010844026748599313,-0.24001445870233146,5.0131578947368425,4.359649122807017,1.0554253412381083,0.05524048424037518,0.18308331827218507,19,SalesRevenueGoodsNet,short_term_debt + long_term_debt
KR,Kroger,Consumer Staples,Food Retail,0000056873,KROGER CO,True,,2025.0,2026-03-31,150039000000.0,,3096000000.0,3125000000.0,3096000000.0,6221000000.0,571000000.0,6788000000.0,3904000000.0,2884000000.0,2884000000.0,15909000000.0,3959000000.0,11950000000.0,15273000000.0,15940000000.0,0.01922166903271816,0.4635910625301399,0.18128103589163366,2.557305899373091,1.9209130364893103,5.422066549912435,11.887915936952714,0.9581555834378921,0.026019901492278674,0.627551840540106,18,RevenueFromContractWithCustomerExcludingAssessedTax,LongTermDebt
LHX,L3Harris,Industrials,Aerospace & Defense,0000202058,"L3HARRIS TECHNOLOGIES, INC. /DE/",True,,2025.0,2026-02-12,19419000000.0,380700000.0,1426000000.0,1166000000.0,1426000000.0,2592000000.0,170000000.0,2096000000.0,449000000.0,1647000000.0,1647000000.0,3712000000.0,615000000.0,3097000000.0,8218000000.0,7633000000.0,0.0848138421133941,0.6354166666666666,0.4436961206896552,1.4320987654320987,1.1948302469135803,8.388235294117647,12.329411764705883,1.0766409013494038,0.0231216849477316,0.1732253086419753,19,RevenueFromContractWithCustomerExcludingAssessedTax,LongTermDebt
LH,Labcorp,Health Care,Health Care Services,0000920148,LABCORP HOLDINGS INC.,True,,2025.0,2026-02-24,12161600000.0,3364900000.0,725600000.0,577300000.0,725600000.0,1302900000.0,199600000.0,1327700000.0,453600000.0,874100000.0,874100000.0,999800000.0,536800000.0,463000000.0,4806500000.0,3330200000.0,0.07187376660965662,0.6708880190344616,0.8742748549709942,0.7673651086038836,0.35536111750709953,3.635270541082164,6.651803607214429,1.4433067083058075,0.03729772398368636,0.3481464425512319,19,Revenues,DebtCurrent
LRCX,Lam Research,Information Technology,Semiconductor Materials & Equipment,0000707549,LAM RESEARCH CORP,True,,2025.0,2025-08-11,17428516000.0,7776925000.0,5174860000.0,342432000.0,5174860000.0,5517292000.0,208597000.0,5178938000.0,501568000.0,4677370000.0,4677370000.0,4967361000.0,5337056000.0,-369695000.0,12883220000.0,4338438000.0,0.26837454204362554,0.8477655342512233,0.9416207116817159,0.900325920759677,-0.06700660396440862,24.807931082422087,24.82748074037498,2.9695526362252957,0.028778583328609275,0.09090836591574272,19,RevenueFromContractWithCustomerExcludingAssessedTax,LongTermDebt
LVS,Las Vegas Sands,Consumer Discretionary,Casinos & Gaming,0001300514,LAS VEGAS SANDS CORP,True,,2025.0,2026-02-06,10372000000.0,,2313000000.0,1208000000.0,2313000000.0,3521000000.0,818000000.0,3227000000.0,1017000000.0,2210000000.0,2210000000.0,,3650000000.0,,4290000000.0,5801000000.0,0.2130736598534516,0.6276625958534507,,,,2.8276283618581908,3.944987775061125,0.7395276676435097,0.098052448900887,0.2888383981823346,15,Revenues,
LDOS,Leidos,Industrials,Diversified Support Services,0001336920,"Leidos Holdings, Inc.",True,,2025.0,2026-02-17,15339000000.0,,621000000.0,331000000.0,621000000.0,952000000.0,147000000.0,1187000000.0,207000000.0,980000000.0,980000000.0,618000000.0,641000000.0,-23000000.0,4334000000.0,3560000000.0,0.0638894321663733,1.0294117647058822,1.5857605177993528,0.6491596638655462,-0.02415966386554622,4.224489795918367,8.07482993197279,1.2174157303370787,0.013495012712693134,0.21743697478991597,18,RevenueFromContractWithCustomerExcludingAssessedTax,DebtCurrent
LEN,Lennar,Consumer Discretionary,Homebuilding,0000920760,LENNAR CORP /NEW/,True,,2025.0,2026-01-28,34233366000.0,726079000.0,2463191000.0,30349000.0,2463191000.0,2493540000.0,36551000.0,5179738000.0,99799000.0,5079939000.0,5079939000.0,4189239000.0,4909664000.0,-720425000.0,,,0.14839145528371356,2.037239827714815,1.2126161816024343,1.6800368151302967,-0.28891656039205305,67.39052283111269,141.71262072173127,,0.0029152552512656804,0.040023019482342374,16,Revenues,LongTermDebt
LII,Lennox International,Industrials,Building Products,0001069202,LENNOX INTERNATIONAL INC,True,,2025.0,2026-02-17,4981900000.0,1549200000.0,791500000.0,86000000.0,791500000.0,877500000.0,51700000.0,736200000.0,250200000.0,486000000.0,486000000.0,314500000.0,415100000.0,-100600000.0,1576200000.0,1313300000.0,0.09755314237539894,0.5538461538461539,1.5453100158982511,0.3584045584045584,-0.11464387464387464,15.309477756286267,14.239845261121857,1.2001827457549683,0.05022180292659427,0.28512820512820514,19,Revenues,short_term_debt + long_term_debt
LLY,Lilly (Eli),Health Care,Pharmaceuticals,0000059478,ELI LILLY & Co,True,,2025.0,2026-02-12,34124000000.0,,,1527000000.0,,,339800000.0,4240000000.0,,,,5117000000.0,3268000000.0,1849000000.0,32740000000.0,28376000000.0,,,,,,,12.477928193054739,1.1537919368480405,,,9,Revenues,DebtCurrent
LIN,Linde plc,Materials,Industrial Gases,0001707925,LINDE PLC,True,,2025.0,2026-02-25,32854000000.0,,8024000000.0,3816000000.0,8024000000.0,11840000000.0,38000000.0,9305000000.0,3787000000.0,5518000000.0,5518000000.0,17400000000.0,4850000000.0,12550000000.0,12945000000.0,14544000000.0,0.16795519571437267,0.4660472972972973,0.3171264367816092,1.4695945945945945,1.0599662162162162,211.1578947368421,244.8684210526316,0.8900577557755776,0.11526754733061423,0.31984797297297296,18,RevenueFromContractWithCustomerExcludingAssessedTax,LongTermDebt
LYV,Live Nation Entertainment,Communication Services,Movies & Entertainment,0001335258,"Live Nation Entertainment, Inc.",True,,2025.0,2026-02-19,22726317000.0,,1084933000.0,516797000.0,1084933000.0,1601730000.0,350244000.0,1362974000.0,438604000.0,924370000.0,924370000.0,1731864000.0,6095424000.0,-4363560000.0,9290137000.0,9358279000.0,0.04067399042264525,0.5771072527829284,0.5337428343103153,1.0812459028675245,-2.7242793729280215,3.0976490675072235,3.8914984981898333,0.992718532969577,0.019299387577846425,0.27383141977736575,18,Revenues,LongTermDebt
LMT,Lockheed Martin,Industrials,Aerospace & Defense,0000936468,LOCKHEED MARTIN CORP,True,,2025.0,2026-01-29,67571000000.0,8479000000.0,8507000000.0,1430000000.0,8507000000.0,9937000000.0,569000000.0,7920000000.0,1691000000.0,6229000000.0,6229000000.0,20270000000.0,2483000000.0,17787000000.0,21849000000.0,19420000000.0,0.09218451702653505,0.6268491496427493,0.30730143068574245,2.0398510616886383,1.7899768541813426,14.95079086115993,13.919156414762742,1.1250772399588054,0.02502552870314188,0.1701720841300191,19,Revenues,LongTermDebt
LOW,Lowe's,Consumer Discretionary,Home Improvement Retail,0000060667,LOWES COMPANIES INC,True,,2025.0,2026-03-23,86377000000.0,28844000000.0,11557000000.0,1923000000.0,11557000000.0,13480000000.0,280000000.0,8140000000.0,1964000000.0,6176000000.0,6176000000.0,39819000000.0,1761000000.0,38058000000.0,20358000000.0,18757000000.0,0.07150051518344004,0.458160237388724,0.1551018358070268,2.9539317507418397,2.823293768545994,41.275,29.071428571428573,1.0853548008743403,0.02273753429732452,0.1456973293768546,19,RevenueFromContractWithCustomerExcludingAssessedTax,LongTermDebt
LULU,Lululemon Athletica,Consumer Discretionary,"Apparel, Accessories & Luxury Goods",0001397187,lululemon athletica inc.,True,,2025.0,2026-03-17,9619278000.0,5609405000.0,2132676000.0,379384000.0,2132676000.0,2512060000.0,,2296164000.0,651865000.0,1644299000.0,1644299000.0,0.0,1154867000.0,-1154867000.0,3980302000.0,1839630000.0,0.1709378812006473,0.6545619929460283,inf,0.0,-0.4597290669808842,,,2.1636426890189875,0.06776652052264213,0.25949419997929984,17,RevenueFromContractWithCustomerExcludingAssessedTax,short_term_debt + long_term_debt
LITE,Lumentum,Information Technology,Communications Equipment,0001633978,Lumentum Holdings Inc.,True,,2025.0,2025-08-19,1767000000.0,569000000.0,-115700000.0,106600000.0,-115700000.0,-9100000.0,66700000.0,179800000.0,128500000.0,51300000.0,51300000.0,2410900000.0,436700000.0,1974200000.0,1590100000.0,269300000.0,0.02903225806451613,-5.637362637362638,0.021278360778132648,-264.9340659340659,-216.94505494505495,-1.734632683658171,2.6956521739130435,5.904567396955069,0.07272212790039616,-14.12087912087912,19,RevenueFromContractWithCustomerExcludingAssessedTax,LongTermDebt
LYB,LyondellBasell,Materials,Specialty Chemicals,0001489393,LyondellBasell Industries N.V.,True,,2025.0,2026-02-20,33336000000.0,1332000000.0,2725000000.0,1534000000.0,2725000000.0,4259000000.0,519000000.0,4942000000.0,1531000000.0,3411000000.0,3411000000.0,4300000000.0,3375000000.0,925000000.0,12266000000.0,6705000000.0,0.10232181425485962,0.8008922282225874,0.7932558139534883,1.0096266729279173,0.2171871331298427,5.250481695568401,9.522157996146435,1.8293810589112602,0.045926325893928484,0.35947405494247475,19,RevenueFromContractWithCustomerExcludingAssessedTax,LongTermDebt
MPC,Marathon Petroleum,Energy,Oil & Gas Refining & Marketing,0001510295,Marathon Petroleum Corp,True,,2025.0,2026-02-26,148379000000.0,,14514000000.0,3307000000.0,14514000000.0,17821000000.0,525000000.0,14117000000.0,1890000000.0,12227000000.0,12227000000.0,3049000000.0,3210000000.0,-161000000.0,24447000000.0,20827000000.0,0.08240384420976014,0.6861006677515291,4.0101672679567075,0.1710902867403625,-0.00903428539363672,27.645714285714284,26.88952380952381,1.1738128391030873,0.012737651554465254,0.10605465462095282,18,RevenueFromContractWithCustomerExcludingAssessedTax,DebtCurrent
MAR,Marriott International,Consumer Discretionary,"Hotels, Resorts & Cruise Lines",0001048286,MARRIOTT INTERNATIONAL INC /MD/,True,,2025.0,2026-02-10,23713000000.0,,3864000000.0,122000000.0,3864000000.0,3986000000.0,420000000.0,3170000000.0,452000000.0,2718000000.0,2718000000.0,55000000.0,396000000.0,-341000000.0,3485000000.0,8649000000.0,0.11462067220511955,0.6818866031108881,49.41818181818182,0.013798294029101857,-0.08554942298043151,9.2,7.5476190476190474,0.40293675569429993,0.019061274406443722,0.11339688911189162,18,Revenues,LongTermDebt
MLM,Martin Marietta Materials,Materials,Construction Materials,0000916076,MARTIN MARIETTA MATERIALS INC,True,,2025.0,2026-02-19,5851000000.0,1745000000.0,1333000000.0,513000000.0,1333000000.0,1846000000.0,165000000.0,1528000000.0,650000000.0,878000000.0,878000000.0,5413000000.0,1272000000.0,4141000000.0,2449000000.0,1002000000.0,0.1500598188343873,0.47562296858071507,0.16220210604101237,2.9322860238353194,2.243228602383532,8.078787878787878,9.26060606060606,2.4441117764471056,0.11109212100495641,0.352112676056338,19,RevenueFromContractWithCustomerExcludingAssessedTax,LongTermDebt
MAS,Masco,Industrials,Building Products,0000062996,MASCO CORP /DE/,True,,2025.0,2026-02-10,7967000000.0,2836000000.0,1348000000.0,149000000.0,1348000000.0,1497000000.0,278000000.0,1413000000.0,243000000.0,1170000000.0,1170000000.0,2948000000.0,634000000.0,2314000000.0,2730000000.0,1560000000.0,0.14685578009288314,0.781563126252505,0.3968792401628223,1.9692718770875084,1.545758183032732,4.848920863309353,5.08273381294964,1.75,0.03050081586544496,0.1623246492985972,19,RevenueFromContractWithCustomerExcludingAssessedTax,LongTermDebt
MKC,McCormick & Company,Consumer Staples,Packaged Foods & Meats,0000063754,MCCORMICK & CO INC,True,,2025.0,2026-01-22,6662200000.0,2502500000.0,963000000.0,199300000.0,963000000.0,1162300000.0,208200000.0,1237300000.0,263900000.0,973400000.0,973400000.0,3858800000.0,186100000.0,3672700000.0,2139000000.0,2882800000.0,0.14610789228783286,0.8374774154693281,0.2522545869182129,3.319969026929364,3.1598554590036994,4.6253602305475505,5.942843419788665,0.7419869571250174,0.03961153973162018,0.22704981502193927,19,Revenues,LongTermDebt
MCD,McDonald's,Consumer Discretionary,Restaurants,0000063908,MCDONALDS CORP,True,,2025.0,2026-02-24,25494000000.0,,11647000000.0,382000000.0,11647000000.0,12029000000.0,1361000000.0,9612000000.0,2357000000.0,7255000000.0,7255000000.0,38424000000.0,1085000000.0,37339000000.0,4599000000.0,3861000000.0,0.2845767631599592,0.6031257793665309,0.1888142827399542,3.194280488818688,3.1040818023110814,8.557678177810434,7.062454077883909,1.191142191142191,0.09245312622577861,0.19594313741790673,18,Revenues,LongTermDebt
MCK,McKesson Corporation,Health Care,Health Care Distributors,0000927653,MCKESSON CORP,True,,2025.0,2025-05-09,276711000000.0,12358000000.0,4381000000.0,272000000.0,4381000000.0,4653000000.0,178000000.0,5159000000.0,390000000.0,4769000000.0,4769000000.0,5629000000.0,4678000000.0,951000000.0,47970000000.0,52357000000.0,0.017234587710643956,1.024930152589727,0.847219754841002,1.2097571459273586,0.20438426821405545,24.6123595505618,28.98314606741573,0.9162098668754894,0.0014094127085659768,0.08381689232753063,19,RevenueFromContractWithCustomerExcludingAssessedTax,LongTermDebt
MDT,Medtronic,Health Care,Health Care Equipment,0001613103,Medtronic plc,True,,2025.0,2025-06-20,31227000000.0,5180000000.0,5485000000.0,2697000000.0,5485000000.0,8182000000.0,553000000.0,6039000000.0,1459000000.0,4580000000.0,4580000000.0,1092000000.0,1284000000.0,-192000000.0,21935000000.0,10789000000.0,0.14666794760944055,0.5597653385480322,4.194139194139194,0.13346370080664874,-0.023466145196773404,9.91862567811935,10.920433996383364,2.0330892575771617,0.046722387677330515,0.17831825959423123,19,RevenueFromContractWithCustomerExcludingAssessedTax,DebtCurrent
MRK,Merck & Co.,Health Care,Pharmaceuticals,0000310158,"Merck & Co., Inc.",True,,2025.0,2026-02-24,60115000000.0,,,1828000000.0,,,806000000.0,13006000000.0,3863000000.0,9143000000.0,9143000000.0,2649000000.0,13242000000.0,-10593000000.0,38782000000.0,28420000000.0,0.15209182400399235,,3.4514911287278216,,,,16.136476426799007,1.3646023926812103,0.06426016801131165,,13,Revenues,DebtCurrent
META,Meta Platforms,Communication Services,Interactive Media & Services,0001326801,"Meta Platforms, Inc.",True,,2025.0,2026-01-29,134902000000.0,,46751000000.0,11178000000.0,46751000000.0,57929000000.0,23000000.0,71113000000.0,27045000000.0,44068000000.0,44068000000.0,28826000000.0,41862000000.0,-13036000000.0,100045000000.0,33596000000.0,0.3266667655038472,0.7607243349617635,1.5287587594532714,0.4976091422258282,-0.22503409345923459,2032.6521739130435,3091.8695652173915,2.9778842719371355,0.2004788661398645,0.46686461012618896,18,RevenueFromContractWithCustomerExcludingAssessedTax,LongTermDebt
MTD,Mettler Toledo,Health Care,Life Sciences Tools & Services,0001037646,METTLER TOLEDO INTERNATIONAL INC/,True,,2025.0,2026-02-06,3788309000.0,2241286000.0,,48951000.0,,,77366000.0,965874000.0,105323000.0,860551000.0,860551000.0,182623000.0,95966000.0,86657000.0,1193906000.0,1168193000.0,0.22715966411398858,,4.7121720703306815,,,,12.484476384975313,1.0220109177165075,0.027802114347060917,,14,RevenueFromContractWithCustomerExcludingAssessedTax,DebtCurrent
MGM,MGM Resorts,Consumer Discretionary,Casinos & Gaming,0000789570,MGM Resorts International,True,,2025.0,2026-02-11,16164249000.0,,1891497000.0,814128000.0,1891497000.0,2705625000.0,799593000.0,2690777000.0,931813000.0,1758964000.0,1758964000.0,6362098000.0,2415532000.0,3946566000.0,4363599000.0,3351683000.0,0.10881817027193778,0.6501137445137445,0.2764754645401564,2.351433772233772,1.4586522522522523,2.365574736147015,3.3651832869972598,1.3019128002260356,0.0576465383575816,0.3443984291984292,18,RevenueFromContractWithCustomerExcludingAssessedTax,LongTermDebt
MCHP,Microchip Technology,Information Technology,Semiconductors,0000827054,MICROCHIP TECHNOLOGY INC,True,,2025.0,2025-05-23,8438700000.0,5697900000.0,3116000000.0,998400000.0,3116000000.0,4114400000.0,257000000.0,3621000000.0,486200000.0,3134800000.0,3134800000.0,5999800000.0,319700000.0,5680100000.0,3013000000.0,2519400000.0,0.37147901928022087,0.7619093914057943,0.52248408280276,1.45824421543846,1.3805415127357574,12.124513618677042,14.089494163424124,1.1959196634119236,0.057615509497908446,0.11817032860198327,19,RevenueFromContractWithCustomerExcludingAssessedTax,LongTermDebt
MU,Micron Technology,Information Technology,Semiconductors,0000723125,MICRON TECHNOLOGY INC,True,,2025.0,2025-10-03,15540000000.0,-1416000000.0,-5745000000.0,7756000000.0,-5745000000.0,2011000000.0,183000000.0,1559000000.0,7676000000.0,-6117000000.0,-6117000000.0,431000000.0,7041000000.0,-6610000000.0,24372000000.0,9248000000.0,-0.39362934362934365,-3.041770263550472,-14.192575406032482,0.2143212332173048,-3.286921929388364,-31.39344262295082,8.519125683060109,2.63538062283737,0.49395109395109393,3.8170064644455497,19,RevenueFromContractWithCustomerExcludingAssessedTax,DebtCurrent
MSFT,Microsoft,Information Technology,Systems Software,0000789019,MICROSOFT CORP,True,,2025.0,2025-07-30,211915000000.0,146052000000.0,88523000000.0,11000000000.0,88523000000.0,99523000000.0,2063000000.0,87582000000.0,28107000000.0,59475000000.0,59475000000.0,44937000000.0,18315000000.0,26622000000.0,159734000000.0,125286000000.0,0.2806549795908737,0.5976005546456598,1.3235195940984044,0.45152376837514946,0.26749595570873064,42.909840038778476,42.45370819195347,1.2749549031815206,0.13263336715192411,0.2824171297087105,19,RevenueFromContractWithCustomerExcludingAssessedTax,LongTermDebt
MAA,Mid-America Apartment Communities,Real Estate,Multi-Family Residential REITs,0000912595,MID AMERICA APARTMENT COMMUNITIES INC.,True,,2025.0,2026-02-06,2148468000.0,,85265000.0,565857000.0,85265000.0,651122000.0,149234000.0,1137187000.0,,,,,41314000.0,,,,,,,,,0.5713510326065105,7.620160285189702,,,,7,Revenues,
MRNA,Moderna,Health Care,Biotechnology,0001682852,"Moderna, Inc.",True,,2025.0,2026-02-20,6848000000.0,,-4239000000.0,617000000.0,-4239000000.0,-3622000000.0,,-3118000000.0,707000000.0,-3825000000.0,-3825000000.0,0.0,2907000000.0,-2907000000.0,8099000000.0,2206000000.0,-0.5585572429906542,1.0560463832136942,inf,-0.0,0.8025952512424075,,,3.671350861287398,0.10324182242990654,-0.19519602429596908,16,RevenueFromContractWithCustomerExcludingAssessedTax,short_term_debt + long_term_debt
TAP,Molson Coors Beverage Company,Consumer Staples,Brewers,0000024545,MOLSON COORS BEVERAGE CO,True,,2025.0,2026-02-18,13884600000.0,4368800000.0,1438200000.0,682800000.0,1438200000.0,2121000000.0,260300000.0,2079000000.0,671500000.0,1407500000.0,1407500000.0,32200000.0,969300000.0,-937100000.0,2848400000.0,3045200000.0,0.10137130345850799,0.6636020744931636,43.7111801242236,0.015181518151815182,-0.4418198962753418,5.52516327314637,7.9869381482904345,0.9353737028766583,0.04836293447416562,0.3165959453088166,19,RevenueFromContractWithCustomerExcludingAssessedTax,DebtCurrent
MDLZ,Mondelez International,Consumer Staples,Packaged Foods & Meats,0001103982,"Mondelez International, Inc.",True,,2025.0,2026-02-04,36016000000.0,13764000000.0,5502000000.0,1215000000.0,5502000000.0,6717000000.0,1770000000.0,4714000000.0,1112000000.0,3602000000.0,3602000000.0,15875000000.0,1948000000.0,13927000000.0,13242000000.0,19549000000.0,0.10001110617503332,0.5362513026648802,0.22689763779527558,2.363406282566622,2.073395861247581,3.1084745762711865,2.663276836158192,0.6773748017801422,0.0308751665926255,0.1655500967693911,19,Revenues,LongTermDebt
MPWR,Monolithic Power Systems,Information Technology,Semiconductors,0001280452,MONOLITHIC POWER SYSTEMS INC,True,,2025.0,2026-02-27,1821072000.0,1021119000.0,481736000.0,40168000.0,481736000.0,521904000.0,,638213000.0,57578000.0,580635000.0,580635000.0,,527843000.0,,1565053000.0,294567000.0,0.31884241809220065,1.1125321898280143,,,,,,5.313062902497564,0.031617640598504616,0.11032297127441063,14,RevenueFromContractWithCustomerExcludingAssessedTax,
MNST,Monster Beverage,Consumer Staples,Soft Drinks & Non-alcoholic Beverages,0000865752,Monster Beverage Corp,True,,2025.0,2026-02-27,7140027000.0,3794206000.0,1953355000.0,68898000.0,1953355000.0,2022253000.0,,1717753000.0,221428000.0,1496325000.0,1496325000.0,373951000.0,1533287000.0,-1159336000.0,3641504000.0,1097519000.0,0.2095685352450348,0.7399296724989405,4.00139323066391,0.18491800976435688,-0.5732892966409248,,,3.3179416483905975,0.031012207656917826,0.10949569613693243,17,RevenueFromContractWithCustomerExcludingAssessedTax,LongTermDebt
MOS,Mosaic Company (The),Materials,Fertilizers & Agricultural Chemicals,0001285785,MOSAIC CO,True,,2025.0,2026-02-27,13696100000.0,2210600000.0,1338100000.0,960600000.0,1338100000.0,2298700000.0,189000000.0,2407200000.0,1402400000.0,1004800000.0,1004800000.0,3819000000.0,348800000.0,3470200000.0,4498300000.0,4171300000.0,0.0733639503216244,0.43711663113933963,0.2631055250065462,1.661373819985209,1.5096358811502153,7.07989417989418,12.736507936507936,1.07839282717618,0.10239411219252195,0.6100839604994127,19,RevenueFromContractWithCustomerExcludingAssessedTax,LongTermDebt
MSI,Motorola Solutions,Information Technology,Communications Equipment,0000068505,"Motorola Solutions, Inc.",True,,2025.0,2026-02-12,9978000000.0,4970000000.0,2294000000.0,356000000.0,2294000000.0,2650000000.0,249000000.0,2044000000.0,253000000.0,1791000000.0,1791000000.0,1313000000.0,2102000000.0,-789000000.0,6479000000.0,5055000000.0,0.17949488875526157,0.6758490566037736,1.364051789794364,0.49547169811320757,-0.2977358490566038,9.21285140562249,8.208835341365463,1.2817012858555885,0.025355782721988376,0.09547169811320755,19,RevenueFromContractWithCustomerExcludingAssessedTax,DebtCurrent
NTAP,NetApp,Information Technology,"Technology Hardware, Storage & Peripherals",0001002047,"NetApp, Inc.",True,,2025.0,2025-06-09,6362000000.0,4209000000.0,1018000000.0,181000000.0,1018000000.0,1199000000.0,73000000.0,1107000000.0,239000000.0,868000000.0,868000000.0,2392000000.0,1903000000.0,489000000.0,4897000000.0,4106000000.0,0.1364350833071361,0.7239366138448707,0.362876254180602,1.994995829858215,0.4078398665554629,13.945205479452055,15.164383561643836,1.1926449098879688,0.03756680289217227,0.1993327773144287,19,RevenueFromContractWithCustomerExcludingAssessedTax,LongTermDebt
NFLX,Netflix,Communication Services,Movies & Entertainment,0001065280,NETFLIX INC,True,,2025.0,2026-01-23,33723297000.0,1650378000.0,6954003000.0,356947000.0,6954003000.0,7310950000.0,765620000.0,7274301000.0,348552000.0,6925749000.0,6925749000.0,20723441000.0,7804733000.0,12918708000.0,13100379000.0,10755400000.0,0.20536986641608618,0.9473117720679255,0.33419879449556666,2.8345756707404646,1.7670354741859813,9.082838745069356,9.5011898853217,1.2180280603231866,0.010335644228380162,0.04767533631060259,19,Revenues,LongTermDebt
NEM,Newmont,Materials,Gold,0001164727,NEWMONT Corp /DE/,True,,2025.0,2026-02-19,11812000000.0,459000000.0,,2108000000.0,,,279000000.0,2763000000.0,2666000000.0,97000000.0,97000000.0,5115000000.0,3002000000.0,2113000000.0,12275000000.0,7543000000.0,0.008211987809007788,,0.018963831867057673,,,,9.903225806451612,1.6273366034734191,0.22570267524551305,,14,RevenueFromContractWithCustomerExcludingAssessedTax,LongTermDebt
NWSA,News Corp (Class A),Communication Services,Publishing,0001564708,NEWS CORP,True,,2025.0,2025-08-06,8012000000.0,,,415000000.0,,,,777000000.0,347000000.0,430000000.0,430000000.0,2102000000.0,1761000000.0,341000000.0,4372000000.0,3055000000.0,0.053669495756365454,,0.20456707897240722,,,,,1.4310965630114567,0.04331003494757863,,12,RevenueFromContractWithCustomerExcludingAssessedTax,LongTermDebt
NWS,News Corp (Class B),Communication Services,Publishing,0001564708,NEWS CORP,True,,2025.0,2025-08-06,8012000000.0,,,415000000.0,,,,777000000.0,347000000.0,430000000.0,430000000.0,2102000000.0,1761000000.0,341000000.0,4372000000.0,3055000000.0,0.053669495756365454,,0.20456707897240722,,,,,1.4310965630114567,0.04331003494757863,,12,RevenueFromContractWithCustomerExcludingAssessedTax,LongTermDebt
NEE,NextEra Energy,Utilities,Multi-Utilities,0000753308,NEXTERA ENERGY INC,True,,2012.0,2013-02-28,15317000000.0,,10237000000.0,5879000000.0,10237000000.0,16116000000.0,,11301000000.0,,,,10930000000.0,1487000000.0,9443000000.0,11951000000.0,25355000000.0,,,,0.6782079920575825,0.5859394390667659,,,0.4713468743837507,,,10,Revenues,DebtCurrent
NKE,"Nike, Inc.",Consumer Discretionary,"Apparel, Accessories & Luxury Goods",0000320187,"NIKE, Inc.",True,,2025.0,2025-07-17,51217000000.0,22292000000.0,,703000000.0,,,,5841000000.0,969000000.0,4872000000.0,4872000000.0,8903000000.0,9860000000.0,-957000000.0,25382000000.0,10593000000.0,0.09512466563836226,,0.5472312703583062,,,,,2.3961106391012934,0.018919499384969833,,13,RevenueFromContractWithCustomerExcludingAssessedTax,LongTermDebt
NI,NiSource,Utilities,Multi-Utilities,0001111711,NISOURCE INC.,True,,2025.0,2026-02-11,5347800000.0,1869800000.0,1295500000.0,908200000.0,1295500000.0,2203700000.0,341100000.0,1935100000.0,2645800000.0,-710700000.0,-710700000.0,6427700000.0,2245400000.0,4182300000.0,2080200000.0,4113400000.0,-0.13289577022326937,-0.32250306303035803,-0.11056832148357888,2.916776330716522,1.8978536098379997,3.7980064497214894,5.673116388155966,0.5057130354451306,0.49474550282359103,1.2006171438943596,19,RevenueFromContractWithCustomerExcludingAssessedTax,LongTermDebt
NDSN,Nordson Corporation,Industrials,Industrial Machinery & Supplies & Components,0000072331,NORDSON CORP,True,,2025.0,2025-12-17,2628632000.0,268976000.0,672761000.0,59719000.0,672761000.0,732480000.0,25491000.0,641282000.0,34583000.0,606699000.0,606699000.0,2186840000.0,115952000.0,2070888000.0,1275032000.0,528477000.0,0.23080408364502905,0.8282806356487549,0.2774318194289477,2.985528615115771,2.827228047182176,26.392099172256874,25.157192734690675,2.412653720029443,0.01315627292066748,0.04721357579729139,19,RevenueFromContractWithCustomerExcludingAssessedTax,LongTermDebt
NSC,Norfolk Southern,Industrials,Rail Transportation,0000702165,NORFOLK SOUTHERN CORP,True,,2025.0,2026-02-09,12156000000.0,,2851000000.0,1298000000.0,2851000000.0,4149000000.0,692000000.0,3179000000.0,2327000000.0,852000000.0,852000000.0,555000000.0,1641000000.0,-1086000000.0,3188000000.0,3545000000.0,0.0700888450148075,0.20535068691250905,1.5351351351351352,0.13376717281272596,-0.26174981923355023,4.119942196531792,4.59393063583815,0.8992947813822285,0.191428101349128,0.5608580380814654,18,RevenueFromContractWithCustomerExcludingAssessedTax,DebtCurrent
NOC,Northrop Grumman,Industrials,Aerospace & Defense,0001133421,NORTHROP GRUMMAN CORP /DE/,True,,2025.0,2026-01-27,39290000000.0,,2537000000.0,1338000000.0,2537000000.0,3875000000.0,545000000.0,3875000000.0,1775000000.0,2100000000.0,2100000000.0,15696000000.0,4353000000.0,11343000000.0,14274000000.0,14128000000.0,0.053448714685670654,0.5419354838709678,0.13379204892966362,4.050580645161291,2.927225806451613,4.655045871559633,7.110091743119266,1.0103340883352208,0.04517688979384067,0.45806451612903226,18,Revenues,LongTermDebt
NCLH,Norwegian Cruise Line Holdings,Consumer Discretionary,"Hotels, Resorts & Cruise Lines",0001513761,Norwegian Cruise Line Holdings Ltd.,True,,2017.0,2018-02-27,4345048000.0,,930911000.0,883236000.0,930911000.0,1814147000.0,2100000000.0,2005714000.0,2750362000.0,-744648000.0,-744648000.0,1552480000.0,190765000.0,1361715000.0,1010104000.0,5780865000.0,-0.1713785440344963,-0.4104672884832376,-0.4796506235184994,0.8557630666092659,0.7506089638821992,0.4432909523809524,0.9551019047619047,0.17473232812044565,0.6329877138296286,1.5160634722544535,18,Revenues,LongTermDebt
NRG,NRG Energy,Utilities,Independent Power Producers & Energy Traders,0001013871,"NRG ENERGY, INC.",True,,2025.0,2026-02-24,28256000000.0,,384000000.0,1295000000.0,384000000.0,1679000000.0,485000000.0,-221000000.0,598000000.0,-819000000.0,-819000000.0,10940000000.0,541000000.0,10399000000.0,8964000000.0,8813000000.0,-0.028984994337485845,-0.48779035139964266,-0.07486288848263255,6.515783204288267,6.193567599761763,0.7917525773195876,-0.4556701030927835,1.017133779643708,0.021163646659116648,0.3561643835616438,18,RevenueFromContractWithCustomerExcludingAssessedTax,LongTermDebt
NUE,Nucor,Materials,Steel,0000073309,NUCOR CORP,True,,2025.0,2026-02-25,34714000000.0,1998000000.0,,931000000.0,,,246000000.0,7112000000.0,2214000000.0,4898000000.0,4898000000.0,4360600000.0,3558000000.0,802600000.0,12475000000.0,4977000000.0,0.1410958114881604,,1.1232399211117736,,,,28.910569105691057,2.5065300381756077,0.06377830270207985,,14,RevenueFromContractWithCustomerExcludingAssessedTax,LongTermDebt
NVDA,Nvidia,Information Technology,Semiconductors,0001045810,NVIDIA CORP,True,,2026.0,2026-02-25,60922000000.0,44301000000.0,32972000000.0,1508000000.0,32972000000.0,34480000000.0,236000000.0,28090000000.0,1069000000.0,27021000000.0,27021000000.0,0.0,8589000000.0,-8589000000.0,80126000000.0,18047000000.0,0.4435343554052723,0.7836716937354988,inf,0.0,-0.24910092807424594,139.71186440677965,119.02542372881356,4.439851498864077,0.017547027346442992,0.031003480278422275,19,Revenues,DebtCurrent
NVR,"NVR, Inc.",Consumer Discretionary,Homebuilding,0000906163,NVR INC,True,,2025.0,2026-02-11,9518202000.0,,,16916000.0,,,39524000.0,1497993000.0,24877000.0,1473116000.0,1473116000.0,600115000.0,2574518000.0,-1974403000.0,,,0.15476830603090794,,2.4547228447880824,,,,37.90084505616841,,0.0026136238756017155,,10,Revenues,LongTermDebt
NXPI,NXP Semiconductors,Information Technology,Semiconductors,0001413447,NXP Semiconductors N.V.,True,,2025.0,2026-02-19,13276000000.0,7553000000.0,3661000000.0,1106000000.0,3661000000.0,4767000000.0,438000000.0,3513000000.0,827000000.0,2686000000.0,2686000000.0,500000000.0,3292000000.0,-2792000000.0,7305000000.0,3098000000.0,0.20231997589635434,0.5634571009020348,5.372,0.10488777008600797,-0.5856933081602685,8.358447488584474,8.020547945205479,2.357972885732731,0.06229285929496836,0.1734843717222572,19,RevenueFromContractWithCustomerExcludingAssessedTax,DebtCurrent
ORLY,O’Reilly Automotive,Consumer Discretionary,Automotive Retail,0000898173,O REILLY AUTOMOTIVE INC,True,,2025.0,2026-02-27,15812250000.0,8104803000.0,3186376000.0,409061000.0,3186376000.0,3595437000.0,,3034084000.0,1006264000.0,2027820000.0,2027820000.0,1900000000.0,130245000.0,1769755000.0,5839895000.0,8283505000.0,0.1282436085946023,0.5639982010531682,1.0672736842105264,0.5284475850918817,0.49222250313383326,,,0.7050028943062145,0.06363825515027906,0.2798725161920512,17,RevenueFromContractWithCustomerExcludingAssessedTax,LongTermDebt
OXY,Occidental Petroleum,Energy,Oil & Gas Exploration & Production,0000797468,OCCIDENTAL PETROLEUM CORP /DE/,True,,2025.0,2026-02-18,23230000000.0,,,6449000000.0,,,957000000.0,12308000000.0,5696000000.0,6612000000.0,6612000000.0,25324000000.0,2125000000.0,23199000000.0,9070000000.0,9521000000.0,0.2846319414550151,,0.26109619333438633,,,,12.861024033437827,0.952631026152715,0.24520017219113216,,13,RevenueFromContractWithCustomerExcludingAssessedTax,LongTermDebt
ODFL,Old Dominion,Industrials,Cargo Ground Transportation,0000878927,"OLD DOMINION FREIGHT LINE, INC.",True,,2017.0,2018-02-27,2972442000.0,,1640673000.0,324435000.0,1640673000.0,1965108000.0,464000.0,1569135000.0,757309000.0,811826000.0,811826000.0,45000000.0,108676000.0,-63676000.0,720683000.0,540529000.0,0.2731175242443755,0.41312029669616124,18.040577777777777,0.022899504760043723,-0.03240330811334542,3535.9331896551726,3381.7564655172414,1.333292015784537,0.2547767122117101,0.38537780111831005,18,SalesRevenueServicesNet,LongTermDebt
OMC,Omnicom Group,Communication Services,Advertising,0000029989,OMNICOM GROUP INC.,True,,2025.0,2026-02-20,14692200000.0,,2104700000.0,211100000.0,2104700000.0,2315800000.0,218500000.0,1421900000.0,78400000.0,1343500000.0,1343500000.0,9272900000.0,4281800000.0,4991100000.0,16223000000.0,16300300000.0,0.09144307864036699,0.5801450902495898,0.14488455607199474,4.004188617324466,2.1552379307366785,9.632494279176202,6.5075514874141875,0.995257755992221,0.005336164767699868,0.033854391570947405,18,Revenues,LongTermDebt
ON,ON Semiconductor,Information Technology,Semiconductors,0001097864,ON SEMICONDUCTOR CORP,True,,2025.0,2026-02-09,8253000000.0,3883500000.0,2538700000.0,609500000.0,2538700000.0,3148200000.0,130400000.0,1977500000.0,1539100000.0,438400000.0,438400000.0,3345900000.0,2483000000.0,862900000.0,6752000000.0,1334800000.0,0.053120077547558466,0.13925417699002604,0.13102603185988823,1.0627977892128835,0.2740931325836986,19.46855828220859,15.164877300613497,5.058435720707222,0.1864897612989216,0.4888825360523474,19,RevenueFromContractWithCustomerExcludingAssessedTax,LongTermDebt
OKE,Oneok,Energy,Oil & Gas Storage & Transportation,0001039684,ONEOK INC /NEW/,True,,2025.0,2026-02-24,17677000000.0,1643802000.0,4072000000.0,769000000.0,4072000000.0,4841000000.0,733000000.0,4421000000.0,1595000000.0,2826000000.0,2826000000.0,21700000000.0,733000000.0,20967000000.0,4238000000.0,4719000000.0,0.1598687560106353,0.5837636851890106,0.1302304147465438,4.4825449287337324,4.331129931832266,5.55525238744884,6.031377899045021,0.8980716253443526,0.09023024268823895,0.3294773807064656,19,RevenueFromContractWithCustomerExcludingAssessedTax,LongTermDebt
ORCL,Oracle Corporation,Information Technology,Application Software,0001341439,ORACLE CORP,True,,2025.0,2025-06-18,49954000000.0,22410000000.0,13093000000.0,2526000000.0,13093000000.0,15619000000.0,3505000000.0,17165000000.0,8695000000.0,8470000000.0,8470000000.0,10605000000.0,10454000000.0,151000000.0,22554000000.0,31544000000.0,0.16955599151219122,0.5422882386836545,0.7986798679867987,0.6789807285997823,0.0096677124015622,3.735520684736091,4.897289586305278,0.7150012680699974,0.17406013532449854,0.5566937704078366,19,RevenueFromContractWithCustomerExcludingAssessedTax,DebtCurrent
OTIS,Otis Worldwide,Industrials,Industrial Machinery & Supplies & Components,0001781335,Otis Worldwide Corp,True,,2025.0,2026-02-05,14209000000.0,901000000.0,2186000000.0,126000000.0,2186000000.0,2312000000.0,,1627000000.0,138000000.0,1489000000.0,1489000000.0,1351000000.0,1274000000.0,77000000.0,7670000000.0,7749000000.0,0.10479273699767754,0.6440311418685121,1.1021465581051073,0.5843425605536332,0.03330449826989619,,,0.9898051361465996,0.009712154268421423,0.05968858131487889,17,RevenueFromContractWithCustomerExcludingAssessedTax,DebtCurrent
PCAR,Paccar,Industrials,Construction Machinery & Heavy Transportation Equipment,0000075362,PACCAR INC,True,,2025.0,2026-02-18,35127400000.0,,,415000000.0,,,,4190000000.0,695000000.0,3495000000.0,3495000000.0,,2016400000.0,,,,0.09949498112584478,,,,,,,,0.019785125002135084,,7,Revenues,
PKG,Packaging Corporation of America,Materials,Paper & Plastic Packaging Products & Materials,0000075677,PACKAGING CORP OF AMERICA,True,,2025.0,2026-02-26,7802400000.0,1698900000.0,1075100000.0,517700000.0,1075100000.0,1592800000.0,,1315100000.0,469700000.0,845400000.0,845400000.0,2492200000.0,685000000.0,1807200000.0,3233000000.0,1001600000.0,0.10835127653029837,0.5307634354595681,0.3392183612872161,1.564665996986439,1.1346057257659468,,,3.227835463258786,0.06019942581769712,0.2948895027624309,17,RevenueFromContractWithCustomerExcludingAssessedTax,LongTermDebt
PLTR,Palantir Technologies,Information Technology,Application Software,0001321655,Palantir Technologies Inc.,True,,2025.0,2026-02-17,2225012000.0,1793907000.0,119966000.0,33354000.0,119966000.0,153320000.0,3640000.0,712183000.0,15114000.0,697069000.0,697069000.0,197977000.0,831047000.0,-633070000.0,5934289000.0,996018000.0,0.3132877485604572,4.5464975215236105,3.5209595053970917,1.291266631881033,-4.12907644142969,32.957692307692305,195.65467032967032,5.958013810995384,0.006792772353587307,0.09857813722932429,19,RevenueFromContractWithCustomerExcludingAssessedTax,short_term_debt + long_term_debt
PANW,Palo Alto Networks,Information Technology,Systems Software,0001327567,Palo Alto Networks Inc,True,,2025.0,2025-08-29,6892700000.0,4983000000.0,387300000.0,282200000.0,387300000.0,669500000.0,27400000.0,2777500000.0,146300000.0,2631200000.0,2631200000.0,3676800000.0,1135300000.0,2541500000.0,6849700000.0,7682700000.0,0.3817372002263264,3.9300970873786407,0.7156222802436901,5.491859596713966,3.796116504854369,14.135036496350365,101.36861313868613,0.8915745766462312,0.02122535436041029,0.21852128454070202,19,RevenueFromContractWithCustomerExcludingAssessedTax,LongTermDebt
PSKY,Paramount Skydance Corporation,Communication Services,Movies & Entertainment,0002041610,Paramount Skydance Corp,True,,2025.0,2026-02-25,29652000000.0,,-451000000.0,418000000.0,-451000000.0,-33000000.0,,475000000.0,328000000.0,147000000.0,147000000.0,,2661000000.0,,12542000000.0,9631000000.0,0.004957507082152974,-4.454545454545454,,,,,,1.3022531408991798,0.01106164845541616,-9.93939393939394,13,RevenueFromContractWithCustomerExcludingAssessedTax,
PH,Parker Hannifin,Industrials,Industrial Machinery & Supplies & Components,0000076334,Parker-Hannifin Corp,True,,2025.0,2025-08-22,19065000000.0,3056499000.0,3404000000.0,317000000.0,3404000000.0,3721000000.0,250036000.0,2980000000.0,381000000.0,2599000000.0,2599000000.0,1255000000.0,422000000.0,833000000.0,6799000000.0,7313000000.0,0.13632310516653554,0.6984681537221177,2.0709163346613546,0.3372749260951357,0.22386455253963988,13.614039578300725,11.918283767137533,0.9297142075755503,0.01998426435877262,0.10239183015318462,19,RevenueFromContractWithCustomerExcludingAssessedTax,DebtCurrent
PAYX,Paychex,Industrials,Human Resource & Employment Services,0000723531,PAYCHEX INC,True,,2025.0,2025-07-11,4907300000.0,,2033100000.0,176600000.0,2033100000.0,2209700000.0,36600000.0,1706200000.0,143000000.0,1563200000.0,1563200000.0,798600000.0,1222000000.0,-423400000.0,7251500000.0,5309100000.0,0.31854583987121227,0.707426347467982,1.9574254946155774,0.3614065257727293,-0.191609720776576,55.549180327868854,46.61748633879781,1.3658623872219398,0.02914026042834145,0.0647146671493868,18,RevenueFromContractWithCustomerExcludingAssessedTax,LongTermDebt
PNR,Pentair,Industrials,Industrial Machinery & Supplies & Components,0000077360,PENTAIR plc,True,,2025.0,2026-02-24,4104500000.0,1519200000.0,739200000.0,59500000.0,739200000.0,798700000.0,87300000.0,619200000.0,76000000.0,543200000.0,543200000.0,1638700000.0,108900000.0,1529800000.0,1436100000.0,895100000.0,0.1323425508588135,0.6801051709027169,0.3314822725331055,2.05170902716915,1.9153624640040066,8.467353951890034,7.092783505154639,1.604401742822031,0.018516262638567427,0.09515462626768499,19,RevenueFromContractWithCustomerExcludingAssessedTax,LongTermDebt
PEP,PepsiCo,Consumer Staples,Soft Drinks & Non-alcoholic Beverages,0000077476,PEPSICO INC,True,,2025.0,2026-02-03,91471000000.0,49590000000.0,11986000000.0,2948000000.0,11986000000.0,14934000000.0,819000000.0,13442000000.0,5518000000.0,7924000000.0,7924000000.0,7082000000.0,8505000000.0,-1423000000.0,25826000000.0,31536000000.0,0.086628548939008,0.5306013124414088,1.1188929680881108,0.4742199008972814,-0.09528592473550287,14.634920634920634,16.41269841269841,0.8189370877727042,0.060325130369188046,0.3694924333735101,19,Revenues,DebtCurrent
PFE,Pfizer,Health Care,Pharmaceuticals,0000078003,PFIZER INC,True,,2025.0,2026-02-26,59553000000.0,,,6290000000.0,,,2209000000.0,8700000000.0,3907000000.0,4793000000.0,4793000000.0,6946000000.0,1043000000.0,5903000000.0,50358000000.0,42995000000.0,0.08048293117055395,,0.6900374316153182,,,,3.9384336803983704,1.1712524712175834,0.06560542709855087,,13,Revenues,DebtCurrent
PCG,PG&E Corporation,Utilities,Multi-Utilities,0001004980,PG&E Corp,True,,2025.0,2026-02-12,24428000000.0,,2671000000.0,,2671000000.0,,1601000000.0,4747000000.0,9714000000.0,-4967000000.0,-4967000000.0,53569000000.0,635000000.0,52934000000.0,17216000000.0,16330000000.0,-0.20333224168986408,,-0.09272153670966417,,,1.6683322923173016,2.965021861336665,1.0542559706062462,0.3976584247584739,,14,Revenues,LongTermDebt
PM,Philip Morris International,Consumer Staples,Tobacco,0001413329,Philip Morris International Inc.,True,,2025.0,2026-02-06,35174000000.0,22281000000.0,11556000000.0,1398000000.0,11556000000.0,12954000000.0,737000000.0,9204000000.0,1321000000.0,7883000000.0,7883000000.0,14755000000.0,4216000000.0,10539000000.0,20170000000.0,22915000000.0,0.22411440268380053,0.6085379033503165,0.5342595730260928,1.1390304153157327,0.8135710977304308,15.6797829036635,12.488466757123474,0.8802094697796203,0.03755614942855518,0.10197622356029026,19,RevenueFromContractWithCustomerExcludingAssessedTax,LongTermDebt
PSX,Phillips 66,Energy,Oil & Gas Refining & Marketing,0001534701,Phillips 66,True,,2025.0,2026-02-20,147399000000.0,,,1977000000.0,,,897000000.0,7029000000.0,,,,1831000000.0,1738000000.0,93000000.0,17910000000.0,15087000000.0,,,,,,,7.8361204013377925,1.18711473453967,,,9,RevenueFromContractWithCustomerExcludingAssessedTax,DebtCurrent
PNW,Pinnacle West Capital,Utilities,Multi-Utilities,0000764622,PINNACLE WEST CAPITAL CORP,True,,2025.0,2026-02-25,4695991000.0,,824640000.0,854136000.0,824640000.0,1678776000.0,233262000.0,1207697000.0,1846370000.0,-638673000.0,-638673000.0,3322000000.0,3838000.0,3318162000.0,1689404000.0,2843797000.0,-0.13600388075701167,-0.38043967747930635,-0.19225556893437687,1.978822666037637,1.976536476575791,3.5352522056743063,5.177427099141737,0.5940663134534567,0.3931800550725076,1.0998310673967224,18,RevenueFromContractWithCustomerExcludingAssessedTax,LongTermDebt
POOL,Pool Corporation,Consumer Discretionary,Distributors,0000945841,POOL CORP,True,,2025.0,2026-02-26,5541595000.0,1660044000.0,746567000.0,31585000.0,746567000.0,778152000.0,9667000.0,888229000.0,60096000.0,828133000.0,828133000.0,49473000.0,45591000.0,3882000.0,1729114000.0,844186000.0,0.14943946643520503,1.0642303817249072,16.73909000869161,0.06357755297165592,0.004988742559294328,77.22840591703735,91.88259025550843,2.0482618759372935,0.010844531222509043,0.07722912747123956,19,Revenues,DebtCurrent
PPG,PPG Industries,Materials,Specialty Chemicals,0000079879,PPG INDUSTRIES INC,True,,2025.0,2026-02-19,16242000000.0,,2171000000.0,514000000.0,2171000000.0,2685000000.0,121000000.0,2411000000.0,516000000.0,1895000000.0,1895000000.0,939000000.0,1270000000.0,-331000000.0,6557000000.0,5014000000.0,0.11667282354389853,0.7057728119180633,2.018104366347178,0.34972067039106147,-0.12327746741154562,17.94214876033058,19.925619834710744,1.3077383326685281,0.03176948651643886,0.19217877094972066,18,RevenueFromContractWithCustomerExcludingAssessedTax,DebtCurrent
PPL,PPL Corporation,Utilities,Electric Utilities,0000922224,PPL Corp,True,,2025.0,2026-02-20,8290000000.0,,1630000000.0,1254000000.0,1630000000.0,2884000000.0,666000000.0,1758000000.0,2390000000.0,-632000000.0,-632000000.0,16503000000.0,306000000.0,16197000000.0,2880000000.0,3333000000.0,-0.07623642943305187,-0.21914008321775313,-0.03829606738168818,5.722260748959778,5.616158113730929,2.4474474474474475,2.6396396396396398,0.8640864086408641,0.2882991556091677,0.8287101248266296,18,RevenueFromContractWithCustomerExcludingAssessedTax,LongTermDebt
PG,Procter & Gamble,Consumer Staples,Personal Care Products,0000080424,PROCTER & GAMBLE Co,True,,2025.0,2025-08-04,82006000000.0,,18134000000.0,2714000000.0,18134000000.0,20848000000.0,502000000.0,16848000000.0,3062000000.0,13786000000.0,13786000000.0,7191000000.0,7214000000.0,-23000000.0,24709000000.0,33627000000.0,0.16810965051337706,0.6612624712202609,1.9171186204978445,0.34492517267843437,-0.0011032233307751342,36.123505976095615,33.56175298804781,0.7347964433342254,0.037338731312343,0.14687260168841135,18,Revenues,DebtCurrent
PLD,Prologis,Real Estate,Industrial REITs,0001045609,"Prologis, Inc.",True,,2025.0,2026-02-13,8023469000.0,,3707792000.0,2484891000.0,3707792000.0,6192683000.0,641332000.0,5373058000.0,,,,30879263000.0,530000000.0,30349263000.0,,,,,,4.986411059632796,4.900826184708631,5.7813924769074365,8.377966482258799,,,,9,Revenues,LongTermDebt
PEG,Public Service Enterprise Group,Utilities,Electric Utilities,0000788784,PUBLIC SERVICE ENTERPRISE GROUP INC,True,,2025.0,2026-02-26,11237000000.0,,3685000000.0,1476000000.0,3685000000.0,5161000000.0,748000000.0,3806000000.0,3325000000.0,481000000.0,481000000.0,21114000000.0,125000000.0,20989000000.0,4235000000.0,6505000000.0,0.04280501913322061,0.09319899244332494,0.02278109311357393,4.091067622553768,4.0668475101724475,4.926470588235294,5.088235294117647,0.6510376633358954,0.2958974815342173,0.6442549893431505,18,Revenues,LongTermDebt
PTC,PTC Inc.,Information Technology,Application Software,0000857005,PTC INC.,True,,2025.0,2025-11-21,2097053000.0,1656047000.0,458474000.0,104760000.0,458474000.0,563234000.0,129417000.0,610861000.0,23814000.0,587047000.0,587047000.0,1227105000.0,265808000.0,961297000.0,1298705000.0,1667193000.0,0.27993903825988187,1.0422790527560482,0.478399973922362,2.178677068500836,1.7067453314253045,3.5426103216733504,4.7200985960113435,0.7789769990636957,0.011355936163749795,0.042280828217046554,19,RevenueFromContractWithCustomerExcludingAssessedTax,LongTermDebt
PSA,Public Storage,Real Estate,Self-Storage REITs,0001393311,Public Storage,True,,2025.0,2026-02-12,4517690000.0,1891466000.0,1232009000.0,970056000.0,1232009000.0,2202065000.0,201132000.0,3246648000.0,,,,9353034000.0,775253000.0,8577781000.0,,,,,,4.247392334013755,3.8953350605000305,6.125375375375375,16.141876976314062,,,,10,Revenues,LongTermDebt
PHM,PulteGroup,Consumer Discretionary,Homebuilding,0000822416,PULTEGROUP INC/MI/,True,,2025.0,2026-02-04,16061578000.0,,,80824000.0,,,469000.0,2196762000.0,92201000.0,2104561000.0,2104561000.0,43900000.0,1613327000.0,-1569427000.0,,,0.13103077418669573,,47.9398861047836,,,,4683.92750533049,,0.005740469585242496,,10,RevenueFromContractWithCustomerExcludingAssessedTax,LongTermDebt
PWR,Quanta Services,Industrials,Construction & Engineering,0001050915,"QUANTA SERVICES, INC.",True,,2025.0,2026-02-19,20882206000.0,2937086000.0,1127976000.0,324786000.0,1127976000.0,1452762000.0,68899000.0,1575952000.0,434803000.0,1141149000.0,1141149000.0,62680000.0,428505000.0,-365825000.0,7851033000.0,6028513000.0,0.054646956360836586,0.7855030624424373,18.205950861518826,0.04314540165560498,-0.25181344225688723,16.371442256055968,22.873365360890578,1.3023166741118415,0.020821698627051185,0.2992940343979262,19,RevenueFromContractWithCustomerExcludingAssessedTax,DebtCurrent
QCOM,Qualcomm,Information Technology,Semiconductors,0000804328,QUALCOMM INC/DE,True,,2025.0,2025-11-05,35820000000.0,,7788000000.0,1809000000.0,7788000000.0,9597000000.0,694000000.0,11299000000.0,1450000000.0,9849000000.0,9849000000.0,1364000000.0,7849000000.0,-6485000000.0,25231000000.0,10504000000.0,0.2749581239530988,1.026258205689278,7.220674486803519,0.14212774825466293,-0.6757319995832031,11.221902017291066,16.280979827089336,2.402037319116527,0.040480178671133446,0.15108888194227363,18,Revenues,DebtCurrent
DGX,Quest Diagnostics,Health Care,Health Care Services,0001022079,QUEST DIAGNOSTICS INC,True,,2025.0,2026-02-26,9252000000.0,647000000.0,1262000000.0,439000000.0,1262000000.0,1701000000.0,152000000.0,1272000000.0,408000000.0,864000000.0,864000000.0,6217000000.0,549000000.0,5668000000.0,2392000000.0,2169000000.0,0.0933852140077821,0.5079365079365079,0.13897378156667203,3.654908877131099,3.332157554379777,8.302631578947368,8.368421052631579,1.1028123559243892,0.04409857328145266,0.23985890652557318,19,RevenueFromContractWithCustomerExcludingAssessedTax,LongTermDebt
Q,Qnity Electronics,Information Technology,Semiconductor Materials & Equipment,0002058873,"Qnity Electronics, Inc.",True,,2025.0,2026-02-26,4035000000.0,,,403000000.0,,,0.0,882000000.0,231000000.0,651000000.0,651000000.0,0.0,166000000.0,-166000000.0,1483000000.0,839000000.0,0.1613382899628253,,inf,,,,,1.767580452920143,0.05724907063197026,,13,RevenueFromContractWithCustomerExcludingAssessedTax,DebtCurrent
RL,Ralph Lauren Corporation,Consumer Discretionary,"Apparel, Accessories & Luxury Goods",0001037038,RALPH LAUREN CORP,True,,2025.0,2025-05-22,6443600000.0,4165800000.0,704200000.0,220500000.0,704200000.0,924700000.0,40400000.0,411000000.0,217500000.0,193500000.0,193500000.0,267000000.0,1662200000.0,-1395200000.0,3359800000.0,1467200000.0,0.03002979700788379,0.20925705634259759,0.7247191011235955,0.288742294798313,-1.5088136692981509,17.43069306930693,10.173267326732674,2.289940021810251,0.03375442299335775,0.23521141991997405,19,Revenues,LongTermDebt
RTX,RTX Corporation,Industrials,Aerospace & Defense,0000101829,RTX Corp,True,,2025.0,2026-02-06,68920000000.0,2534000000.0,3561000000.0,4211000000.0,3561000000.0,7772000000.0,1276000000.0,7883000000.0,2415000000.0,5468000000.0,5468000000.0,43638000000.0,6587000000.0,37051000000.0,51133000000.0,51499000000.0,0.07933836331979106,0.7035512094698919,0.12530363444704157,5.614770972722594,4.767241379310345,2.790752351097179,6.177899686520377,0.9928930658847744,0.03504062681369704,0.31073082861554296,19,RevenueFromContractWithCustomerExcludingAssessedTax,LongTermDebt
O,Realty Income,Real Estate,Retail REITs,0000726728,REALTY INCOME CORP,True,,2025.0,2026-02-25,4078993000.0,,,1895177000.0,,,323644000.0,2958769000.0,,,,3975000000.0,444962000.0,3530038000.0,,,,,,,,,9.142048052798755,,,,6,Revenues,LongTermDebt
REG,Regency Centers,Real Estate,Retail REITs,0000910606,REGENCY CENTERS CORP,True,,2025.0,2026-02-13,1322466000.0,,951288000.0,352282000.0,951288000.0,1303570000.0,145170000.0,719591000.0,,,,4408700000.0,68776000.0,4339924000.0,,,,,,3.3820201446796108,3.3292604156278527,6.552924157883861,4.956885031342564,,,,9,Revenues,LongTermDebt
REGN,Regeneron Pharmaceuticals,Health Care,Biotechnology,0000872589,"REGENERON PHARMACEUTICALS, INC.",True,,2025.0,2026-02-04,13117200000.0,,4047100000.0,421000000.0,4047100000.0,4468100000.0,57300000.0,4594000000.0,718600000.0,3875400000.0,3875400000.0,1984400000.0,2730000000.0,-745600000.0,18660900000.0,3944300000.0,0.2954441496660873,0.8673485374096372,1.9529328764362024,0.44412613862715694,-0.16687182471296524,70.63001745200698,80.17452006980803,4.731105646122252,0.05478303296435215,0.1608289877128981,18,RevenueFromContractWithCustomerExcludingAssessedTax,short_term_debt + long_term_debt
RSG,Republic Services,Industrials,Environmental & Facilities Services,0001060391,"REPUBLIC SERVICES, INC.",True,,2025.0,2026-02-18,14965000000.0,,2780000000.0,1501000000.0,2780000000.0,4281000000.0,314600000.0,3618000000.0,1631000000.0,1987000000.0,1987000000.0,13710000000.0,140000000.0,13570000000.0,2406000000.0,4128000000.0,0.13277647844971602,0.46414389161410885,0.1449307075127644,3.202522775052558,3.169820135482364,8.83661792752702,11.500317863954228,0.5828488372093024,0.1089876378215837,0.3809857509927587,18,RevenueFromContractWithCustomerExcludingAssessedTax,LongTermDebt
RMD,ResMed,Health Care,Health Care Equipment,0000943819,RESMED INC,True,,2025.0,2025-08-08,4222993000.0,2355662000.0,1131871000.0,165156000.0,1131871000.0,1297027000.0,36156000.0,693299000.0,119672000.0,573627000.0,573627000.0,697313000.0,238361000.0,458952000.0,2357719000.0,910655000.0,0.1358342294197504,0.442262959830443,0.8226248470916216,0.5376241203922509,0.35384922596060064,31.30520522181657,19.175212966036067,2.5890364627658116,0.02833819520894304,0.09226639075362347,19,RevenueFromContractWithCustomerExcludingAssessedTax,LongTermDebt
RVTY,Revvity,Health Care,Health Care Equipment,0000031791,"REVVITY, INC.",True,,2025.0,2026-02-24,2750571000.0,693187000.0,300562000.0,431769000.0,300562000.0,732331000.0,66976000.0,91272000.0,81368000.0,9904000.0,9904000.0,3899642000.0,913163000.0,2986479000.0,2349608000.0,653100000.0,0.0036007069077656968,0.01352393931159544,0.0025397203127876865,5.324971904780762,4.078045310112504,4.487607501194458,1.3627568084089823,3.59762364109631,0.02958222129150638,0.11110822838306722,19,RevenueFromContractWithCustomerExcludingAssessedTax,LongTermDebt
ROK,Rockwell Automation,Industrials,Electrical Components & Equipment,0001024478,"ROCKWELL AUTOMATION, INC",True,,2025.0,2025-11-12,9058000000.0,4423000000.0,1929000000.0,250000000.0,1929000000.0,2179000000.0,94600000.0,1374000000.0,161000000.0,1213000000.0,1213000000.0,2256900000.0,1072000000.0,1184900000.0,3881000000.0,3604000000.0,0.1339147714727313,0.5566773749426343,0.5374628915769418,1.0357503441945848,0.5437815511702616,20.391120507399577,14.52431289640592,1.0768590455049944,0.01777434312210201,0.07388710417622762,19,RevenueFromContractWithCustomerExcludingAssessedTax,LongTermDebt
ROL,"Rollins, Inc.",Industrials,Environmental & Facilities Services,0000084839,ROLLINS INC,True,,2025.0,2026-02-12,3073278000.0,202599000.0,583226000.0,99752000.0,583226000.0,682978000.0,,528366000.0,32465000.0,495901000.0,495901000.0,395310000.0,89630000.0,305680000.0,442623000.0,645162000.0,0.1613589789143709,0.7260863453874064,1.2544610558801952,0.5788034168011268,0.4475693214129884,,,0.6860648953286151,0.010563639215196282,0.04753447402405348,17,RevenueFromContractWithCustomerExcludingAssessedTax,LongTermDebt
ROP,Roper Technologies,Information Technology,Electronic Equipment & Instruments,0000882835,ROPER TECHNOLOGIES INC,True,,2025.0,2026-02-24,6177800000.0,4307200000.0,1745200000.0,755200000.0,1745200000.0,2500400000.0,233900000.0,2035100000.0,37300000.0,1997800000.0,1997800000.0,7623000000.0,188200000.0,7434800000.0,1542700000.0,3832200000.0,0.3233837288355078,0.7989921612541994,0.2620752984389348,3.0487122060470324,2.9734442489201727,7.461308251389482,8.70072680632749,0.4025624967381661,0.00603774806565444,0.014917613181890898,19,RevenueFromContractWithCustomerExcludingAssessedTax,LongTermDebt
ROST,Ross Stores,Consumer Discretionary,Apparel Retail,0000745732,"ROSS STORES, INC.",True,,2025.0,2026-03-31,20376941000.0,,2307663000.0,419432000.0,2307663000.0,2727095000.0,,2514490000.0,762812000.0,1751678000.0,1751678000.0,2214811000.0,4872446000.0,-2657635000.0,7538696000.0,4661825000.0,0.08596373714778877,0.6423237914337417,0.7908927669223244,0.8121502917940152,-0.9745296735170575,,,1.6171126114772647,0.03743505956070639,0.2797159614901571,16,RevenueFromContractWithCustomerExcludingAssessedTax,LongTermDebt
RCL,Royal Caribbean Group,Consumer Discretionary,"Hotels, Resorts & Cruise Lines",0000884887,ROYAL CARIBBEAN CRUISES LTD,True,,2025.0,2026-02-11,13900000000.0,,2878000000.0,1455000000.0,2878000000.0,4333000000.0,1292000000.0,4477000000.0,3897000000.0,580000000.0,580000000.0,1603000000.0,388000000.0,1215000000.0,1705000000.0,9817000000.0,0.041726618705035974,0.13385645049619202,0.3618215845290081,0.36995153473344106,0.28040618509116083,2.2275541795665634,3.4651702786377707,0.1736783131302842,0.28035971223021583,0.8993768751442419,18,RevenueFromContractWithCustomerExcludingAssessedTax,DebtCurrent
CRM,Salesforce,Information Technology,Application Software,0001108524,"Salesforce, Inc.",True,,2025.0,2026-03-02,34857000000.0,26316000000.0,5011000000.0,1100000000.0,5011000000.0,6111000000.0,89000000.0,10234000000.0,736000000.0,9498000000.0,9498000000.0,8433000000.0,8848000000.0,-415000000.0,29727000000.0,27980000000.0,0.2724847232980463,1.554246440844379,1.1262895766631091,1.3799705449189985,-0.0679103256422844,56.30337078651685,114.98876404494382,1.0624374553252323,0.021114840634592763,0.12043855342824415,19,RevenueFromContractWithCustomerExcludingAssessedTax,LongTermDebt
SNDK,Sandisk,Information Technology,"Technology Hardware, Storage & Peripherals",0002023554,Sandisk Corp,True,,2025.0,2025-08-21,6086000000.0,430000000.0,-2035000000.0,448000000.0,-2035000000.0,-1587000000.0,,-713000000.0,219000000.0,-932000000.0,-932000000.0,0.0,328000000.0,-328000000.0,3548000000.0,2123000000.0,-0.15313835031219192,0.5872715816005041,inf,-0.0,0.2066792690611216,,,1.6712199717381064,0.035984226092671705,-0.13799621928166353,17,RevenueFromContractWithCustomerExcludingAssessedTax,LongTermDebt
SBAC,SBA Communications,Real Estate,Telecom Tower REITs,0001034054,SBA COMMUNICATIONS CORP,True,,2025.0,2026-02-27,194649000.0,2098962000.0,923659000.0,272300000.0,923659000.0,1195959000.0,149921000.0,1544393000.0,236698000.0,1307695000.0,1307695000.0,13591738000.0,208547000.0,13383191000.0,1978720000.0,1797936000.0,6.718221002933485,1.093427951961564,0.09621249320727047,11.364719024648839,11.190342645525474,6.160971444961013,10.301378726129094,1.100550853867991,1.216024741971446,0.19791481146092801,19,RevenueFromContractWithCustomerExcludingAssessedTax,LongTermDebt
SLB,Schlumberger,Energy,Oil & Gas Equipment & Services,0000087347,SLB LIMITED/NV,True,,2025.0,2026-01-23,33135000000.0,,3365000000.0,2312000000.0,3365000000.0,5677000000.0,503000000.0,6637000000.0,1939000000.0,4698000000.0,4698000000.0,12569000000.0,1705000000.0,10864000000.0,18570000000.0,12811000000.0,0.14178361249434132,0.8275497621983442,0.3737767523271541,2.21402149022371,1.9136868064118373,6.68986083499006,13.1948310139165,1.4495355553820934,0.05851818318998038,0.34155363748458695,18,RevenueFromContractWithCustomerExcludingAssessedTax,short_term_debt + long_term_debt
STX,Seagate Technology,Information Technology,"Technology Hardware, Storage & Peripherals",0001137789,Seagate Technology Holdings plc,True,,2027.0,2025-08-01,7384000000.0,,-342000000.0,513000000.0,-342000000.0,171000000.0,249000000.0,942000000.0,316000000.0,626000000.0,626000000.0,964000000.0,786000000.0,178000000.0,3332000000.0,3099000000.0,0.08477789815817985,3.6608187134502925,0.6493775933609959,5.637426900584796,1.04093567251462,-1.3734939759036144,3.783132530120482,1.0751855437237818,0.04279523293607801,1.847953216374269,18,RevenueFromContractWithCustomerExcludingAssessedTax,LongTermDebt
SRE,Sempra,Utilities,Multi-Utilities,0001032208,SEMPRA,True,,2025.0,2026-02-26,14848000000.0,,,2227000000.0,,,1198000000.0,6218000000.0,8397000000.0,-2179000000.0,-2179000000.0,2016000000.0,1565000000.0,451000000.0,5285000000.0,9676000000.0,-0.14675377155172414,,-1.0808531746031746,,,,5.190317195325543,0.5461967755270773,0.5655307112068966,,13,RevenueFromContractWithCustomerExcludingAssessedTax,short_term_debt + long_term_debt
NOW,ServiceNow,Information Technology,Systems Software,0001373715,"ServiceNow, Inc.",True,,2025.0,2026-01-29,8971000000.0,7050000000.0,762000000.0,562000000.0,762000000.0,1324000000.0,33000000.0,3398000000.0,694000000.0,2704000000.0,2704000000.0,92000000.0,1897000000.0,-1805000000.0,9187000000.0,8358000000.0,0.3014156727232193,2.0422960725075527,29.391304347826086,0.06948640483383686,-1.3632930513595165,23.09090909090909,102.96969696969697,1.0991864082316343,0.07736038345780849,0.5241691842900302,19,RevenueFromContractWithCustomerExcludingAssessedTax,short_term_debt + long_term_debt
SHW,Sherwin-Williams,Materials,Specialty Chemicals,0000089800,SHERWIN WILLIAMS CO,True,,2025.0,2026-02-19,23051900000.0,10758100000.0,3083700000.0,292300000.0,3083700000.0,3376000000.0,334700000.0,3521900000.0,888400000.0,2633500000.0,2633500000.0,9476700000.0,276800000.0,9199900000.0,5512900000.0,6626900000.0,0.11424220996967711,0.7800651658767772,0.2778920932392077,2.807079383886256,2.7250888625592418,9.213325365999403,10.522557514191814,0.831897267198841,0.038539122588593565,0.2631516587677725,19,RevenueFromContractWithCustomerExcludingAssessedTax,LongTermDebt
SPG,Simon Property Group,Real Estate,Retail REITs,0001063761,SIMON PROPERTY GROUP INC.,True,,2025.0,2026-02-25,5658836000.0,,2807022000.0,1262107000.0,2807022000.0,4069129000.0,854648000.0,3930793000.0,793283000.0,3137510000.0,3137510000.0,24264495000.0,1400345000.0,22864150000.0,,,0.5544444122430832,0.7710519868011065,0.1293045661984723,5.963068509255912,5.6189297513055,3.284418848461589,4.599312231468394,,0.1401848365989048,0.19495154859922112,15,Revenues,LongTermDebt
SWKS,Skyworks Solutions,Information Technology,Semiconductors,0000004127,"SKYWORKS SOLUTIONS, INC.",True,,2025.0,2025-11-07,4772400000.0,2107300000.0,1125000000.0,387800000.0,1125000000.0,1512800000.0,64400000.0,1856400000.0,210300000.0,1646100000.0,1646100000.0,0.0,1368600000.0,-1368600000.0,3341000000.0,602700000.0,0.34492079456877045,1.0881147540983607,inf,0.0,-0.9046800634584876,17.46894409937888,28.82608695652174,5.543388086942094,0.04406587880311793,0.1390137493389741,19,RevenueFromContractWithCustomerExcludingAssessedTax,DebtCurrent
SJM,J.M. Smucker Company (The),Consumer Staples,Packaged Foods & Meats,0000091419,J M SMUCKER Co,True,,2018.0,2018-06-18,7811200000.0,2801800000.0,157500000.0,224100000.0,157500000.0,381600000.0,65187000.0,1194400000.0,477400000.0,717000000.0,717000000.0,7773000000.0,169900000.0,7603100000.0,1966900000.0,3761100000.0,0.09179127406800491,1.878930817610063,0.09224237746043998,20.36949685534591,19.924266247379453,2.4161259146762393,18.322671698344763,0.5229587088883572,0.061117369930356415,1.25104821802935,19,SalesRevenueGoodsNet,LongTermDebt
SW,Smurfit Westrock,Materials,Paper & Plastic Packaging Products & Materials,0002005951,Smurfit Westrock plc,True,,2025.0,2026-02-27,12093000000.0,3054000000.0,1372000000.0,580000000.0,1372000000.0,1952000000.0,,1559000000.0,929000000.0,630000000.0,630000000.0,1053000000.0,855000000.0,198000000.0,10055000000.0,7333000000.0,0.052096254031257755,0.32274590163934425,0.5982905982905983,0.5394467213114754,0.1014344262295082,,,1.3711986908495841,0.07682130157942611,0.475922131147541,17,RevenueFromContractWithCustomerExcludingAssessedTax,DebtCurrent
SNA,Snap-on,Industrials,Industrial Machinery & Supplies & Components,0000091440,Snap-on Inc,True,,2025.0,2026-02-12,4703200000.0,1648300000.0,1310400000.0,99300000.0,1310400000.0,1409700000.0,53100000.0,1154200000.0,,,,1199200000.0,1360500000.0,-161300000.0,3989400000.0,961500000.0,,,,0.850677449102646,-0.11442150812229553,24.677966101694917,21.736346516007533,4.149141965678627,,,13,RevenueFromContractWithCustomerExcludingAssessedTax,LongTermDebt
SOLV,Solventum,Health Care,Health Care Technology,0001964738,Solventum Corp,True,,2025.0,2026-02-27,8197000000.0,4693000000.0,1692000000.0,561000000.0,1692000000.0,2253000000.0,,1915000000.0,290000000.0,1625000000.0,1625000000.0,200000000.0,762000000.0,-562000000.0,3249000000.0,2703000000.0,0.1982432597291692,0.7212605415002219,8.125,0.0887705281846427,-0.24944518419884598,,,1.201997780244173,0.03537879712089789,0.1287172658677319,17,Revenues,DebtCurrent
SO,Southern Company,Utilities,Electric Utilities,0000092122,SOUTHERN CO,True,,2025.0,2026-02-19,25253000000.0,,5826000000.0,,5826000000.0,,2446000000.0,7553000000.0,9095000000.0,-1542000000.0,-1542000000.0,1338000000.0,1070000000.0,268000000.0,10694000000.0,15993000000.0,-0.06106205203342177,,-1.1524663677130045,,,2.3818479149632052,3.08789860997547,0.6686675420496467,0.3601552290816933,,14,Revenues,short_term_debt + long_term_debt
LUV,Southwest Airlines,Industrials,Passenger Airlines,0000092380,SOUTHWEST AIRLINES CO,True,,2025.0,2026-02-05,26091000000.0,,224000000.0,1522000000.0,224000000.0,1746000000.0,114000000.0,3164000000.0,3520000000.0,-356000000.0,-356000000.0,4929000000.0,7509000000.0,-2580000000.0,11274000000.0,12276000000.0,-0.01364455176114369,-0.20389461626575028,-0.072225603570704,2.823024054982818,-1.47766323024055,1.9649122807017543,27.75438596491228,0.918377321603128,0.1349124219079376,2.016036655211913,18,RevenueFromContractWithCustomerExcludingAssessedTax,LongTermDebt
SWK,Stanley Black & Decker,Industrials,Industrial Machinery & Supplies & Components,0000093556,"STANLEY BLACK & DECKER, INC.",True,,2025.0,2026-02-24,15781100000.0,1387800000.0,1882200000.0,432400000.0,1882200000.0,2314600000.0,559400000.0,1191300000.0,338700000.0,852600000.0,852600000.0,6103000000.0,290500000.0,5812500000.0,6377700000.0,4916900000.0,0.05402665213451534,0.3683573835651949,0.13970178600688185,2.636740689535989,2.5112330424263374,3.3646764390418307,2.1296031462281015,1.2970977648518376,0.02146238221670226,0.1463319796077076,19,Revenues,LongTermDebt
SBUX,Starbucks,Consumer Discretionary,Restaurants,0000829224,STARBUCKS CORP,True,,2025.0,2025-11-14,35975600000.0,,5870800000.0,1450300000.0,5870800000.0,7321100000.0,550100000.0,6008700000.0,2333600000.0,3675100000.0,3675100000.0,15568400000.0,2818400000.0,12750000000.0,6847400000.0,9070000000.0,0.102155349737044,0.501987406264086,0.2360615092109658,2.1265110434224366,1.7415415716217508,10.672241410652608,10.92292310489002,0.7549503858875414,0.06486618708235582,0.3187499146303151,18,Revenues,LongTermDebt
STLD,Steel Dynamics,Materials,Steel,0001022671,STEEL DYNAMICS INC,True,,2025.0,2026-02-27,18795316000.0,4045883000.0,3151181000.0,437804000.0,3151181000.0,3588985000.0,57209000.0,3519928000.0,1657905000.0,1862023000.0,1862023000.0,3231007000.0,589464000.0,2641543000.0,5431338000.0,2150583000.0,0.09906845939701146,0.5188160440904601,0.576298039589515,0.9002564791995509,0.7360139426606687,55.081910188956286,61.52752189340838,2.5255188941789273,0.08820841320252344,0.46194258265219834,19,RevenueFromContractWithCustomerExcludingAssessedTax,LongTermDebt
STE,Steris,Health Care,Health Care Equipment,0001757898,STERIS plc,True,,2025.0,2025-05-29,4536266000.0,1980726000.0,791101000.0,552897000.0,791101000.0,1343998000.0,89490000.0,756947000.0,361969000.0,394978000.0,394978000.0,3120162000.0,348320000.0,2771842000.0,2869123000.0,931127000.0,0.0870711726340563,0.2938828778019015,0.12658893993324705,2.3215525618341695,2.062385509502246,8.840105039669236,8.458453458486982,3.081344435291856,0.07979448295139659,0.2693225733966866,19,Revenues,LongTermDebt
SYK,Stryker Corporation,Health Care,Health Care Equipment,0000310764,STRYKER CORP,True,,2025.0,2026-02-11,20498000000.0,13058000000.0,3888000000.0,1341000000.0,3888000000.0,5229000000.0,,3711000000.0,575000000.0,3136000000.0,3136000000.0,1409000000.0,3652000000.0,-2243000000.0,14847000000.0,7616000000.0,0.15299053566201581,0.5997322623828648,2.2256919801277504,0.26945878753107666,-0.4289539108816217,,,1.9494485294117647,0.028051517221192313,0.10996366418053165,17,Revenues,DebtCurrent
SMCI,Supermicro,Information Technology,"Technology Hardware, Storage & Peripherals",0001375365,"Super Micro Computer, Inc.",True,,2025.0,2025-08-28,7123482000.0,1283012000.0,761142000.0,26900000.0,761142000.0,788042000.0,2485000.0,663580000.0,36793000.0,626787000.0,626787000.0,147618000.0,1669766000.0,-1522148000.0,8931960000.0,2345721000.0,0.08798885151952374,0.795372581664429,4.246006584562858,0.1873225031153162,-1.9315569474723429,306.2945674044266,267.03420523138834,3.8077674199105522,0.0051650302478478925,0.04668913585824106,19,RevenueFromContractWithCustomerExcludingAssessedTax,LongTermDebt
SNPS,Synopsys,Information Technology,Application Software,0000883241,SYNOPSYS INC,True,,2025.0,2025-12-22,5318014000.0,4287171000.0,1273239000.0,247120000.0,1273239000.0,1520359000.0,3365000.0,1703274000.0,189618000.0,1513656000.0,1513656000.0,13484515000.0,3896532000.0,9587983000.0,6469666000.0,2650120000.0,0.2846280585195902,0.9955911728743014,0.11225142320654469,8.869296659538964,6.306394081924072,378.377117384844,506.1735512630015,2.4412728480219763,0.03565579180498585,0.12471922749824219,19,RevenueFromContractWithCustomerExcludingAssessedTax,LongTermDebt
SYY,Sysco,Consumer Staples,Food Distributors,0000096021,SYSCO CORP,True,,2025.0,2025-08-22,76325000000.0,13955000000.0,3039000000.0,776000000.0,3039000000.0,3815000000.0,118267000.0,2868000000.0,793000000.0,2075000000.0,2075000000.0,12902485000.0,745000000.0,12157485000.0,11043000000.0,9241000000.0,0.02718637405830331,0.5439056356487549,0.16082173317775605,3.382040629095675,3.1867588466579293,25.69609443039901,24.25021349996195,1.1950005410669842,0.010389780543727481,0.20786369593709042,19,RevenueFromContractWithCustomerExcludingAssessedTax,LongTermDebt
TMUS,T-Mobile US,Communication Services,Wireless Telecommunication Services,0001283699,"T-Mobile US, Inc.",True,,2025.0,2026-02-11,78558000000.0,,14266000000.0,12818000000.0,14266000000.0,27084000000.0,1418000000.0,18559000000.0,9801000000.0,8758000000.0,8758000000.0,78265000000.0,5409000000.0,72856000000.0,18404000000.0,20174000000.0,0.11148450826141194,0.3233643479545119,0.11190187184565259,2.889713483975779,2.6900014768867226,10.06064880112835,13.088152327221438,0.9122633092098741,0.12476132284426793,0.36187416925121846,18,RevenueFromContractWithCustomerExcludingAssessedTax,LongTermDebt
TTWO,Take-Two Interactive,Communication Services,Interactive Home Entertainment,0000946581,TAKE TWO INTERACTIVE SOFTWARE INC,True,,2025.0,2025-05-20,5349900000.0,2285300000.0,-1165200000.0,122300000.0,-1165200000.0,-1042900000.0,,1100000.0,204200000.0,-203100000.0,-203100000.0,1733000000.0,754000000.0,979000000.0,2259700000.0,2406400000.0,-0.037963326417316215,0.19474542142103748,-0.11719561454125793,-1.6617125323616837,-0.9387285454022437,,,0.9390375664893617,0.03816893773715396,-0.19580017259564675,17,RevenueFromContractWithCustomerExcludingAssessedTax,LongTermDebt
TPR,"Tapestry, Inc.",Consumer Discretionary,"Apparel, Accessories & Luxury Goods",0001116132,"TAPESTRY, INC.",True,,2025.0,2025-08-14,6660900000.0,4714900000.0,1172400000.0,182200000.0,1172400000.0,1354600000.0,,975200000.0,184200000.0,791000000.0,791000000.0,6937200000.0,6142000000.0,795200000.0,8803700000.0,1711600000.0,0.11875272110375475,0.5839362173335302,0.1140229487401257,5.121216595304887,0.5870367636202569,,,5.143549894835242,0.027653920641354773,0.13598110143215708,17,RevenueFromContractWithCustomerExcludingAssessedTax,LongTermDebt
TRGP,Targa Resources,Energy,Oil & Gas Storage & Transportation,0001389170,Targa Resources Corp.,True,,2025.0,2026-02-19,16060300000.0,514600000.0,2626200000.0,1329600000.0,2626200000.0,3955800000.0,14700000.0,3211600000.0,2385400000.0,826200000.0,826200000.0,14174600000.0,157300000.0,14017300000.0,2296300000.0,3172600000.0,0.05144362185015224,0.2088578795692401,0.05828735907891581,3.5832448556549874,3.5434804590727538,178.6530612244898,218.47619047619048,0.7237912122549328,0.1485277360945935,0.6030132969310885,19,Revenues,LongTermDebt
TGT,Target Corporation,Consumer Staples,Consumer Staples Merchandise Retail,0000027419,TARGET CORP,True,,2025.0,2026-03-11,107412000000.0,21544000000.0,5707000000.0,2801000000.0,5707000000.0,8508000000.0,421000000.0,8621000000.0,4806000000.0,3815000000.0,3815000000.0,13904000000.0,2229000000.0,11675000000.0,19454000000.0,20799000000.0,0.035517446840204074,0.4484015044663846,0.2743814729574223,1.6342266102491771,1.3722378937470616,13.55581947743468,20.477434679334916,0.9353334294918025,0.04474360406658474,0.5648801128349789,19,RevenueFromContractWithCustomerExcludingAssessedTax,LongTermDebt
TEL,TE Connectivity,Information Technology,Electronic Manufacturing Services,0001385157,TE Connectivity plc,True,,2025.0,2025-11-10,16034000000.0,5055000000.0,2304000000.0,794000000.0,2304000000.0,3098000000.0,56000000.0,3132000000.0,732000000.0,2400000000.0,2400000000.0,871000000.0,1319000000.0,-448000000.0,7631000000.0,4746000000.0,0.14968192590744667,0.7746933505487411,2.7554535017221586,0.28114912846998064,-0.14460942543576502,41.142857142857146,55.92857142857143,1.6078803202697007,0.04565298740177123,0.23628147191736604,19,RevenueFromContractWithCustomerExcludingAssessedTax,DebtCurrent
TDY,Teledyne Technologies,Information Technology,Electronic Equipment & Instruments,0001094285,TELEDYNE TECHNOLOGIES INC,True,,2025.0,2026-02-20,5635500000.0,221800000.0,1034400000.0,316400000.0,1034400000.0,1350800000.0,90800000.0,836100000.0,114900000.0,721200000.0,721200000.0,2649000000.0,649800000.0,1999200000.0,2944600000.0,1261600000.0,0.12797444769763108,0.5339058335801007,0.2722536806342016,1.9610601125259106,1.4800118448326918,11.392070484581497,9.208149779735683,2.334020291693088,0.020388607931860526,0.08506070476754515,19,RevenueFromContractWithCustomerExcludingAssessedTax,LongTermDebt
TER,Teradyne,Information Technology,Semiconductor Materials & Equipment,0000097210,"TERADYNE, INC",True,,2025.0,2026-02-19,2676298000.0,1536748000.0,501068000.0,110886000.0,501068000.0,611954000.0,3806000.0,585231000.0,159642000.0,425589000.0,425589000.0,186663000.0,553354000.0,-366691000.0,1816397000.0,624579000.0,0.15902152899266075,0.695459135817398,2.2799858568650455,0.3050278288890995,-0.5992133395647385,131.6521282186022,153.7653704676826,2.908194159585897,0.059650308000080705,0.2608725492438974,19,Revenues,DebtCurrent
TSLA,"Tesla, Inc.",Consumer Discretionary,Automobile Manufacturers,0001318605,"Tesla, Inc.",True,,2025.0,2026-01-29,96773000000.0,17660000000.0,8891000000.0,3330000000.0,8891000000.0,12221000000.0,371000000.0,13256000000.0,8899000000.0,4357000000.0,4357000000.0,2343000000.0,16398000000.0,-14055000000.0,58360000000.0,28821000000.0,0.04502288861562626,0.35651746992881106,1.8595817328211695,0.19171917191719173,-1.1500695524097864,23.964959568733153,35.73045822102426,2.024912390270983,0.0919574674754322,0.7281728172817282,19,RevenueFromContractWithCustomerExcludingAssessedTax,DebtCurrent
TXN,Texas Instruments,Information Technology,Semiconductors,0000097476,TEXAS INSTRUMENTS INC,True,,2025.0,2026-02-06,17519000000.0,11019000000.0,7331000000.0,1175000000.0,7331000000.0,8506000000.0,353000000.0,6420000000.0,5071000000.0,1349000000.0,1349000000.0,13596000000.0,3200000000.0,10396000000.0,15026000000.0,3643000000.0,0.07700211199269365,0.15859393369386315,0.0992203589290968,1.5984011286150952,1.2221960968727956,20.76770538243626,18.186968838526912,4.124622563821027,0.28945716079684913,0.5961674112391253,19,RevenueFromContractWithCustomerExcludingAssessedTax,LongTermDebt
TPL,Texas Pacific Land Corporation,Energy,Oil & Gas Exploration & Production,0001811074,Texas Pacific Land Corp,True,,2025.0,2026-02-18,631595000.0,,486053000.0,14757000.0,486053000.0,500810000.0,,418288000.0,5086000.0,413202000.0,413202000.0,,369835000.0,,503369000.0,46561000.0,0.6542198719115889,0.8250673908268605,,,,,,10.810957668434956,0.008052628662354832,0.010155548012220203,13,RevenueFromContractWithCustomerExcludingAssessedTax,
TXT,Textron,Industrials,Aerospace & Defense,0000217346,TEXTRON INC,True,,2025.0,2026-02-11,13683000000.0,,,395000000.0,,,171000000.0,1266000000.0,402000000.0,864000000.0,864000000.0,,2035000000.0,,,,0.06314404735803551,,,,,,7.4035087719298245,,0.029379522034641527,,8,Revenues,
TMO,Thermo Fisher Scientific,Health Care,Life Sciences Tools & Services,0000097745,THERMO FISHER SCIENTIFIC INC.,True,,2025.0,2026-02-26,42857000000.0,2580000000.0,6859000000.0,1068000000.0,6859000000.0,7927000000.0,536000000.0,8406000000.0,1479000000.0,6927000000.0,6927000000.0,2214000000.0,4009000000.0,-1795000000.0,22137000000.0,13332000000.0,0.16163053876846256,0.8738488709473949,3.1287262872628725,0.2792985997224675,-0.226441276649426,12.796641791044776,15.682835820895523,1.6604410441044104,0.03451011503371678,0.18657751986880283,19,RevenueFromContractWithCustomerExcludingAssessedTax,DebtCurrent
TJX,TJX Companies,Consumer Discretionary,Apparel Retail,0000109198,TJX COMPANIES INC /DE/,True,,2017.0,2018-04-04,30944938000.0,2639700000.0,4257759000.0,964000000.0,4257759000.0,5221759000.0,82000000.0,6057000000.0,1722000000.0,4335000000.0,4335000000.0,2866000000.0,5335000000.0,-2469000000.0,12991000000.0,11008000000.0,0.14008753224840845,0.8301800217129898,1.5125610607117934,0.5488571954393147,-0.4728291749963949,51.92389024390244,73.86585365853658,1.180141715116279,0.0556472273429664,0.3297739325005233,19,SalesRevenueNet,short_term_debt + long_term_debt
TKO,TKO Group Holdings,Communication Services,Movies & Entertainment,0001973266,"TKO Group Holdings, Inc.",True,,2025.0,2026-02-25,3224796000.0,,375780000.0,224051000.0,375780000.0,599831000.0,229605000.0,266159000.0,,,,2762282000.0,619787000.0,2142495000.0,1528494000.0,1413793000.0,,,,4.605100436622982,3.571831065750186,1.6366368328215848,1.1592038500903725,1.0811299815460962,,,12,Revenues,LongTermDebt
TTD,Trade Desk (The),Communication Services,Advertising,0001671933,"Trade Desk, Inc.",True,,2025.0,2026-02-27,1946120000.0,,200480000.0,80418000.0,200480000.0,280898000.0,3075000.0,598322000.0,46790000.0,551532000.0,551532000.0,,1369463000.0,,5336458000.0,2873465000.0,0.28340081803794215,1.9634600459953435,,,,65.19674796747968,194.5762601626016,1.8571508614164431,0.02404271062421639,0.16657291970750948,15,RevenueFromContractWithCustomerExcludingAssessedTax,
TSCO,Tractor Supply,Consumer Discretionary,Other Specialty Retail,0000916365,TRACTOR SUPPLY CO /DE/,True,,2025.0,2026-02-19,14555741000.0,5228219000.0,1478912000.0,393049000.0,1478912000.0,1871961000.0,46510000.0,1334033000.0,753883000.0,580150000.0,580150000.0,150000000.0,251491000.0,-101491000.0,3309917000.0,2319193000.0,0.039857125789748524,0.3099156446101174,3.8676666666666666,0.08012987450059056,-0.05421640728626291,31.79772092023221,28.682713394968825,1.4271848009199752,0.05179282868525897,0.4027236678541914,19,Revenues,LongTermDebt
TT,Trane Technologies,Industrials,Building Products,0001466258,Trane Technologies plc,True,,2025.0,2026-02-05,17677600000.0,,2894000000.0,178300000.0,2894000000.0,3072300000.0,234500000.0,2389600000.0,300700000.0,2088900000.0,2088900000.0,452200000.0,1590100000.0,-1137900000.0,7337800000.0,6068900000.0,0.11816649318912069,0.6799140708915145,4.6194161875276425,0.1471861471861472,-0.3703739869153403,12.341151385927505,10.190191897654584,1.2090823707755936,0.017010227632710324,0.09787455652117306,18,RevenueFromContractWithCustomerExcludingAssessedTax,DebtCurrent
TDG,TransDigm Group,Industrials,Aerospace & Defense,0001260221,TransDigm Group INC,True,,2025.0,2025-11-12,6585000000.0,3842000000.0,2923000000.0,268000000.0,2923000000.0,3191000000.0,,1375000000.0,139000000.0,1236000000.0,1236000000.0,24394000000.0,6261000000.0,18133000000.0,10029000000.0,6339000000.0,0.1876993166287016,0.3873393920401128,0.050668197097646965,7.644625509244751,5.682544656847384,,,1.5821107430194037,0.0211085801063022,0.043560012535255405,17,Revenues,LongTermDebt
TRMB,Trimble Inc.,Information Technology,Application Software,0000864749,TRIMBLE INC.,True,,2025.0,2026-02-25,3798700000.0,2332800000.0,448800000.0,250600000.0,448800000.0,699400000.0,1812000.0,597100000.0,42000000.0,555100000.0,555100000.0,1390600000.0,738800000.0,651800000.0,2270400000.0,1788000000.0,0.14612893884750047,0.7936802973977695,0.39918020998130305,1.9882756648555906,0.9319416642836718,247.68211920529802,329.5253863134658,1.2697986577181208,0.011056414036380868,0.0600514726908779,19,RevenueFromContractWithCustomerExcludingAssessedTax,LongTermDebt
TYL,Tyler Technologies,Information Technology,Application Software,0000860731,TYLER TECHNOLOGIES INC,True,,2025.0,2026-02-18,1951751000.0,861099000.0,218537000.0,154079000.0,218537000.0,372616000.0,23629000.0,380440000.0,20519000.0,359921000.0,359921000.0,597934000.0,744721000.0,-146787000.0,1440779000.0,1065607000.0,0.18440928171677637,0.9659300727827039,0.6019410169015309,1.6046922300706357,-0.3939363849110076,9.248677472597231,16.10055440348724,1.3520735130306014,0.010513123856475544,0.05506741524786912,19,RevenueFromContractWithCustomerExcludingAssessedTax,LongTermDebt
TSN,Tyson Foods,Consumer Staples,Packaged Foods & Meats,0000100493,"TYSON FOODS, INC.",True,,2025.0,2025-11-10,52881000000.0,2631000000.0,-395000000.0,1329000000.0,-395000000.0,934000000.0,428000000.0,1752000000.0,1939000000.0,-187000000.0,-187000000.0,74000000.0,573000000.0,-499000000.0,9751000000.0,4787000000.0,-0.0035362417503451145,-0.20021413276231265,-2.527027027027027,0.07922912205567452,-0.5342612419700214,-0.9228971962616822,4.093457943925234,2.0369751410068937,0.036667233978177415,2.076017130620985,19,RevenueFromContractWithCustomerExcludingAssessedTax,DebtCurrent
UBER,Uber,Industrials,Passenger Ground Transportation,0001543151,"Uber Technologies, Inc",True,,2025.0,2026-02-13,37281000000.0,,1110000000.0,823000000.0,1110000000.0,1933000000.0,483000000.0,3585000000.0,223000000.0,3362000000.0,3362000000.0,10600000000.0,4680000000.0,5920000000.0,12245000000.0,11476000000.0,0.0901799844424774,1.7392653905845836,0.3171698113207547,5.483704086911536,3.0625969994826696,2.298136645962733,7.422360248447205,1.06700941094458,0.005981599206029881,0.11536471805483704,18,Revenues,LongTermDebt
UDR,"UDR, Inc.",Real Estate,Multi-Family Residential REITs,0000074208,"UDR, Inc.",True,,2025.0,2026-02-17,6843000.0,,635008000.0,691838000.0,635008000.0,1326846000.0,186267000.0,832664000.0,4439000.0,828225000.0,828225000.0,5826965000.0,1193000.0,5825772000.0,,,121.03244191144235,0.6242058234339177,0.1421366011294044,4.391591036186566,4.390691911495381,3.4091277574664325,4.470271169879796,,0.6486920941107701,0.003345527664853344,15,RevenueFromContractWithCustomerExcludingAssessedTax,LongTermDebt
ULTA,Ulta Beauty,Consumer Discretionary,Other Specialty Retail,0001403568,"Ulta Beauty, Inc.",True,,2025.0,2026-03-26,11207303000.0,4381100000.0,1678029000.0,243840000.0,1678029000.0,1921869000.0,755000.0,1476266000.0,435267000.0,1040999000.0,1040999000.0,62287000.0,703201000.0,-640914000.0,3028808000.0,1779478000.0,0.09288577278583438,0.5416597072953464,16.712941705331772,0.03240959711614059,-0.33348474844019027,2222.5549668874173,1955.3192052980132,1.7020766764185902,0.0388378006733645,0.22648109730684038,19,Revenues,short_term_debt + long_term_debt
UNP,Union Pacific Corporation,Industrials,Rail Transportation,0000100885,UNION PACIFIC CORP,True,,2025.0,2026-02-06,24119000000.0,,9082000000.0,2318000000.0,9082000000.0,11400000000.0,1157000000.0,8379000000.0,3606000000.0,4773000000.0,4773000000.0,31814000000.0,1055000000.0,30759000000.0,4021000000.0,5254000000.0,0.1978937766905759,0.41868421052631577,0.15002828943232538,2.790701754385965,2.698157894736842,7.849611063094209,7.242005185825411,0.7653216596878569,0.14950868609809695,0.3163157894736842,18,RevenueFromContractWithCustomerExcludingAssessedTax,LongTermDebt
UAL,United Airlines Holdings,Industrials,Passenger Airlines,0000100517,"United Airlines Holdings, Inc.",True,,2025.0,2026-02-12,53717000000.0,,4211000000.0,2671000000.0,4211000000.0,6882000000.0,626000000.0,6911000000.0,7171000000.0,-260000000.0,-260000000.0,11708000000.0,6058000000.0,5650000000.0,18883000000.0,23314000000.0,-0.004840180948303144,-0.03777971519907004,-0.022207037922787838,1.7012496367335077,0.8209822725951759,6.726837060702875,11.039936102236421,0.8099425238054387,0.1334959137703148,1.0419936065097355,18,RevenueFromContractWithCustomerExcludingAssessedTax,LongTermDebt
UPS,United Parcel Service,Industrials,Air Freight & Logistics,0001090727,UNITED PARCEL SERVICE INC,True,,2025.0,2026-02-17,90958000000.0,,9141000000.0,2800000000.0,9141000000.0,11941000000.0,694000000.0,10238000000.0,5158000000.0,5080000000.0,5080000000.0,1838000000.0,6112000000.0,-4274000000.0,19310000000.0,16441000000.0,0.055849952725433714,0.425425006280881,2.763873775843308,0.15392345699690144,-0.3579264718197806,13.171469740634006,14.752161383285303,1.174502767471565,0.056707491369643134,0.431957122519052,18,RevenueFromContractWithCustomerExcludingAssessedTax,DebtCurrent
URI,United Rentals,Industrials,Trading Companies & Distributors,0001067701,"UNITED RENTALS, INC.",True,,2025.0,2026-01-28,3395000000.0,5813000000.0,3827000000.0,431000000.0,3827000000.0,4258000000.0,,4704000000.0,3690000000.0,1014000000.0,1014000000.0,1178000000.0,457000000.0,721000000.0,3249000000.0,3323000000.0,0.2986745213549337,0.23813997181775481,0.8607809847198642,0.2766557069046501,0.16932832315641147,,,0.9777309659945832,1.0868924889543445,0.8666040394551433,17,RevenueFromContractWithCustomerExcludingAssessedTax,DebtCurrent
UNH,UnitedHealth Group,Health Care,Managed Health Care,0000731766,UNITEDHEALTH GROUP INC,True,,2025.0,2026-03-02,371622000000.0,,32358000000.0,3972000000.0,32358000000.0,36330000000.0,3246000000.0,29068000000.0,3386000000.0,25682000000.0,25682000000.0,4545000000.0,25312000000.0,-20767000000.0,85779000000.0,103769000000.0,0.06910785690836388,0.7069088907239196,5.6506050605060505,0.125103220478943,-0.5716212496559318,9.968576709796674,8.955021565003081,0.8266341585637329,0.009111408904747298,0.09320121112028626,18,Revenues,DebtCurrent
UHS,Universal Health Services,Health Care,Health Care Facilities,0000352915,UNIVERSAL HEALTH SERVICES INC,True,,2025.0,2026-02-25,14281976000.0,,1175381000.0,568041000.0,1175381000.0,1743422000.0,206674000.0,1267797000.0,743055000.0,524742000.0,524742000.0,4504541000.0,119439000.0,4385102000.0,2816288000.0,2210406000.0,0.03674155452998941,0.3009839270125076,0.11649178018359695,2.5837353205362787,2.5152269502162987,5.687125618123228,6.134283944763251,1.2741043953011346,0.05202746454692264,0.4262049004773371,18,RevenueFromContractWithCustomerExcludingAssessedTax,LongTermDebt
VLO,Valero Energy,Energy,Oil & Gas Refining & Marketing,0001035002,VALERO ENERGY CORP/TX,True,,,,,533000000.0,11858000000.0,43000000.0,11858000000.0,11901000000.0,592000000.0,9229000000.0,2737000000.0,6492000000.0,6492000000.0,743000000.0,4657000000.0,-3914000000.0,23737000000.0,15495000000.0,,0.5455003781194857,8.737550471063257,0.06243172842618267,-0.3288799260566339,20.030405405405407,15.589527027027026,1.5319135204904808,,0.22998067389295018,17,,DebtCurrent
VTR,Ventas,Real Estate,Health Care REITs,0000740260,"Ventas, Inc.",True,,2025.0,2026-02-06,4497827000.0,,,1392461000.0,,,574112000.0,1119873000.0,649471000.0,470402000.0,470402000.0,13522551000.0,897850000.0,12624701000.0,,,0.10458428036471834,,0.03478648370414724,,,,1.9506176495178642,,0.14439661641054669,,10,Revenues,LongTermDebt
VLTO,Veralto,Industrials,Environmental & Facilities Services,0001967680,Veralto Corp,True,,2025.0,2026-02-20,5021000000.0,2901000000.0,1140000000.0,87000000.0,1140000000.0,1227000000.0,0.0,963000000.0,54000000.0,909000000.0,909000000.0,2599000000.0,1101000000.0,1498000000.0,2387000000.0,1245000000.0,0.18103963353913563,0.7408312958435208,0.3497499038091574,2.1181744091279544,1.2208638956805216,,,1.917269076305221,0.010754829715196175,0.044009779951100246,18,RevenueFromContractWithCustomerExcludingAssessedTax,LongTermDebt
VRSN,Verisign,Information Technology,Internet Services & Infrastructure,0001014473,VERISIGN INC/CA,True,,2025.0,2026-02-05,1493100000.0,,1000600000.0,44100000.0,1000600000.0,1044700000.0,75300000.0,853800000.0,45800000.0,808000000.0,808000000.0,100000000.0,206700000.0,-106700000.0,663800000.0,1531100000.0,0.5411559841939588,0.7734277783095626,8.08,0.09572125969177754,-0.10213458409112663,13.288180610889775,11.338645418326694,0.4335445104826595,0.030674435737726876,0.043840336938834115,18,Revenues,LongTermDebt
VRSK,Verisk Analytics,Industrials,Research & Consulting Services,0001442145,"Verisk Analytics, Inc.",True,,2025.0,2026-02-18,2681400000.0,,1131700000.0,206800000.0,1131700000.0,1338500000.0,138800000.0,1060700000.0,230000000.0,830700000.0,830700000.0,514200000.0,291200000.0,223000000.0,911600000.0,1238900000.0,0.309800850302081,0.6206200971236459,1.6155192532088682,0.3841613746731416,0.16660440791931266,8.153458213256485,7.64193083573487,0.7358140285737348,0.08577608711866935,0.17183414269704894,18,RevenueFromContractWithCustomerExcludingAssessedTax,DebtCurrent
VZ,Verizon,Communication Services,Integrated Telecommunication Services,0000732712,VERIZON COMMUNICATIONS INC,True,,2025.0,2026-02-17,133974000000.0,,22877000000.0,17624000000.0,22877000000.0,40501000000.0,3485000000.0,37475000000.0,17059000000.0,20416000000.0,20416000000.0,22633000000.0,4194000000.0,18439000000.0,40523000000.0,64771000000.0,0.1523877767327989,0.5040863188563245,0.9020456855034684,0.5588257080072097,0.45527270931581937,6.56441893830703,10.7532281205165,0.6256349292121474,0.12733067610133308,0.42119947655613443,18,Revenues,DebtCurrent
VRTX,Vertex Pharmaceuticals,Health Care,Biotechnology,0000875320,VERTEX PHARMACEUTICALS INC / MA,True,,2025.0,2026-02-13,9869200000.0,,3832000000.0,181300000.0,3832000000.0,4013300000.0,72471000.0,3537300000.0,200400000.0,3336900000.0,3336900000.0,,10504000000.0,,9596400000.0,3564600000.0,0.33811251165241357,0.8314603941893205,,,,52.87632294297029,48.80986877509625,2.692139370476351,0.02030559721152677,0.04993396955124212,15,RevenueFromContractWithCustomerExcludingAssessedTax,
VRT,Vertiv,Industrials,Electrical Components & Equipment,0001674101,Vertiv Holdings Co,True,,2025.0,2026-02-13,6863200000.0,,872200000.0,271000000.0,872200000.0,1143200000.0,180100000.0,900500000.0,127900000.0,772600000.0,772600000.0,2928200000.0,780400000.0,2147800000.0,5101800000.0,3097000000.0,0.1125713952675137,0.6758222533240028,0.2638480978075268,2.561406578026592,1.8787613715885234,4.842865074958357,5.0,1.6473361317403938,0.018635621867350505,0.11187893631910427,18,RevenueFromContractWithCustomerExcludingAssessedTax,LongTermDebt
VTRS,Viatris,Health Care,Pharmaceuticals,0001792044,Viatris Inc,True,,2025.0,2026-02-26,15388400000.0,6438600000.0,766200000.0,2740500000.0,766200000.0,3506700000.0,573100000.0,2900000000.0,377000000.0,2523000000.0,2523000000.0,600000.0,991900000.0,-991300000.0,9520700000.0,5779400000.0,0.16395466715188065,0.7194798528531098,4205.0,0.00017110103516126274,-0.28268742692559956,1.3369394521026,5.060198918164369,1.6473509360833305,0.024498973252579867,0.10750848375966007,19,RevenueFromContractWithCustomerExcludingAssessedTax,DebtCurrent
VICI,Vici Properties,Real Estate,Hotel & Resort REITs,0001705696,VICI PROPERTIES INC.,True,,2025.0,2026-02-25,3611988000.0,,140023000.0,4298000.0,140023000.0,144321000.0,392390000.0,2181009000.0,51000.0,2180958000.0,2180958000.0,16732889000.0,524615000.0,16208274000.0,,,0.6038109761161997,15.111854823622341,0.13033959646777074,115.9421636490878,112.30710707381462,0.3568465047529244,5.558268559341472,,1.4119648238034013e-05,0.00035337892614380445,15,Revenues,LongTermDebt
VST,Vistra Corp.,Utilities,Electric Utilities,0001692819,Vistra Corp.,True,,2025.0,2026-02-27,13804000000.0,,2661000000.0,1502000000.0,2661000000.0,4163000000.0,384000000.0,5453000000.0,1676000000.0,3777000000.0,3777000000.0,16298000000.0,1188000000.0,15110000000.0,8119000000.0,8432000000.0,0.2736163430889597,0.9072784049963968,0.2317462265308627,3.9149651693490273,3.6295940427576268,6.9296875,14.200520833333334,0.9628795066413662,0.12141408287452912,0.40259428296901273,18,RevenueFromContractWithCustomerExcludingAssessedTax,LongTermDebt
VMC,Vulcan Materials Company,Materials,Construction Materials,0001396009,Vulcan Materials CO,True,,2025.0,2026-02-19,7781900000.0,1948500000.0,1427400000.0,617000000.0,1427400000.0,2044400000.0,149300000.0,1536800000.0,872600000.0,664200000.0,664200000.0,5307400000.0,559700000.0,4747700000.0,2265700000.0,1239100000.0,0.08535190634677907,0.32488749755429464,0.12514602253457438,2.5960673058109958,2.322295049892389,9.560616208975217,10.293369055592766,1.828504559761117,0.11213199861216412,0.42682449618469964,19,RevenueFromContractWithCustomerExcludingAssessedTax,LongTermDebt
GWW,W. W. Grainger,Industrials,Industrial Machinery & Supplies & Components,0000277135,"W.W. GRAINGER, INC.",True,,2025.0,2026-02-19,16478000000.0,6496000000.0,2565000000.0,277000000.0,2565000000.0,2842000000.0,76000000.0,2031000000.0,445000000.0,1586000000.0,1586000000.0,2778000000.0,1036000000.0,1742000000.0,5737000000.0,2305000000.0,0.09624954484767569,0.558057705840957,0.5709143268538517,0.9774806474313863,0.6129486277269528,33.75,26.723684210526315,2.488937093275488,0.027005704575798033,0.1565798733286418,19,RevenueFromContractWithCustomerExcludingAssessedTax,LongTermDebt
WAB,Wabtec,Industrials,Construction Machinery & Heavy Transportation Equipment,0000943452,WESTINGHOUSE AIR BRAKE TECHNOLOGIES CORP,True,,2025.0,2026-02-13,9677000000.0,2944000000.0,1266000000.0,531000000.0,1266000000.0,1797000000.0,15983000.0,1201000000.0,186000000.0,1015000000.0,1015000000.0,3980000000.0,541000000.0,3439000000.0,4943000000.0,3792000000.0,0.10488787847473391,0.5648302726766834,0.2550251256281407,2.21480244852532,1.9137451307735114,79.20915973221548,75.14233873490583,1.3035337552742616,0.01922083290275912,0.10350584307178631,19,RevenueFromContractWithCustomerExcludingAssessedTax,LongTermDebt
WMT,Walmart,Consumer Staples,Consumer Staples Merchandise Retail,0000104169,Walmart Inc.,True,,2026.0,2026-03-13,642637000000.0,,27012000000.0,10080000000.0,27012000000.0,37092000000.0,,35726000000.0,20606000000.0,15120000000.0,15120000000.0,35999000000.0,9037000000.0,26962000000.0,79458000000.0,96584000000.0,0.023528057052426176,0.40763506955677775,0.42001166699074977,0.9705327294295266,0.7268952873935081,,,0.8226828460200447,0.03206475817607763,0.5555375822279737,16,RevenueFromContractWithCustomerExcludingAssessedTax,LongTermDebt
DIS,Walt Disney Company (The),Communication Services,Movies & Entertainment,0001744489,Walt Disney Co,True,,2025.0,2025-11-13,88898000000.0,,12863000000.0,5369000000.0,12863000000.0,18232000000.0,-1973000000.0,9866000000.0,4969000000.0,4897000000.0,4897000000.0,45815000000.0,14182000000.0,31633000000.0,25241000000.0,34599000000.0,0.055085603725618125,0.26859368143922774,0.10688639092000436,2.5128894251864855,1.7350263273365512,6.519513431322858,5.0005068423720225,0.7295297551952369,0.055895520709127317,0.27254278192189557,18,Revenues,LongTermDebt
WBD,Warner Bros. Discovery,Communication Services,Broadcasting,0001437107,"Warner Bros. Discovery, Inc.",True,,2025.0,2026-02-27,41321000000.0,,-1548000000.0,7985000000.0,-1548000000.0,6437000000.0,633000000.0,7477000000.0,1316000000.0,6161000000.0,6161000000.0,39505000000.0,5312000000.0,34193000000.0,14078000000.0,15810000000.0,0.14910094140993685,0.9571228833307441,0.15595494241235286,6.1371757029672205,5.311946558956035,-2.4454976303317535,11.812006319115325,0.8904490828589501,0.031848212773166185,0.20444306353891564,18,RevenueFromContractWithCustomerExcludingAssessedTax,LongTermDebt
WM,Waste Management,Industrials,Environmental & Facilities Services,0000823768,WASTE MANAGEMENT INC,True,,2025.0,2026-02-09,20426000000.0,,3575000000.0,2071000000.0,3575000000.0,5646000000.0,503000000.0,4719000000.0,2895000000.0,1824000000.0,1824000000.0,1359000000.0,458000000.0,901000000.0,4774000000.0,6258000000.0,0.0892979535885636,0.3230605738575983,1.3421633554083885,0.24070138150903295,0.1595820049592632,7.107355864811133,9.381709741550695,0.7628635346756152,0.14173112699500637,0.5127523910733263,18,RevenueFromContractWithCustomerExcludingAssessedTax,DebtCurrent
WAT,Waters Corporation,Health Care,Life Sciences Tools & Services,0001000697,WATERS CORP /DE/,True,,2025.0,2026-02-23,2956416000.0,1120762000.0,817676000.0,84625000.0,817676000.0,902301000.0,98861000.0,602809000.0,160632000.0,442177000.0,442177000.0,1410000000.0,325355000.0,1084645000.0,1669111000.0,789758000.0,0.14956521680304802,0.4900548708247026,0.31360070921985816,1.5626714366935202,1.202087773370527,8.270966306227937,6.097540991897715,2.1134461442619132,0.054333354981166385,0.17802484980067626,19,RevenueFromContractWithCustomerExcludingAssessedTax,LongTermDebt
WEC,WEC Energy Group,Utilities,Electric Utilities,0000783325,"WEC ENERGY GROUP, INC.",True,,2025.0,2026-02-20,8893000000.0,,1908000000.0,1264200000.0,1908000000.0,3172200000.0,471100000.0,3018400000.0,2874300000.0,144100000.0,144100000.0,18907100000.0,42900000.0,18864200000.0,2911700000.0,4841900000.0,0.01620375576295963,0.045425887396759346,0.007621475530356321,5.96024840804489,5.946724670575626,4.050095521120781,6.407132243684993,0.6013548400421322,0.323209265714607,0.9060904104407036,18,Revenues,LongTermDebt
WELL,Welltower,Real Estate,Health Care REITs,0000766704,WELLTOWER INC.,True,,2025.0,2026-02-12,4753804000.0,,,1401101000.0,,,,1601861000.0,,,,19197302000.0,3506586000.0,15690716000.0,,,,,,,,,,,,,5,RevenueFromContractWithCustomerExcludingAssessedTax,LongTermDebt
WST,West Pharmaceutical Services,Health Care,Health Care Supplies,0000105770,WEST PHARMACEUTICAL SERVICES INC,True,,2025.0,2026-02-17,2949800000.0,1129200000.0,676000000.0,137300000.0,676000000.0,813300000.0,8200000.0,776500000.0,362000000.0,414500000.0,414500000.0,202600000.0,484600000.0,-282000000.0,1538100000.0,550400000.0,0.1405180012204217,0.5096520349194639,2.045903257650543,0.24910857002336162,-0.3467355219476208,82.4390243902439,94.6951219512195,2.794513081395349,0.12272018441928266,0.44510020902496006,19,RevenueFromContractWithCustomerExcludingAssessedTax,LongTermDebt
WDC,Western Digital,Information Technology,"Technology Hardware, Storage & Peripherals",0000106040,WESTERN DIGITAL CORP,True,,2025.0,2025-08-14,6255000000.0,1391000000.0,-548000000.0,828000000.0,-548000000.0,280000000.0,304000000.0,-408000000.0,821000000.0,-1229000000.0,-1229000000.0,7434000000.0,1551000000.0,5883000000.0,8060000000.0,6087000000.0,-0.1964828137490008,-4.389285714285714,-0.1653214958299704,26.55,21.010714285714286,-1.8026315789473684,-1.3421052631578947,1.3241333990471498,0.13125499600319745,2.932142857142857,19,RevenueFromContractWithCustomerExcludingAssessedTax,LongTermDebt
WY,Weyerhaeuser,Real Estate,Timber REITs,0000106535,WEYERHAEUSER CO,True,,2025.0,2026-02-13,7674000000.0,1682000000.0,1186000000.0,500000000.0,1186000000.0,1686000000.0,280000000.0,1433000000.0,451000000.0,982000000.0,982000000.0,5076000000.0,684000000.0,4392000000.0,1748000000.0,977000000.0,0.12796455564242898,0.5824436536180309,0.19345941686367218,3.0106761565836297,2.604982206405694,4.235714285714286,5.117857142857143,1.7891504605936541,0.05876987229606463,0.267497034400949,19,Revenues,LongTermDebt
WSM,"Williams-Sonoma, Inc.",Consumer Discretionary,Homefurnishing Retail,0000719955,WILLIAMS SONOMA INC,True,,2025.0,2026-03-26,7750652000.0,3303601000.0,1244193000.0,232590000.0,1244193000.0,1476783000.0,,1680273000.0,188458000.0,1491815000.0,1491815000.0,1968000.0,1212977000.0,-1211009000.0,2754609000.0,1911974000.0,0.19247606523941468,1.010178882070013,758.0360772357724,0.0013326263912842983,-0.8200317853063043,,,1.4407146749903503,0.024315115683170914,0.1276138742117156,17,RevenueFromContractWithCustomerExcludingAssessedTax,DebtCurrent
WMB,Williams Companies,Energy,Oil & Gas Storage & Transportation,0000107263,"WILLIAMS COMPANIES, INC.",True,,2025.0,2026-02-24,11996000000.0,,4311000000.0,2071000000.0,4311000000.0,6382000000.0,1179000000.0,5938000000.0,2516000000.0,3422000000.0,3422000000.0,17000000.0,152000000.0,-135000000.0,4513000000.0,5312000000.0,0.28526175391797265,0.5361955499843309,201.2941176470588,0.00266374177373864,-0.021153243497336258,3.6564885496183206,5.036471586089907,0.849585843373494,0.20973657885961988,0.3942337825133187,18,RevenueFromContractWithCustomerExcludingAssessedTax,DebtCurrent
WDAY,"Workday, Inc.",Information Technology,Application Software,0001327811,"Workday, Inc.",True,,2026.0,2026-03-06,7259000000.0,,183000000.0,203000000.0,183000000.0,386000000.0,17000000.0,2149000000.0,232000000.0,1917000000.0,1917000000.0,2976000000.0,2012000000.0,964000000.0,10545000000.0,5548000000.0,0.26408596225375397,4.966321243523316,0.6441532258064516,7.709844559585492,2.4974093264248705,10.764705882352942,126.41176470588235,1.9006849315068493,0.031960325113652016,0.6010362694300518,18,RevenueFromContractWithCustomerExcludingAssessedTax,LongTermDebt
WYNN,Wynn Resorts,Consumer Discretionary,Casinos & Gaming,0001174922,WYNN RESORTS LTD,True,,2018.0,2019-02-28,4345797000.0,,840171000.0,687270000.0,840171000.0,1527441000.0,605562000.0,1247879000.0,442793000.0,805086000.0,805086000.0,10541734000.0,2426155000.0,8115579000.0,2921679000.0,1539534000.0,0.18525623723335444,0.5270815697627601,0.07637130665600175,6.901565428713777,5.313186564980251,1.3874235833820485,2.060695684339506,1.897768415637459,0.10188994101657302,0.2898920482034985,18,Revenues,LongTermDebt
XEL,Xcel Energy,Utilities,Multi-Utilities,0000072903,XCEL ENERGY INC,True,,2018.0,2019-02-22,11107000000.0,,2481000000.0,,2481000000.0,,1055000000.0,5327000000.0,5854000000.0,-527000000.0,-527000000.0,27316000000.0,111000000.0,27205000000.0,4325000000.0,6459000000.0,-0.04744755559557036,,-0.019292722214086983,,,2.351658767772512,5.049289099526066,0.6696082984982196,0.527055010353831,,14,RevenueFromContractWithCustomerExcludingAssessedTax,LongTermDebt
XYL,Xylem Inc.,Industrials,Industrial Machinery & Supplies & Components,0001524472,Xylem Inc.,True,,2025.0,2026-02-25,7364000000.0,2717000000.0,652000000.0,436000000.0,652000000.0,1088000000.0,76000000.0,837000000.0,271000000.0,566000000.0,566000000.0,1954000000.0,1121000000.0,833000000.0,4098000000.0,2336000000.0,0.07686040195545898,0.5202205882352942,0.2896622313203685,1.7959558823529411,0.765625,8.578947368421053,11.013157894736842,1.7542808219178083,0.03680065181966323,0.24908088235294118,19,RevenueFromContractWithCustomerExcludingAssessedTax,LongTermDebt
YUM,Yum! Brands,Consumer Discretionary,Restaurants,0001041061,YUM BRANDS INC,True,,2025.0,2026-02-20,7076000000.0,,2318000000.0,153000000.0,2318000000.0,2471000000.0,118000000.0,1603000000.0,285000000.0,1318000000.0,1318000000.0,27000000.0,512000000.0,-485000000.0,1871000000.0,1269000000.0,0.18626342566421708,0.5333872925940915,48.81481481481482,0.010926750303520841,-0.1962768110076892,19.64406779661017,13.584745762711865,1.4743892828999212,0.04027699265121538,0.11533791987049777,18,Revenues,DebtCurrent
ZBRA,Zebra Technologies,Information Technology,Electronic Equipment & Instruments,0000877212,ZEBRA TECHNOLOGIES CORP,True,,2025.0,2026-02-12,4584000000.0,2123000000.0,481000000.0,176000000.0,481000000.0,657000000.0,89000000.0,-4000000.0,87000000.0,-91000000.0,-91000000.0,266000000.0,137000000.0,129000000.0,2440000000.0,1704000000.0,-0.019851657940663178,-0.1385083713850837,-0.34210526315789475,0.4048706240487062,0.1963470319634703,5.404494382022472,-0.0449438202247191,1.431924882629108,0.018979057591623036,0.1324200913242009,19,RevenueFromContractWithCustomerExcludingAssessedTax,LongTermDebt
ZBH,Zimmer Biomet,Health Care,Health Care Equipment,0001136869,"ZIMMER BIOMET HOLDINGS, INC.",True,,2025.0,2026-02-20,7394200000.0,1278700000.0,1277700000.0,951700000.0,1277700000.0,2229400000.0,,1581600000.0,291100000.0,1290500000.0,1290500000.0,1000000000.0,525500000.0,474500000.0,4671500000.0,2450900000.0,0.17452868464472154,0.5788552973894321,1.2905,0.44855117968960256,0.2128375347627164,,,1.9060345179321883,0.03936869438208326,0.1305732484076433,17,RevenueFromContractWithCustomerExcludingAssessedTax,LongTermDebt
ZTS,Zoetis,Health Care,Pharmaceuticals,0001555280,Zoetis Inc.,True,,2025.0,2026-02-12,8544000000.0,,,491000000.0,,,239000000.0,2353000000.0,732000000.0,1621000000.0,1621000000.0,5000000.0,3581000000.0,-3576000000.0,5986000000.0,3412000000.0,0.1897237827715356,,324.2,,,,9.845188284518828,1.7543962485345839,0.08567415730337079,,13,Revenues,DebtCurrent
