date,ticker,close
2025-01-02,ABBV,170.57876586914062
2025-01-03,ABBV,172.2708740234375
2025-01-06,ABBV,171.2061767578125
2025-01-07,ABBV,170.664306640625
2025-01-08,ABBV,169.6851806640625
2025-01-10,ABBV,166.5196075439453
2025-01-13,ABBV,168.01210021972656
2025-01-14,ABBV,166.880859375
2025-01-15,ABBV,164.42433166503906
2025-01-16,ABBV,166.67933654785156
2025-01-17,ABBV,164.62583923339844
2025-01-21,ABBV,165.6334228515625
2025-01-22,ABBV,162.36123657226562
2025-01-23,ABBV,163.7718048095703
2025-01-24,ABBV,163.41676330566406
2025-01-27,ABBV,169.75
2025-01-28,ABBV,167.74447631835938
2025-01-29,ABBV,168.17630004882812
2025-01-30,ABBV,168.550537109375
2025-01-31,ABBV,176.46707153320312
2025-02-03,ABBV,182.4548797607422
2025-02-04,ABBV,182.27255249023438
2025-02-05,ABBV,183.9998016357422
2025-02-06,ABBV,185.1704864501953
2025-02-07,ABBV,182.8962860107422
2025-02-10,ABBV,182.64678955078125
2025-02-11,ABBV,184.0765838623047
2025-02-12,ABBV,185.1992645263672
2025-02-13,ABBV,185.631103515625
2025-02-14,ABBV,185.07452392578125
2025-02-18,ABBV,188.3179168701172
2025-02-19,ABBV,189.37347412109375
2025-02-20,ABBV,192.76077270507812
2025-02-21,ABBV,193.9122772216797
2025-02-24,ABBV,195.83143615722656
2025-02-25,ABBV,195.88902282714844
2025-02-26,ABBV,194.8046875
2025-02-27,ABBV,196.7334442138672
2025-02-28,ABBV,200.5813751220703
2025-03-03,ABBV,202.93235778808594
2025-03-04,ABBV,199.36270141601562
2025-03-05,ABBV,202.98992919921875
2025-03-06,ABBV,202.2318572998047
2025-03-07,ABBV,205.62876892089844
2025-03-10,ABBV,207.90296936035156
2025-03-11,ABBV,204.95706176757812
2025-03-12,ABBV,203.48890686035156
2025-03-13,ABBV,202.99952697753906
2025-03-14,ABBV,203.21063232421875
2025-03-17,ABBV,205.80149841308594
2025-03-18,ABBV,205.20655822753906
2025-03-19,ABBV,203.6712188720703
2025-03-20,ABBV,203.3929443359375
2025-03-21,ABBV,201.52175903320312
2025-03-24,ABBV,200.71571350097656
2025-03-25,ABBV,193.20220947265625
2025-03-26,ABBV,193.16380310058594
2025-03-27,ABBV,194.5264129638672
2025-03-28,ABBV,196.99253845214844
2025-03-31,ABBV,201.05157470703125
2025-04-01,ABBV,197.9329376220703
2025-04-02,ABBV,196.89657592773438
2025-04-03,ABBV,193.4900360107422
2025-04-04,ABBV,179.40341186523438
2025-04-07,ABBV,179.0099639892578
2025-04-08,ABBV,168.5697479248047
2025-04-09,ABBV,172.57118225097656
2025-04-10,ABBV,167.15914916992188
2025-04-11,ABBV,167.97479248046875
2025-04-14,ABBV,171.86109924316406
2025-04-15,ABBV,171.22190856933594
2025-04-16,ABBV,166.26344299316406
2025-04-17,ABBV,167.53213500976562
2025-04-21,ABBV,164.7914276123047
2025-04-22,ABBV,168.29718017578125
2025-04-23,ABBV,171.46401977539062
2025-04-24,ABBV,174.6792755126953
2025-04-25,ABBV,180.1897430419922
2025-04-28,ABBV,186.2716064453125
2025-04-29,ABBV,187.4047088623047
2025-04-30,ABBV,188.94456481933594
2025-05-01,ABBV,187.2400665283203
2025-05-02,ABBV,192.2082061767578
2025-05-05,ABBV,189.88394165039062
2025-05-06,ABBV,181.24537658691406
2025-05-07,ABBV,182.1557159423828
2025-05-08,ABBV,179.7248992919922
2025-05-09,ABBV,178.7758331298828
2025-05-12,ABBV,184.07325744628906
2025-05-13,ABBV,182.0685577392578
2025-05-14,ABBV,171.8417205810547
2025-05-15,ABBV,175.9479522705078
2025-05-16,ABBV,178.21412658691406
2025-05-19,ABBV,179.85079956054688
2025-05-20,ABBV,179.01792907714844
2025-05-21,ABBV,176.0641632080078
2025-05-22,ABBV,176.7808074951172
2025-05-23,ABBV,177.47808837890625
2025-05-27,ABBV,179.86048889160156
2025-05-28,ABBV,177.31344604492188
2025-05-29,ABBV,179.76364135742188
2025-05-30,ABBV,180.23818969726562
2025-06-02,ABBV,181.0904083251953
2025-06-03,ABBV,181.3422088623047
2025-06-04,ABBV,181.4293670654297
2025-06-05,ABBV,181.55526733398438
2025-06-06,ABBV,183.8408203125
2025-06-09,ABBV,183.19195556640625
2025-06-10,ABBV,183.52122497558594
2025-06-11,ABBV,185.45811462402344
2025-06-12,ABBV,186.34910583496094
2025-06-13,ABBV,185.0513916015625
2025-06-16,ABBV,184.8383026123047
2025-06-17,ABBV,179.6280517578125
2025-06-18,ABBV,179.6377410888672
2025-06-20,ABBV,179.4537353515625
2025-06-23,ABBV,177.96231079101562
2025-06-24,ABBV,179.69586181640625
2025-06-25,ABBV,179.5408935546875
2025-06-26,ABBV,180.896728515625
2025-06-27,ABBV,176.5580596923828
2025-06-30,ABBV,179.76364135742188
2025-07-01,ABBV,183.99575805664062
2025-07-02,ABBV,184.73178100585938
2025-07-03,ABBV,183.30816650390625
2025-07-07,ABBV,181.71023559570312
2025-07-08,ABBV,183.78271484375
2025-07-09,ABBV,184.60589599609375
2025-07-10,ABBV,188.8477020263672
2025-07-11,ABBV,186.37814331054688
2025-07-14,ABBV,185.4774932861328
2025-07-15,ABBV,182.06842041015625
2025-07-16,ABBV,186.16127014160156
2025-07-17,ABBV,186.96224975585938
2025-07-18,ABBV,184.8718719482422
2025-07-21,ABBV,180.5641326904297
2025-07-22,ABBV,182.771728515625
2025-07-23,ABBV,186.1319580078125
2025-07-24,ABBV,186.4054718017578
2025-07-25,ABBV,185.86822509765625
2025-07-28,ABBV,184.1490478515625
2025-07-29,ABBV,186.78643798828125
2025-07-30,ABBV,184.92071533203125
2025-07-31,ABBV,184.63743591308594
2025-08-01,ABBV,190.69369506835938
2025-08-04,ABBV,192.61801147460938
2025-08-05,ABBV,193.9464874267578
2025-08-06,ABBV,191.74864196777344
2025-08-07,ABBV,194.24928283691406
2025-08-08,ABBV,193.45806884765625
2025-08-11,ABBV,194.03439331054688
2025-08-12,ABBV,194.03439331054688
2025-08-13,ABBV,196.7987823486328
2025-08-14,ABBV,199.93434143066406
2025-08-15,ABBV,201.8977508544922
2025-08-18,ABBV,201.78054809570312
2025-08-19,ABBV,201.4093475341797
2025-08-20,ABBV,204.3007049560547
2025-08-21,ABBV,204.64260864257812
2025-08-22,ABBV,205.71710205078125
2025-08-25,ABBV,202.73780822753906
2025-08-26,ABBV,203.52903747558594
2025-08-27,ABBV,203.2359619140625
2025-08-28,ABBV,203.09922790527344
2025-08-29,ABBV,205.521728515625
2025-09-02,ABBV,207.00648498535156
2025-09-03,ABBV,206.9478759765625
2025-09-04,ABBV,208.0614471435547
2025-09-05,ABBV,207.63165283203125
2025-09-08,ABBV,204.9258575439453
2025-09-09,ABBV,205.54127502441406
2025-09-10,ABBV,206.73297119140625
2025-09-11,ABBV,215.11402893066406
2025-09-12,ABBV,213.2776336669922
2025-09-15,ABBV,212.5645751953125
2025-09-16,ABBV,211.24586486816406
2025-09-17,ABBV,215.6903533935547
2025-09-18,ABBV,216.843017578125
2025-09-19,ABBV,217.31187438964844
2025-09-22,ABBV,217.42909240722656
2025-09-23,ABBV,217.44863891601562
2025-09-24,ABBV,214.88937377929688
2025-09-25,ABBV,213.47299194335938
2025-09-26,ABBV,215.4949951171875
2025-09-29,ABBV,217.9858856201172
2025-09-30,ABBV,226.17156982421875
2025-10-01,ABBV,238.71388244628906
2025-10-02,ABBV,231.07518005371094
2025-10-03,ABBV,228.48663330078125
2025-10-06,ABBV,224.85287475585938
2025-10-07,ABBV,227.43167114257812
2025-10-08,ABBV,225.8785400390625
2025-10-09,ABBV,225.34130859375
2025-10-10,ABBV,225.1556854248047
2025-10-13,ABBV,224.9603271484375
2025-10-14,ABBV,223.8174591064453
2025-10-15,ABBV,222.56796264648438
2025-10-16,ABBV,223.2074737548828
2025-10-17,ABBV,225.8638916015625
2025-10-20,ABBV,228.3136749267578
2025-10-21,ABBV,227.6544952392578
2025-10-22,ABBV,224.98825073242188
2025-10-23,ABBV,224.565185546875
2025-10-24,ABBV,224.3094024658203
2025-10-27,ABBV,224.34873962402344
2025-10-28,ABBV,223.86663818359375
2025-10-29,ABBV,221.50538635253906
2025-10-30,ABBV,224.5159912109375
2025-10-31,ABBV,214.52000427246094
2025-11-03,ABBV,208.53817749023438
2025-11-04,ABBV,212.40472412109375
2025-11-05,ABBV,213.27052307128906
2025-11-06,ABBV,215.50387573242188
2025-11-07,ABBV,215.62193298339844
2025-11-10,ABBV,215.17921447753906
2025-11-11,ABBV,221.534912109375
2025-11-12,ABBV,229.46478271484375
2025-11-13,ABBV,228.5399627685547
2025-11-14,ABBV,228.6088409423828
2025-11-17,ABBV,230.2223663330078
2025-11-18,ABBV,230.09445190429688
2025-11-19,ABBV,229.14996337890625
2025-11-20,ABBV,225.7458038330078
2025-11-21,ABBV,232.46554565429688
2025-11-24,ABBV,225.80484008789062
2025-11-25,ABBV,228.05787658691406
2025-11-26,ABBV,223.98472595214844
2025-11-28,ABBV,224.02406311035156
2025-12-01,ABBV,221.47589111328125
2025-12-02,ABBV,220.74783325195312
2025-12-03,ABBV,226.52305603027344
2025-12-04,ABBV,225.01776123046875
2025-12-05,ABBV,222.43023681640625
2025-12-08,ABBV,219.51800537109375
2025-12-09,ABBV,219.39012145996094
2025-12-10,ABBV,221.54473876953125
2025-12-11,ABBV,220.36412048339844
2025-12-12,ABBV,219.71478271484375
2025-12-15,ABBV,223.77810668945312
2025-12-16,ABBV,220.0591278076172
2025-12-17,ABBV,220.6887969970703
2025-12-18,ABBV,219.2228546142578
2025-12-19,ABBV,223.15829467773438
2025-12-22,ABBV,224.23068237304688
2025-12-23,ABBV,225.09646606445312
2025-12-24,ABBV,226.1787109375
2025-12-26,ABBV,226.2672576904297
2025-12-29,ABBV,227.11337280273438
2025-12-30,ABBV,226.03114318847656
2025-12-31,ABBV,224.8013153076172
2026-01-02,ABBV,225.6080780029297
2026-01-05,ABBV,216.62545776367188
2026-01-06,ABBV,220.31492614746094
2026-01-07,ABBV,229.6517333984375
2026-01-08,ABBV,220.51170349121094
2026-01-09,ABBV,216.52708435058594
2026-01-12,ABBV,216.4877166748047
2026-01-13,ABBV,217.186279296875
2026-01-14,ABBV,218.307861328125
2026-01-15,ABBV,213.25083923339844
2026-01-16,ABBV,212.58636474609375
2026-01-20,ABBV,212.27890014648438
2026-01-21,ABBV,214.3715362548828
2026-01-22,ABBV,216.31541442871094
2026-01-23,ABBV,217.45594787597656
2026-01-26,ABBV,218.9535369873047
2026-01-27,ABBV,222.0875244140625
2026-01-28,ABBV,216.8708038330078
2026-01-29,ABBV,218.61631774902344
2026-01-30,ABBV,221.1750946044922
2026-02-02,ABBV,223.78346252441406
2026-02-03,ABBV,223.8032989501953
2026-02-04,ABBV,215.32363891601562
2026-02-05,ABBV,217.21792602539062
2026-02-06,ABBV,221.5916290283203
2026-02-09,ABBV,221.42303466796875
2026-02-10,ABBV,220.6097869873047
2026-02-11,ABBV,219.07254028320312
2026-02-12,ABBV,225.62815856933594
2026-02-13,ABBV,229.59524536132812
2026-02-17,ABBV,230.94406127929688
2026-02-18,ABBV,226.83811950683594
2026-02-19,ABBV,222.5040740966797
2026-02-20,ABBV,222.9602813720703
2026-02-23,ABBV,227.59185791015625
2026-02-24,ABBV,226.5604248046875
2026-02-25,ABBV,225.0529327392578
2026-02-26,ABBV,222.84127807617188
2026-02-27,ABBV,230.17047119140625
2026-03-02,ABBV,232.33253479003906
2026-03-03,ABBV,231.93582153320312
2026-03-04,ABBV,234.2466583251953
2026-03-05,ABBV,230.43826293945312
2026-03-06,ABBV,228.2166748046875
2026-03-09,ABBV,225.5785675048828
2026-03-10,ABBV,225.14218139648438
2026-03-11,ABBV,225.80667114257812
2026-03-12,ABBV,223.5156707763672
2026-03-13,ABBV,217.87249755859375
2026-03-16,ABBV,219.6279296875
2026-03-17,ABBV,217.9518280029297
2026-03-18,ABBV,206.62579345703125
2026-03-19,ABBV,204.5331573486328
2026-03-20,ABBV,203.38272094726562
2026-03-23,ABBV,203.2438507080078
2026-03-24,ABBV,203.5116424560547
2026-03-25,ABBV,205.475341796875
2026-03-26,ABBV,209.38291931152344
2026-03-27,ABBV,207.6770782470703
2026-03-30,ABBV,211.36647033691406
2026-03-31,ABBV,215.7005157470703
2026-04-01,ABBV,213.21116638183594
2026-04-02,ABBV,207.12168884277344
2026-04-06,ABBV,204.9893798828125
2026-04-07,ABBV,204.67201232910156
2026-04-08,ABBV,209.84906005859375
2026-04-09,ABBV,210.6523895263672
2026-04-10,ABBV,206.22909545898438
2026-04-13,ABBV,204.7711944580078
2026-04-14,ABBV,208.52999877929688
2026-04-15,ABBV,208.4199981689453
2026-04-16,ABBV,208.99000549316406
2026-04-17,ABBV,208.3800048828125
2026-04-20,ABBV,203.7100067138672
2026-04-21,ABBV,205.1199951171875
2026-04-22,ABBV,200.5
2026-04-23,ABBV,200.9499969482422
2026-04-24,ABBV,198.7100067138672
2026-04-27,ABBV,197.3800048828125
2026-04-28,ABBV,197.69000244140625
2026-04-29,ABBV,203.88999938964844
2026-04-30,ABBV,211.32000732421875
2026-05-01,ABBV,206.60000610351562
2025-01-02,ABT,110.07878112792969
2025-01-03,ABT,110.45721435546875
2025-01-06,ABT,109.69062805175781
2025-01-07,ABT,110.03995513916016
2025-01-08,ABT,110.86477661132812
2025-01-10,ABT,108.98224639892578
2025-01-13,ABT,109.836181640625
2025-01-14,ABT,109.67121124267578
2025-01-15,ABT,108.37384033203125
2025-01-16,ABT,111.11489868164062
2025-01-17,ABT,110.6954574584961
2025-01-21,ABT,113.92423248291016
2025-01-22,ABT,114.88993835449219
2025-01-23,ABT,120.19645690917969
2025-01-24,ABT,121.96202850341797
2025-01-27,ABT,126.25407409667969
2025-01-28,ABT,124.26412200927734
2025-01-29,ABT,124.72260284423828
2025-01-30,ABT,125.64928436279297
2025-01-31,ABT,124.79088592529297
2025-02-03,ABT,125.2981185913086
2025-02-04,ABT,125.93217468261719
2025-02-05,ABT,128.8195343017578
2025-02-06,ABT,125.07376098632812
2025-02-07,ABT,125.90292358398438
2025-02-10,ABT,128.0879364013672
2025-02-11,ABT,128.2147674560547
2025-02-12,ABT,127.28807067871094
2025-02-13,ABT,128.55615234375
2025-02-14,ABT,127.4051284790039
2025-02-18,ABT,126.98567199707031
2025-02-19,ABT,128.88783264160156
2025-02-20,ABT,129.90228271484375
2025-02-21,ABT,131.60935974121094
2025-02-24,ABT,131.6386260986328
2025-02-25,ABT,132.48727416992188
2025-02-26,ABT,132.62387084960938
2025-02-27,ABT,132.53604125976562
2025-02-28,ABT,134.62353515625
2025-03-03,ABT,136.77931213378906
2025-03-04,ABT,134.20411682128906
2025-03-05,ABT,134.33090209960938
2025-03-06,ABT,131.76544189453125
2025-03-07,ABT,133.77488708496094
2025-03-10,ABT,133.98948669433594
2025-03-11,ABT,129.40481567382812
2025-03-12,ABT,127.08320617675781
2025-03-13,ABT,126.70278930664062
2025-03-14,ABT,123.60082244873047
2025-03-17,ABT,124.50799560546875
2025-03-18,ABT,123.20087432861328
2025-03-19,ABT,124.29338836669922
2025-03-20,ABT,123.66910552978516
2025-03-21,ABT,123.23988342285156
2025-03-24,ABT,124.08854675292969
2025-03-25,ABT,122.51805114746094
2025-03-26,ABT,123.5032730102539
2025-03-27,ABT,128.126953125
2025-03-28,ABT,127.60997772216797
2025-03-31,ABT,129.39505004882812
2025-04-01,ABT,128.45863342285156
2025-04-02,ABT,128.69271850585938
2025-04-03,ABT,128.4001007080078
2025-04-04,ABT,121.38651275634766
2025-04-07,ABT,121.79621124267578
2025-04-08,ABT,120.90853881835938
2025-04-09,ABT,123.92271423339844
2025-04-10,ABT,121.4450454711914
2025-04-11,ABT,123.76663970947266
2025-04-14,ABT,124.82014465332031
2025-04-15,ABT,123.69316864013672
2025-04-16,ABT,127.10350036621094
2025-04-17,ABT,128.35784912109375
2025-04-21,ABT,127.28970336914062
2025-04-22,ABT,129.0928497314453
2025-04-23,ABT,127.24069213867188
2025-04-24,ABT,126.78990936279297
2025-04-25,ABT,126.27052307128906
2025-04-28,ABT,126.93689727783203
2025-04-29,ABT,127.88749694824219
2025-04-30,ABT,128.13247680664062
2025-05-01,ABT,128.25987243652344
2025-05-02,ABT,130.1610565185547
2025-05-05,ABT,129.9454345703125
2025-05-06,ABT,130.396240234375
2025-05-07,ABT,131.26841735839844
2025-05-08,ABT,131.31741333007812
2025-05-09,ABT,130.57264709472656
2025-05-12,ABT,129.34764099121094
2025-05-13,ABT,126.46651458740234
2025-05-14,ABT,125.98631286621094
2025-05-15,ABT,130.68043518066406
2025-05-16,ABT,132.1013946533203
2025-05-19,ABT,132.8363800048828
2025-05-20,ABT,132.49339294433594
2025-05-21,ABT,130.38644409179688
2025-05-22,ABT,128.8674774169922
2025-05-23,ABT,128.67147827148438
2025-05-27,ABT,130.2786407470703
2025-05-28,ABT,129.37705993652344
2025-05-29,ABT,130.19044494628906
2025-05-30,ABT,130.9058380126953
2025-06-02,ABT,130.8960418701172
2025-06-03,ABT,131.03321838378906
2025-06-04,ABT,130.29824829101562
2025-06-05,ABT,131.2586212158203
2025-06-06,ABT,130.9058380126953
2025-06-09,ABT,130.7294158935547
2025-06-10,ABT,131.44480895996094
2025-06-11,ABT,132.57179260253906
2025-06-12,ABT,133.71836853027344
2025-06-13,ABT,132.9049835205078
2025-06-16,ABT,131.32720947265625
2025-06-17,ABT,129.63185119628906
2025-06-18,ABT,129.75926208496094
2025-06-20,ABT,130.32763671875
2025-06-23,ABT,130.59222412109375
2025-06-24,ABT,135.31573486328125
2025-06-25,ABT,134.64935302734375
2025-06-26,ABT,130.9940185546875
2025-06-27,ABT,131.68980407714844
2025-06-30,ABT,133.28717041015625
2025-07-01,ABT,133.5321807861328
2025-07-02,ABT,131.42520141601562
2025-07-03,ABT,131.74862670898438
2025-07-07,ABT,131.02340698242188
2025-07-08,ABT,130.6902313232422
2025-07-09,ABT,130.55303955078125
2025-07-10,ABT,130.92543029785156
2025-07-11,ABT,129.37705993652344
2025-07-14,ABT,129.38685607910156
2025-07-15,ABT,129.4360809326172
2025-07-16,ABT,129.6821746826172
2025-07-17,ABT,118.6275863647461
2025-07-18,ABT,121.73822784423828
2025-07-21,ABT,122.47650909423828
2025-07-22,ABT,123.76605224609375
2025-07-23,ABT,123.8644790649414
2025-07-24,ABT,123.67745208740234
2025-07-25,ABT,124.56339263916016
2025-07-28,ABT,124.37635803222656
2025-07-29,ABT,126.01042938232422
2025-07-30,ABT,126.54200744628906
2025-07-31,ABT,124.21886444091797
2025-08-01,ABT,125.30168151855469
2025-08-04,ABT,127.90042877197266
2025-08-05,ABT,128.64857482910156
2025-08-06,ABT,128.88482666015625
2025-08-07,ABT,129.99716186523438
2025-08-08,ABT,132.1824951171875
2025-08-11,ABT,129.30810546875
2025-08-12,ABT,128.97341918945312
2025-08-13,ABT,127.37871551513672
2025-08-14,ABT,127.26060485839844
2025-08-15,ABT,129.6920166015625
2025-08-18,ABT,128.23512268066406
2025-08-19,ABT,129.1998291015625
2025-08-20,ABT,130.37123107910156
2025-08-21,ABT,129.93809509277344
2025-08-22,ABT,130.5188751220703
2025-08-25,ABT,129.81011962890625
2025-08-26,ABT,129.5345001220703
2025-08-27,ABT,129.4065399169922
2025-08-28,ABT,129.3179473876953
2025-08-29,ABT,130.58779907226562
2025-09-02,ABT,129.4065399169922
2025-09-03,ABT,130.1152801513672
2025-09-04,ABT,130.73544311523438
2025-09-05,ABT,130.86343383789062
2025-09-08,ABT,130.13497924804688
2025-09-09,ABT,129.88888549804688
2025-09-10,ABT,127.33934020996094
2025-09-11,ABT,130.5779571533203
2025-09-12,ABT,131.64109802246094
2025-09-15,ABT,129.27857971191406
2025-09-16,ABT,130.6862335205078
2025-09-17,ABT,132.07421875
2025-09-18,ABT,132.4679718017578
2025-09-19,ABT,133.9149932861328
2025-09-22,ABT,134.48593139648438
2025-09-23,ABT,133.76734924316406
2025-09-24,ABT,131.798583984375
2025-09-25,ABT,131.22764587402344
2025-09-26,ABT,131.46389770507812
2025-09-29,ABT,131.03076171875
2025-09-30,ABT,131.84780883789062
2025-10-01,ABT,131.38514709472656
2025-10-02,ABT,130.9126434326172
2025-10-03,ABT,132.48765563964844
2025-10-06,ABT,131.65093994140625
2025-10-07,ABT,130.94219970703125
2025-10-08,ABT,132.1726531982422
2025-10-09,ABT,131.22764587402344
2025-10-10,ABT,130.4992218017578
2025-10-13,ABT,129.3278045654297
2025-10-14,ABT,131.1882781982422
2025-10-15,ABT,127.99458312988281
2025-10-16,ABT,126.19503784179688
2025-10-17,ABT,127.09481048583984
2025-10-20,ABT,128.05389404296875
2025-10-21,ABT,126.1060562133789
2025-10-22,ABT,126.51144409179688
2025-10-23,ABT,124.91954803466797
2025-10-24,ABT,125.42381286621094
2025-10-27,ABT,125.7500991821289
2025-10-28,ABT,125.18651580810547
2025-10-29,ABT,123.03102111816406
2025-10-30,ABT,123.26831817626953
2025-10-31,ABT,122.23013305664062
2025-11-03,ABT,122.44764709472656
2025-11-04,ABT,124.3856201171875
2025-11-05,ABT,123.13978576660156
2025-11-06,ABT,123.545166015625
2025-11-07,ABT,124.93932342529297
2025-11-10,ABT,124.47460174560547
2025-11-11,ABT,125.57212829589844
2025-11-12,ABT,127.37167358398438
2025-11-13,ABT,127.80670928955078
2025-11-14,ABT,129.12176513671875
2025-11-17,ABT,128.5680694580078
2025-11-18,ABT,128.5384063720703
2025-11-19,ABT,124.731689453125
2025-11-20,ABT,122.5761947631836
2025-11-21,ABT,126.66964721679688
2025-11-24,ABT,125.75999450683594
2025-11-25,ABT,126.61032104492188
2025-11-26,ABT,127.09481048583984
2025-11-28,ABT,127.45075225830078
2025-12-01,ABT,126.57077026367188
2025-12-02,ABT,124.89977264404297
2025-12-03,ABT,123.88135528564453
2025-12-04,ABT,123.99011993408203
2025-12-05,ABT,123.67371368408203
2025-12-08,ABT,120.71732330322266
2025-12-09,ABT,119.88677215576172
2025-12-10,ABT,121.17216491699219
2025-12-11,ABT,121.89395141601562
2025-12-12,ABT,124.04944610595703
2025-12-15,ABT,127.02560424804688
2025-12-16,ABT,125.43370819091797
2025-12-17,ABT,125.28538513183594
2025-12-18,ABT,123.71326446533203
2025-12-19,ABT,124.03955078125
2025-12-22,ABT,123.7923583984375
2025-12-23,ABT,123.13978576660156
2025-12-24,ABT,123.40674591064453
2025-12-26,ABT,123.43640899658203
2025-12-29,ABT,123.16944885253906
2025-12-30,ABT,124.3658447265625
2025-12-31,ABT,123.88135528564453
2026-01-02,ABT,122.79371643066406
2026-01-05,ABT,125.02831268310547
2026-01-06,ABT,126.3433609008789
2026-01-07,ABT,125.6116714477539
2026-01-08,ABT,124.76134490966797
2026-01-09,ABT,124.5042724609375
2026-01-12,ABT,123.23866271972656
2026-01-13,ABT,122.9024887084961
2026-01-14,ABT,123.59461975097656
2026-01-15,ABT,122.75984954833984
2026-01-16,ABT,121.00088500976562
2026-01-20,ABT,120.38475036621094
2026-01-21,ABT,119.97731018066406
2026-01-22,ABT,107.93286895751953
2026-01-23,ABT,106.75028228759766
2026-01-26,ABT,108.09186553955078
2026-01-27,ABT,107.59498596191406
2026-01-28,ABT,105.38883209228516
2026-01-29,ABT,105.42857360839844
2026-01-30,ABT,108.61856842041016
2026-02-02,ABT,108.7278823852539
2026-02-03,ABT,108.3403091430664
2026-02-04,ABT,107.52542114257812
2026-02-05,ABT,108.39994049072266
2026-02-06,ABT,110.13903045654297
2026-02-09,ABT,110.37753295898438
2026-02-10,ABT,111.57998657226562
2026-02-11,ABT,112.8818130493164
2026-02-12,ABT,110.77503967285156
2026-02-13,ABT,111.97749328613281
2026-02-17,ABT,111.56011199951172
2026-02-18,ABT,112.58369445800781
2026-02-19,ABT,111.49054718017578
2026-02-20,ABT,111.51042175292969
2026-02-23,ABT,114.57122039794922
2026-02-24,ABT,113.86564636230469
2026-02-25,ABT,114.04452514648438
2026-02-26,ABT,115.5351791381836
2026-02-27,ABT,115.6246109008789
2026-03-02,ABT,113.40851593017578
2026-03-03,ABT,112.90169525146484
2026-03-04,ABT,112.3948745727539
2026-03-05,ABT,110.34771728515625
2026-03-06,ABT,108.87694549560547
2026-03-09,ABT,111.94768524169922
2026-03-10,ABT,109.86077880859375
2026-03-11,ABT,109.5626449584961
2026-03-12,ABT,107.4657974243164
2026-03-13,ABT,107.35648345947266
2026-03-16,ABT,109.26451110839844
2026-03-17,ABT,110.019775390625
2026-03-18,ABT,107.81361389160156
2026-03-19,ABT,106.52172088623047
2026-03-20,ABT,104.80250549316406
2026-03-23,ABT,104.1963119506836
2026-03-24,ABT,103.4112319946289
2026-03-25,ABT,104.17643737792969
2026-03-26,ABT,103.91805267333984
2026-03-27,ABT,103.34166717529297
2026-03-30,ABT,101.24482727050781
2026-03-31,ABT,102.02989959716797
2026-04-01,ABT,101.74170684814453
2026-04-02,ABT,102.2286605834961
2026-04-06,ABT,101.6622085571289
2026-04-07,ABT,101.19513702392578
2026-04-08,ABT,102.91435241699219
2026-04-09,ABT,102.07958984375
2026-04-10,ABT,99.6746826171875
2026-04-13,ABT,100.06224822998047
2026-04-14,ABT,100.42000579833984
2026-04-15,ABT,101.55999755859375
2026-04-16,ABT,95.47000122070312
2026-04-17,ABT,96.80999755859375
2026-04-20,ABT,96.0
2026-04-21,ABT,92.72000122070312
2026-04-22,ABT,91.69999694824219
2026-04-23,ABT,92.4800033569336
2026-04-24,ABT,91.12999725341797
2026-04-27,ABT,92.80000305175781
2026-04-28,ABT,93.86000061035156
2026-04-29,ABT,91.33000183105469
2026-04-30,ABT,90.79000091552734
2026-05-01,ABT,89.45999908447266
2025-01-02,ADI,207.27210998535156
2025-01-03,ADI,211.2145233154297
2025-01-06,ADI,213.79376220703125
2025-01-07,ADI,211.7048797607422
2025-01-08,ADI,216.18670654296875
2025-01-10,ADI,208.2724151611328
2025-01-13,ADI,208.84121704101562
2025-01-14,ADI,210.50843811035156
2025-01-15,ADI,214.00953674316406
2025-01-16,ADI,210.8712921142578
2025-01-17,ADI,214.93141174316406
2025-01-21,ADI,217.17723083496094
2025-01-22,ADI,219.75648498535156
2025-01-23,ADI,223.944091796875
2025-01-24,ADI,213.1759490966797
2025-01-27,ADI,211.26356506347656
2025-01-28,ADI,205.47740173339844
2025-01-29,ADI,205.85987854003906
2025-01-30,ADI,208.30181884765625
2025-01-31,ADI,207.8016815185547
2025-02-03,ADI,201.27999877929688
2025-02-04,ADI,202.03514099121094
2025-02-05,ADI,205.7519989013672
2025-02-06,ADI,203.8200225830078
2025-02-07,ADI,201.25057983398438
2025-02-10,ADI,200.90731811523438
2025-02-11,ADI,199.5343475341797
2025-02-12,ADI,201.172119140625
2025-02-13,ADI,205.30087280273438
2025-02-14,ADI,210.46920776367188
2025-02-18,ADI,215.970947265625
2025-02-19,ADI,236.9972686767578
2025-02-20,ADI,239.11563110351562
2025-02-21,ADI,234.30035400390625
2025-02-24,ADI,232.41738891601562
2025-02-25,ADI,230.75997924804688
2025-02-26,ADI,229.2202911376953
2025-02-27,ADI,219.5309295654297
2025-02-28,ADI,225.62107849121094
2025-03-03,ADI,224.12060546875
2025-03-04,ADI,222.7810516357422
2025-03-05,ADI,226.0216064453125
2025-03-06,ADI,219.42230224609375
2025-03-07,ADI,222.4658660888672
2025-03-10,ADI,213.01011657714844
2025-03-11,ADI,205.93801879882812
2025-03-12,ADI,203.51498413085938
2025-03-13,ADI,200.73736572265625
2025-03-14,ADI,205.6129913330078
2025-03-17,ADI,208.4989471435547
2025-03-18,ADI,206.01683044433594
2025-03-19,ADI,206.8146514892578
2025-03-20,ADI,202.80580139160156
2025-03-21,ADI,201.32833862304688
2025-03-24,ADI,209.14901733398438
2025-03-25,ADI,210.3704071044922
2025-03-26,ADI,207.36622619628906
2025-03-27,ADI,205.80014038085938
2025-03-28,ADI,198.53102111816406
2025-03-31,ADI,198.63937377929688
2025-04-01,ADI,196.18678283691406
2025-04-02,ADI,196.59063720703125
2025-04-03,ADI,178.16180419921875
2025-04-04,ADI,162.12644958496094
2025-04-07,ADI,168.76516723632812
2025-04-08,ADI,163.59405517578125
2025-04-09,ADI,193.6751251220703
2025-04-10,ADI,175.67967224121094
2025-04-11,ADI,176.46766662597656
2025-04-14,ADI,175.91607666015625
2025-04-15,ADI,176.84193420410156
2025-04-16,ADI,173.28616333007812
2025-04-17,ADI,173.62107849121094
2025-04-21,ADI,172.36033630371094
2025-04-22,ADI,175.8175811767578
2025-04-23,ADI,180.35829162597656
2025-04-24,ADI,192.296142578125
2025-04-25,ADI,191.665771484375
2025-04-28,ADI,190.80885314941406
2025-04-29,ADI,189.7746124267578
2025-04-30,ADI,191.99081420898438
2025-05-01,ADI,190.82855224609375
2025-05-02,ADI,195.60565185546875
2025-05-05,ADI,194.7487335205078
2025-05-06,ADI,192.6605987548828
2025-05-07,ADI,196.85658264160156
2025-05-08,ADI,199.73269653320312
2025-05-09,ADI,204.39161682128906
2025-05-12,ADI,219.7965850830078
2025-05-13,ADI,223.27352905273438
2025-05-14,ADI,223.41143798828125
2025-05-15,ADI,223.70692443847656
2025-05-16,ADI,223.6970672607422
2025-05-19,ADI,221.1656951904297
2025-05-20,ADI,221.116455078125
2025-05-21,ADI,218.8805694580078
2025-05-22,ADI,208.74517822265625
2025-05-23,ADI,207.30714416503906
2025-05-27,ADI,213.63064575195312
2025-05-28,ADI,212.37973022460938
2025-05-29,ADI,212.50779724121094
2025-05-30,ADI,210.76438903808594
2025-06-02,ADI,212.2122802734375
2025-06-03,ADI,215.1475067138672
2025-06-04,ADI,216.1963348388672
2025-06-05,ADI,215.74118041992188
2025-06-06,ADI,219.9167022705078
2025-06-09,ADI,225.259765625
2025-06-10,ADI,230.87986755371094
2025-06-11,ADI,230.0883026123047
2025-06-12,ADI,229.6727294921875
2025-06-13,ADI,222.65748596191406
2025-06-16,ADI,229.35610961914062
2025-06-17,ADI,225.04208374023438
2025-06-18,ADI,227.22877502441406
2025-06-20,ADI,225.94248962402344
2025-06-23,ADI,228.54473876953125
2025-06-24,ADI,232.50257873535156
2025-06-25,ADI,232.2057342529297
2025-06-26,ADI,234.79812622070312
2025-06-27,ADI,234.4617156982422
2025-06-30,ADI,235.5105438232422
2025-07-01,ADI,238.1029052734375
2025-07-02,ADI,242.56536865234375
2025-07-03,ADI,243.0897674560547
2025-07-07,ADI,239.2605743408203
2025-07-08,ADI,242.56536865234375
2025-07-09,ADI,240.16099548339844
2025-07-10,ADI,242.54559326171875
2025-07-11,ADI,242.10032653808594
2025-07-14,ADI,240.8931884765625
2025-07-15,ADI,237.88522338867188
2025-07-16,ADI,238.07322692871094
2025-07-17,ADI,238.42942810058594
2025-07-18,ADI,239.3001708984375
2025-07-21,ADI,237.94461059570312
2025-07-22,ADI,233.01710510253906
2025-07-23,ADI,225.6753387451172
2025-07-24,ADI,223.9833526611328
2025-07-25,ADI,225.4180908203125
2025-07-28,ADI,228.3369903564453
2025-07-29,ADI,228.3171844482422
2025-07-30,ADI,228.67340087890625
2025-07-31,ADI,222.26171875
2025-08-01,ADI,219.37249755859375
2025-08-04,ADI,220.05520629882812
2025-08-05,ADI,218.35333251953125
2025-08-06,ADI,218.36325073242188
2025-08-07,ADI,220.7676239013672
2025-08-08,ADI,221.5888671875
2025-08-11,ADI,221.70762634277344
2025-08-12,ADI,229.5935821533203
2025-08-13,ADI,235.12464904785156
2025-08-14,ADI,233.71961975097656
2025-08-15,ADI,229.1879119873047
2025-08-18,ADI,229.1087646484375
2025-08-19,ADI,228.0104522705078
2025-08-20,ADI,242.28831481933594
2025-08-21,ADI,244.34637451171875
2025-08-22,ADI,249.541015625
2025-08-25,ADI,251.80690002441406
2025-08-26,ADI,252.9348907470703
2025-08-27,ADI,252.80624389648438
2025-08-28,ADI,251.56942749023438
2025-08-29,ADI,248.660400390625
2025-09-02,ADI,246.67367553710938
2025-09-03,ADI,242.9286651611328
2025-09-04,ADI,244.4783172607422
2025-09-05,ADI,245.43197631835938
2025-09-08,ADI,247.32928466796875
2025-09-09,ADI,246.5345916748047
2025-09-10,ADI,245.57102966308594
2025-09-11,ADI,246.59420776367188
2025-09-12,ADI,243.58428955078125
2025-09-15,ADI,243.28628540039062
2025-09-16,ADI,242.48165893554688
2025-09-17,ADI,244.6869354248047
2025-09-18,ADI,247.39883422851562
2025-09-19,ADI,243.70350646972656
2025-09-22,ADI,245.70018005371094
2025-09-23,ADI,245.1438751220703
2025-09-24,ADI,246.96176147460938
2025-09-25,ADI,245.888916015625
2025-09-26,ADI,245.91871643066406
2025-09-29,ADI,243.1670684814453
2025-09-30,ADI,244.071044921875
2025-10-01,ADI,237.693603515625
2025-10-02,ADI,240.0677490234375
2025-10-03,ADI,240.38565063476562
2025-10-06,ADI,240.8922576904297
2025-10-07,ADI,232.2002716064453
2025-10-08,ADI,236.3525390625
2025-10-09,ADI,236.3029022216797
2025-10-10,ADI,223.826171875
2025-10-13,ADI,233.11416625976562
2025-10-14,ADI,233.83932495117188
2025-10-15,ADI,236.5710906982422
2025-10-16,ADI,240.00816345214844
2025-10-17,ADI,241.25979614257812
2025-10-20,ADI,244.5876007080078
2025-10-21,ADI,244.73660278320312
2025-10-22,ADI,238.7664337158203
2025-10-23,ADI,241.67701721191406
2025-10-24,ADI,236.43202209472656
2025-10-27,ADI,241.39886474609375
2025-10-28,ADI,237.76315307617188
2025-10-29,ADI,233.48171997070312
2025-10-30,ADI,231.35589599609375
2025-10-31,ADI,232.5777587890625
2025-11-03,ADI,232.06118774414062
2025-11-04,ADI,227.85923767089844
2025-11-05,ADI,234.4353485107422
2025-11-06,ADI,231.33602905273438
2025-11-07,ADI,226.9652099609375
2025-11-10,ADI,230.46188354492188
2025-11-11,ADI,231.86251831054688
2025-11-12,ADI,239.8392791748047
2025-11-13,ADI,235.9552001953125
2025-11-14,ADI,233.33270263671875
2025-11-17,ADI,228.41552734375
2025-11-18,ADI,228.60427856445312
2025-11-19,ADI,230.66055297851562
2025-11-20,ADI,223.7069549560547
2025-11-21,ADI,230.77975463867188
2025-11-24,ADI,237.81280517578125
2025-11-25,ADI,250.34913635253906
2025-11-26,ADI,256.2100524902344
2025-11-28,ADI,263.5808410644531
2025-12-01,ADI,264.7430725097656
2025-12-02,ADI,271.1602478027344
2025-12-03,ADI,276.3952941894531
2025-12-04,ADI,275.4217834472656
2025-12-05,ADI,279.4250793457031
2025-12-08,ADI,278.25872802734375
2025-12-09,ADI,275.37774658203125
2025-12-10,ADI,280.6911315917969
2025-12-11,ADI,282.5054626464844
2025-12-12,ADI,278.4481506347656
2025-12-15,ADI,279.56463623046875
2025-12-16,ADI,277.531005859375
2025-12-17,ADI,270.1940002441406
2025-12-18,ADI,274.0618896484375
2025-12-19,ADI,273.5833740234375
2025-12-22,ADI,274.9590759277344
2025-12-23,ADI,275.8662414550781
2025-12-24,ADI,276.6936340332031
2025-12-26,ADI,275.9758605957031
2025-12-29,ADI,274.7696533203125
2025-12-30,ADI,273.9621887207031
2025-12-31,ADI,270.3534851074219
2026-01-02,ADI,272.88555908203125
2026-01-05,ADI,276.4244689941406
2026-01-06,ADI,292.025634765625
2026-01-07,ADI,291.9757995605469
2026-01-08,ADI,298.2262268066406
2026-01-09,ADI,299.9906921386719
2026-01-12,ADI,292.9427490234375
2026-01-13,ADI,295.285400390625
2026-01-14,ADI,297.0598449707031
2026-01-15,ADI,301.15704345703125
2026-01-16,ADI,299.31280517578125
2026-01-20,ADI,294.74713134765625
2026-01-21,ADI,304.01806640625
2026-01-22,ADI,307.5569763183594
2026-01-23,ADI,304.6461181640625
2026-01-26,ADI,303.0610656738281
2026-01-27,ADI,302.8816223144531
2026-01-28,ADI,316.6385498046875
2026-01-29,ADI,317.7052307128906
2026-01-30,ADI,309.9096374511719
2026-02-02,ADI,315.8709411621094
2026-02-03,ADI,310.318359375
2026-02-04,ADI,319.4397888183594
2026-02-05,ADI,321.1145324707031
2026-02-06,ADI,319.44976806640625
2026-02-09,ADI,321.9618835449219
2026-02-10,ADI,324.1450500488281
2026-02-11,ADI,335.9480895996094
2026-02-12,ADI,330.32568359375
2026-02-13,ADI,336.04779052734375
2026-02-17,ADI,336.4565124511719
2026-02-18,ADI,345.2888488769531
2026-02-19,ADI,344.22216796875
2026-02-20,ADI,353.92181396484375
2026-02-23,ADI,354.04144287109375
2026-02-24,ADI,354.978515625
2026-02-25,ADI,359.6737976074219
2026-02-26,ADI,353.24395751953125
2026-02-27,ADI,354.679443359375
2026-03-02,ADI,351.30999755859375
2026-03-03,ADI,338.989990234375
2026-03-04,ADI,341.510009765625
2026-03-05,ADI,329.7200012207031
2026-03-06,ADI,315.80999755859375
2026-03-09,ADI,319.7099914550781
2026-03-10,ADI,318.80999755859375
2026-03-11,ADI,319.2200012207031
2026-03-12,ADI,307.2699890136719
2026-03-13,ADI,306.07000732421875
2026-03-16,ADI,310.9200134277344
2026-03-17,ADI,313.6600036621094
2026-03-18,ADI,308.5899963378906
2026-03-19,ADI,310.44000244140625
2026-03-20,ADI,309.42999267578125
2026-03-23,ADI,312.19000244140625
2026-03-24,ADI,321.8299865722656
2026-03-25,ADI,322.0299987792969
2026-03-26,ADI,313.4200134277344
2026-03-27,ADI,307.44000244140625
2026-03-30,ADI,303.1000061035156
2026-03-31,ADI,318.1400146484375
2026-04-01,ADI,320.5799865722656
2026-04-02,ADI,318.3399963378906
2026-04-06,ADI,327.3599853515625
2026-04-07,ADI,327.4100036621094
2026-04-08,ADI,346.2099914550781
2026-04-09,ADI,351.3599853515625
2026-04-10,ADI,350.1400146484375
2026-04-13,ADI,350.010009765625
2026-04-14,ADI,348.6000061035156
2026-04-15,ADI,347.94000244140625
2026-04-16,ADI,353.79998779296875
2026-04-17,ADI,371.45001220703125
2026-04-20,ADI,381.04998779296875
2026-04-21,ADI,375.2699890136719
2026-04-22,ADI,381.4200134277344
2026-04-23,ADI,403.8800048828125
2026-04-24,ADI,399.57000732421875
2026-04-27,ADI,392.5899963378906
2026-04-28,ADI,383.260009765625
2026-04-29,ADI,389.30999755859375
2026-04-30,ADI,402.260009765625
2026-05-01,ADI,397.69000244140625
2025-01-02,ANET,111.79000091552734
2025-01-03,ANET,115.19999694824219
2025-01-06,ANET,118.9800033569336
2025-01-07,ANET,115.29000091552734
2025-01-08,ANET,115.51000213623047
2025-01-10,ANET,114.33999633789062
2025-01-13,ANET,112.63999938964844
2025-01-14,ANET,114.91000366210938
2025-01-15,ANET,116.0999984741211
2025-01-16,ANET,118.12999725341797
2025-01-17,ANET,119.94999694824219
2025-01-21,ANET,121.5
2025-01-22,ANET,129.82000732421875
2025-01-23,ANET,129.1199951171875
2025-01-24,ANET,129.1699981689453
2025-01-27,ANET,100.30000305175781
2025-01-28,ANET,106.54000091552734
2025-01-29,ANET,107.83999633789062
2025-01-30,ANET,113.86000061035156
2025-01-31,ANET,115.2300033569336
2025-02-03,ANET,111.5
2025-02-04,ANET,112.31999969482422
2025-02-05,ANET,115.48999786376953
2025-02-06,ANET,115.2699966430664
2025-02-07,ANET,118.47000122070312
2025-02-10,ANET,120.2300033569336
2025-02-11,ANET,116.83999633789062
2025-02-12,ANET,109.63999938964844
2025-02-13,ANET,109.75
2025-02-14,ANET,106.87000274658203
2025-02-18,ANET,111.05999755859375
2025-02-19,ANET,103.91999816894531
2025-02-20,ANET,103.4000015258789
2025-02-21,ANET,98.30000305175781
2025-02-24,ANET,92.69000244140625
2025-02-25,ANET,92.87999725341797
2025-02-26,ANET,96.37999725341797
2025-02-27,ANET,91.56999969482422
2025-02-28,ANET,93.05000305175781
2025-03-03,ANET,86.01000213623047
2025-03-04,ANET,85.5199966430664
2025-03-05,ANET,87.81999969482422
2025-03-06,ANET,84.33999633789062
2025-03-07,ANET,83.36000061035156
2025-03-10,ANET,77.55999755859375
2025-03-11,ANET,79.12999725341797
2025-03-12,ANET,80.25
2025-03-13,ANET,80.13999938964844
2025-03-14,ANET,83.51000213623047
2025-03-17,ANET,85.08999633789062
2025-03-18,ANET,83.98999786376953
2025-03-19,ANET,84.41999816894531
2025-03-20,ANET,82.97000122070312
2025-03-21,ANET,83.12999725341797
2025-03-24,ANET,87.51000213623047
2025-03-25,ANET,86.94000244140625
2025-03-26,ANET,81.66000366210938
2025-03-27,ANET,78.95999908447266
2025-03-28,ANET,77.94000244140625
2025-03-31,ANET,77.4800033569336
2025-04-01,ANET,78.48999786376953
2025-04-02,ANET,80.16000366210938
2025-04-03,ANET,71.2699966430664
2025-04-04,ANET,64.37000274658203
2025-04-07,ANET,68.16999816894531
2025-04-08,ANET,69.5
2025-04-09,ANET,76.0
2025-04-10,ANET,72.6500015258789
2025-04-11,ANET,72.66999816894531
2025-04-14,ANET,73.58999633789062
2025-04-15,ANET,73.19999694824219
2025-04-16,ANET,71.87000274658203
2025-04-17,ANET,71.19999694824219
2025-04-21,ANET,67.66999816894531
2025-04-22,ANET,68.66999816894531
2025-04-23,ANET,70.76000213623047
2025-04-24,ANET,75.29000091552734
2025-04-25,ANET,77.91000366210938
2025-04-28,ANET,78.30999755859375
2025-04-29,ANET,80.7300033569336
2025-04-30,ANET,82.2699966430664
2025-05-01,ANET,87.83999633789062
2025-05-02,ANET,91.0199966430664
2025-05-05,ANET,90.37999725341797
2025-05-06,ANET,90.7699966430664
2025-05-07,ANET,86.44999694824219
2025-05-08,ANET,87.2699966430664
2025-05-09,ANET,86.5199966430664
2025-05-12,ANET,92.31999969482422
2025-05-13,ANET,97.25
2025-05-14,ANET,98.22000122070312
2025-05-15,ANET,96.06999969482422
2025-05-16,ANET,96.41999816894531
2025-05-19,ANET,96.69999694824219
2025-05-20,ANET,95.66999816894531
2025-05-21,ANET,92.43000030517578
2025-05-22,ANET,92.55999755859375
2025-05-23,ANET,91.19999694824219
2025-05-27,ANET,92.48999786376953
2025-05-28,ANET,92.79000091552734
2025-05-29,ANET,86.37000274658203
2025-05-30,ANET,86.63999938964844
2025-06-02,ANET,89.77999877929688
2025-06-03,ANET,94.5
2025-06-04,ANET,94.94000244140625
2025-06-05,ANET,95.18000030517578
2025-06-06,ANET,97.25
2025-06-09,ANET,96.80000305175781
2025-06-10,ANET,93.69999694824219
2025-06-11,ANET,94.20999908447266
2025-06-12,ANET,95.7699966430664
2025-06-13,ANET,92.3499984741211
2025-06-16,ANET,95.08999633789062
2025-06-17,ANET,89.68000030517578
2025-06-18,ANET,90.23999786376953
2025-06-20,ANET,86.25
2025-06-23,ANET,91.94999694824219
2025-06-24,ANET,94.97000122070312
2025-06-25,ANET,96.30999755859375
2025-06-26,ANET,101.58999633789062
2025-06-27,ANET,99.38999938964844
2025-06-30,ANET,102.30999755859375
2025-07-01,ANET,98.91000366210938
2025-07-02,ANET,101.12999725341797
2025-07-03,ANET,102.5199966430664
2025-07-07,ANET,101.47000122070312
2025-07-08,ANET,103.38999938964844
2025-07-09,ANET,106.27999877929688
2025-07-10,ANET,106.29000091552734
2025-07-11,ANET,108.56999969482422
2025-07-14,ANET,108.37000274658203
2025-07-15,ANET,107.37000274658203
2025-07-16,ANET,108.30000305175781
2025-07-17,ANET,111.9800033569336
2025-07-18,ANET,111.77999877929688
2025-07-21,ANET,111.61000061035156
2025-07-22,ANET,109.77999877929688
2025-07-23,ANET,113.04000091552734
2025-07-24,ANET,114.04000091552734
2025-07-25,ANET,114.27999877929688
2025-07-28,ANET,117.55000305175781
2025-07-29,ANET,118.62000274658203
2025-07-30,ANET,122.08999633789062
2025-07-31,ANET,123.22000122070312
2025-08-01,ANET,117.56999969482422
2025-08-04,ANET,120.3499984741211
2025-08-05,ANET,118.12000274658203
2025-08-06,ANET,138.77999877929688
2025-08-07,ANET,139.27999877929688
2025-08-08,ANET,139.17999267578125
2025-08-11,ANET,137.64999389648438
2025-08-12,ANET,141.25
2025-08-13,ANET,138.00999450683594
2025-08-14,ANET,136.47999572753906
2025-08-15,ANET,137.3000030517578
2025-08-18,ANET,138.0399932861328
2025-08-19,ANET,132.77999877929688
2025-08-20,ANET,131.47000122070312
2025-08-21,ANET,132.02999877929688
2025-08-22,ANET,133.25
2025-08-25,ANET,133.0399932861328
2025-08-26,ANET,134.27000427246094
2025-08-27,ANET,133.27000427246094
2025-08-28,ANET,136.22999572753906
2025-08-29,ANET,136.5500030517578
2025-09-02,ANET,135.8699951171875
2025-09-03,ANET,137.3800048828125
2025-09-04,ANET,141.1699981689453
2025-09-05,ANET,142.85000610351562
2025-09-08,ANET,140.00999450683594
2025-09-09,ANET,141.91000366210938
2025-09-10,ANET,150.72000122070312
2025-09-11,ANET,153.0399932861328
2025-09-12,ANET,139.38999938964844
2025-09-15,ANET,145.42999267578125
2025-09-16,ANET,142.16000366210938
2025-09-17,ANET,142.83999633789062
2025-09-18,ANET,146.66000366210938
2025-09-19,ANET,149.61000061035156
2025-09-22,ANET,145.39999389648438
2025-09-23,ANET,144.08999633789062
2025-09-24,ANET,142.63999938964844
2025-09-25,ANET,143.05999755859375
2025-09-26,ANET,142.5
2025-09-29,ANET,143.3699951171875
2025-09-30,ANET,145.7100067138672
2025-10-01,ANET,149.27000427246094
2025-10-02,ANET,144.4600067138672
2025-10-03,ANET,145.5
2025-10-06,ANET,149.5
2025-10-07,ANET,145.2899932861328
2025-10-08,ANET,157.36000061035156
2025-10-09,ANET,158.22999572753906
2025-10-10,ANET,154.10000610351562
2025-10-13,ANET,147.4499969482422
2025-10-14,ANET,138.7899932861328
2025-10-15,ANET,143.3800048828125
2025-10-16,ANET,146.00999450683594
2025-10-17,ANET,143.10000610351562
2025-10-20,ANET,146.47999572753906
2025-10-21,ANET,145.94000244140625
2025-10-22,ANET,146.58999633789062
2025-10-23,ANET,152.75999450683594
2025-10-24,ANET,153.82000732421875
2025-10-27,ANET,156.80999755859375
2025-10-28,ANET,156.77000427246094
2025-10-29,ANET,162.02999877929688
2025-10-30,ANET,158.44000244140625
2025-10-31,ANET,157.69000244140625
2025-11-03,ANET,157.58999633789062
2025-11-04,ANET,153.5500030517578
2025-11-05,ANET,140.4199981689453
2025-11-06,ANET,134.02000427246094
2025-11-07,ANET,134.64999389648438
2025-11-10,ANET,137.25999450683594
2025-11-11,ANET,134.92999267578125
2025-11-12,ANET,134.97999572753906
2025-11-13,ANET,130.3000030517578
2025-11-14,ANET,131.3699951171875
2025-11-17,ANET,127.26000213623047
2025-11-18,ANET,123.44999694824219
2025-11-19,ANET,124.80999755859375
2025-11-20,ANET,119.58999633789062
2025-11-21,ANET,117.43000030517578
2025-11-24,ANET,122.16999816894531
2025-11-25,ANET,125.04000091552734
2025-11-26,ANET,127.6500015258789
2025-11-28,ANET,130.67999267578125
2025-12-01,ANET,128.11000061035156
2025-12-02,ANET,127.22000122070312
2025-12-03,ANET,127.80000305175781
2025-12-04,ANET,128.5500030517578
2025-12-05,ANET,128.58999633789062
2025-12-08,ANET,129.11000061035156
2025-12-09,ANET,130.0399932861328
2025-12-10,ANET,132.36000061035156
2025-12-11,ANET,134.38999938964844
2025-12-12,ANET,124.76000213623047
2025-12-15,ANET,125.88999938964844
2025-12-16,ANET,126.12999725341797
2025-12-17,ANET,122.36000061035156
2025-12-18,ANET,124.62000274658203
2025-12-19,ANET,131.1199951171875
2025-12-22,ANET,130.72999572753906
2025-12-23,ANET,131.32000732421875
2025-12-24,ANET,130.77000427246094
2025-12-26,ANET,131.83999633789062
2025-12-29,ANET,134.14999389648438
2025-12-30,ANET,132.44000244140625
2025-12-31,ANET,131.02999877929688
2026-01-02,ANET,133.60000610351562
2026-01-05,ANET,137.19000244140625
2026-01-06,ANET,132.5800018310547
2026-01-07,ANET,130.0800018310547
2026-01-08,ANET,123.72000122070312
2026-01-09,ANET,122.88999938964844
2026-01-12,ANET,123.41999816894531
2026-01-13,ANET,129.92999267578125
2026-01-14,ANET,125.08999633789062
2026-01-15,ANET,130.58999633789062
2026-01-16,ANET,129.8300018310547
2026-01-20,ANET,127.5199966430664
2026-01-21,ANET,127.29000091552734
2026-01-22,ANET,138.41000366210938
2026-01-23,ANET,136.33999633789062
2026-01-26,ANET,143.72000122070312
2026-01-27,ANET,146.69000244140625
2026-01-28,ANET,150.14999389648438
2026-01-29,ANET,148.14999389648438
2026-01-30,ANET,141.74000549316406
2026-02-02,ANET,138.3699951171875
2026-02-03,ANET,139.38999938964844
2026-02-04,ANET,130.27999877929688
2026-02-05,ANET,128.6699981689453
2026-02-06,ANET,137.49000549316406
2026-02-09,ANET,141.74000549316406
2026-02-10,ANET,143.4499969482422
2026-02-11,ANET,140.66000366210938
2026-02-12,ANET,135.1199951171875
2026-02-13,ANET,141.58999633789062
2026-02-17,ANET,142.5800018310547
2026-02-18,ANET,139.5399932861328
2026-02-19,ANET,137.22999572753906
2026-02-20,ANET,132.7899932861328
2026-02-23,ANET,127.43000030517578
2026-02-24,ANET,128.77000427246094
2026-02-25,ANET,132.88999938964844
2026-02-26,ANET,130.25
2026-02-27,ANET,133.5
2026-03-02,ANET,129.3000030517578
2026-03-03,ANET,124.5999984741211
2026-03-04,ANET,134.8300018310547
2026-03-05,ANET,139.39999389648438
2026-03-06,ANET,132.88999938964844
2026-03-09,ANET,137.1699981689453
2026-03-10,ANET,139.6199951171875
2026-03-11,ANET,138.22999572753906
2026-03-12,ANET,134.02999877929688
2026-03-13,ANET,133.57000732421875
2026-03-16,ANET,135.35000610351562
2026-03-17,ANET,133.07000732421875
2026-03-18,ANET,136.07000732421875
2026-03-19,ANET,136.25999450683594
2026-03-20,ANET,131.22000122070312
2026-03-23,ANET,135.8800048828125
2026-03-24,ANET,130.8000030517578
2026-03-25,ANET,135.00999450683594
2026-03-26,ANET,122.55000305175781
2026-03-27,ANET,120.7699966430664
2026-03-30,ANET,116.12999725341797
2026-03-31,ANET,122.77999877929688
2026-04-01,ANET,124.8499984741211
2026-04-02,ANET,126.68000030517578
2026-04-06,ANET,126.25
2026-04-07,ANET,133.63999938964844
2026-04-08,ANET,145.07000732421875
2026-04-09,ANET,146.0500030517578
2026-04-10,ANET,147.35000610351562
2026-04-13,ANET,152.02000427246094
2026-04-14,ANET,154.3699951171875
2026-04-15,ANET,154.3300018310547
2026-04-16,ANET,161.00999450683594
2026-04-17,ANET,164.22999572753906
2026-04-20,ANET,166.85000610351562
2026-04-21,ANET,172.86000061035156
2026-04-22,ANET,177.72999572753906
2026-04-23,ANET,172.5500030517578
2026-04-24,ANET,176.91000366210938
2026-04-27,ANET,172.47000122070312
2026-04-28,ANET,165.2899932861328
2026-04-29,ANET,168.67999267578125
2026-04-30,ANET,172.7100067138672
2026-05-01,ANET,172.6999969482422
2025-01-02,APH,68.34783935546875
2025-01-03,APH,69.4273910522461
2025-01-06,APH,70.447509765625
2025-01-07,APH,70.77433776855469
2025-01-08,APH,71.14079284667969
2025-01-10,APH,69.52643585205078
2025-01-13,APH,67.68427276611328
2025-01-14,APH,69.59574890136719
2025-01-15,APH,70.26922607421875
2025-01-16,APH,69.18968963623047
2025-01-17,APH,68.75390625
2025-01-21,APH,72.02225494384766
2025-01-22,APH,77.0931167602539
2025-01-23,APH,77.79631042480469
2025-01-24,APH,76.4493637084961
2025-01-27,APH,66.84243774414062
2025-01-28,APH,67.9219741821289
2025-01-29,APH,68.71428680419922
2025-01-30,APH,70.97242736816406
2025-01-31,APH,70.10086059570312
2025-02-03,APH,69.44719696044922
2025-02-04,APH,69.04113006591797
2025-02-05,APH,68.85295104980469
2025-02-06,APH,69.35806274414062
2025-02-07,APH,69.1302719116211
2025-02-10,APH,71.11107635498047
2025-02-11,APH,69.27881622314453
2025-02-12,APH,69.0609359741211
2025-02-13,APH,68.70439147949219
2025-02-14,APH,68.21908569335938
2025-02-18,APH,68.36766052246094
2025-02-19,APH,69.14016723632812
2025-02-20,APH,68.70439147949219
2025-02-21,APH,66.93155670166016
2025-02-24,APH,66.48588562011719
2025-02-25,APH,64.38623809814453
2025-02-26,APH,65.59452056884766
2025-02-27,APH,64.83190155029297
2025-02-28,APH,65.96096801757812
2025-03-03,APH,62.84119415283203
2025-03-04,APH,62.44503402709961
2025-03-05,APH,64.08910369873047
2025-03-06,APH,61.157508850097656
2025-03-07,APH,62.32618713378906
2025-03-10,APH,61.19712829589844
2025-03-11,APH,61.04856491088867
2025-03-12,APH,62.22714614868164
2025-03-13,APH,61.028751373291016
2025-03-14,APH,62.39551544189453
2025-03-17,APH,63.24726104736328
2025-03-18,APH,63.40116882324219
2025-03-19,APH,66.93614959716797
2025-03-20,APH,65.8935317993164
2025-03-21,APH,66.13184356689453
2025-03-24,APH,68.8128662109375
2025-03-25,APH,69.00152587890625
2025-03-26,APH,67.10494995117188
2025-03-27,APH,67.69081115722656
2025-03-28,APH,66.12191772460938
2025-03-31,APH,65.12893676757812
2025-04-01,APH,65.60557556152344
2025-04-02,APH,67.42269897460938
2025-04-03,APH,62.219539642333984
2025-04-04,APH,58.67463302612305
2025-04-07,APH,60.4719123840332
2025-04-08,APH,59.647743225097656
2025-04-09,APH,65.71479797363281
2025-04-10,APH,63.67919921875
2025-04-11,APH,64.94027709960938
2025-04-14,APH,64.9998550415039
2025-04-15,APH,65.29774475097656
2025-04-16,APH,64.31470489501953
2025-04-17,APH,64.60266876220703
2025-04-21,APH,63.143001556396484
2025-04-22,APH,65.2878189086914
2025-04-23,APH,70.64986419677734
2025-04-24,APH,75.49555206298828
2025-04-25,APH,75.31681823730469
2025-04-28,APH,75.34661102294922
2025-04-29,APH,76.1409912109375
2025-04-30,APH,76.4090805053711
2025-05-01,APH,78.0772705078125
2025-05-02,APH,80.09300994873047
2025-05-05,APH,79.60646057128906
2025-05-06,APH,79.1496810913086
2025-05-07,APH,80.27174377441406
2025-05-08,APH,80.01358032226562
2025-05-09,APH,80.31146240234375
2025-05-12,APH,83.86629486083984
2025-05-13,APH,85.17701721191406
2025-05-14,APH,85.02806854248047
2025-05-15,APH,85.36568450927734
2025-05-16,APH,86.26927947998047
2025-05-19,APH,85.8025894165039
2025-05-20,APH,85.68343353271484
2025-05-21,APH,85.08765411376953
2025-05-22,APH,84.66068267822266
2025-05-23,APH,84.94863891601562
2025-05-27,APH,87.70909118652344
2025-05-28,APH,87.510498046875
2025-05-29,APH,88.2949447631836
2025-05-30,APH,89.29784393310547
2025-06-02,APH,89.72482299804688
2025-06-03,APH,91.0355453491211
2025-06-04,APH,91.26393127441406
2025-06-05,APH,91.86963653564453
2025-06-06,APH,92.70374298095703
2025-06-09,APH,92.3065414428711
2025-06-10,APH,91.83984375
2025-06-11,APH,92.415771484375
2025-06-12,APH,93.93500518798828
2025-06-13,APH,91.83984375
2025-06-16,APH,92.72359466552734
2025-06-17,APH,92.31078338623047
2025-06-18,APH,92.97725677490234
2025-06-20,APH,93.32540893554688
2025-06-23,APH,94.74786376953125
2025-06-24,APH,95.29496765136719
2025-06-25,APH,96.50852966308594
2025-06-26,APH,96.46875
2025-06-27,APH,97.15511322021484
2025-06-30,APH,98.22941589355469
2025-07-01,APH,96.8765869140625
2025-07-02,APH,98.00062561035156
2025-07-03,APH,98.93567657470703
2025-07-07,APH,98.03046417236328
2025-07-08,APH,96.896484375
2025-07-09,APH,97.6922607421875
2025-07-10,APH,97.79173278808594
2025-07-11,APH,98.23936462402344
2025-07-14,APH,99.68171691894531
2025-07-15,APH,98.91578674316406
2025-07-16,APH,100.01993560791016
2025-07-17,APH,101.42249298095703
2025-07-18,APH,102.79521942138672
2025-07-21,APH,103.16326904296875
2025-07-22,APH,101.24344635009766
2025-07-23,APH,100.17908477783203
2025-07-24,APH,103.9093246459961
2025-07-25,APH,104.46636199951172
2025-07-28,APH,106.13749694824219
2025-07-29,APH,104.75482940673828
2025-07-30,APH,104.93389129638672
2025-07-31,APH,105.9485092163086
2025-08-01,APH,103.76010131835938
2025-08-04,APH,108.05732727050781
2025-08-05,APH,107.36102294921875
2025-08-06,APH,108.92273712158203
2025-08-07,APH,107.9777603149414
2025-08-08,APH,109.40021514892578
2025-08-11,APH,109.2311019897461
2025-08-12,APH,111.26036071777344
2025-08-13,APH,109.25100708007812
2025-08-14,APH,110.15621185302734
2025-08-15,APH,108.63426971435547
2025-08-18,APH,110.47451782226562
2025-08-19,APH,109.40021514892578
2025-08-20,APH,108.07723236083984
2025-08-21,APH,108.23638153076172
2025-08-22,APH,108.78348541259766
2025-08-25,APH,109.15154266357422
2025-08-26,APH,109.32064056396484
2025-08-27,APH,109.54942321777344
2025-08-28,APH,111.34988403320312
2025-08-29,APH,108.28612518310547
2025-09-02,APH,108.67406463623047
2025-09-03,APH,110.10647583007812
2025-09-04,APH,112.15560913085938
2025-09-05,APH,109.86773681640625
2025-09-08,APH,109.95726776123047
2025-09-09,APH,116.17431640625
2025-09-10,APH,118.4621810913086
2025-09-11,APH,118.8401870727539
2025-09-12,APH,118.0543441772461
2025-09-15,APH,118.61140441894531
2025-09-16,APH,118.5765380859375
2025-09-17,APH,117.94898986816406
2025-09-18,APH,121.59474182128906
2025-09-19,APH,123.45746612548828
2025-09-22,APH,123.20843505859375
2025-09-23,APH,124.91177368164062
2025-09-24,APH,122.6506118774414
2025-09-25,APH,121.85372924804688
2025-09-26,APH,122.12267303466797
2025-09-29,APH,120.53886413574219
2025-09-30,APH,123.26820373535156
2025-10-01,APH,124.17466735839844
2025-10-02,APH,123.09886169433594
2025-10-03,APH,121.74415588378906
2025-10-06,APH,122.91956329345703
2025-10-07,APH,124.04515838623047
2025-10-08,APH,125.30025482177734
2025-10-09,APH,125.75846099853516
2025-10-10,APH,121.22618103027344
2025-10-13,APH,123.42757415771484
2025-10-14,APH,122.16252136230469
2025-10-15,APH,125.11100006103516
2025-10-16,APH,126.86414337158203
2025-10-17,APH,125.16080474853516
2025-10-20,APH,127.17293548583984
2025-10-21,APH,123.95551300048828
2025-10-22,APH,128.4280242919922
2025-10-23,APH,134.78318786621094
2025-10-24,APH,133.29901123046875
2025-10-27,APH,135.380859375
2025-10-28,APH,136.75547790527344
2025-10-29,APH,139.20590209960938
2025-10-30,APH,138.5684051513672
2025-10-31,APH,138.79750061035156
2025-11-03,APH,140.9989013671875
2025-11-04,APH,136.1677703857422
2025-11-05,APH,138.32933044433594
2025-11-06,APH,137.57229614257812
2025-11-07,APH,138.5484619140625
2025-11-10,APH,143.28994750976562
2025-11-11,APH,142.9114227294922
2025-11-12,APH,141.36746215820312
2025-11-13,APH,134.7234344482422
2025-11-14,APH,133.2193145751953
2025-11-17,APH,131.81478881835938
2025-11-18,APH,131.9243621826172
2025-11-19,APH,136.1279296875
2025-11-20,APH,129.8524627685547
2025-11-21,APH,131.087646484375
2025-11-24,APH,137.34320068359375
2025-11-25,APH,137.27345275878906
2025-11-26,APH,138.17991638183594
2025-11-28,APH,140.35140991210938
2025-12-01,APH,138.677978515625
2025-12-02,APH,140.9391326904297
2025-12-03,APH,138.1101837158203
2025-12-04,APH,138.91705322265625
2025-12-05,APH,138.81741333007812
2025-12-08,APH,139.5146942138672
2025-12-09,APH,138.04046630859375
2025-12-10,APH,138.1400604248047
2025-12-11,APH,138.5484619140625
2025-12-12,APH,128.73683166503906
2025-12-15,APH,129.3942413330078
2025-12-16,APH,128.8752899169922
2025-12-17,APH,126.26045227050781
2025-12-18,APH,129.35433959960938
2025-12-19,APH,135.02313232421875
2025-12-22,APH,134.87342834472656
2025-12-23,APH,136.84951782226562
2025-12-24,APH,137.66790771484375
2025-12-26,APH,137.15890502929688
2025-12-29,APH,136.62994384765625
2025-12-30,APH,135.93133544921875
2025-12-31,APH,134.87342834472656
2026-01-02,APH,139.43441772460938
2026-01-05,APH,139.6040802001953
2026-01-06,APH,141.1011199951172
2026-01-07,APH,138.63600158691406
2026-01-08,APH,135.98123168945312
2026-01-09,APH,139.88352966308594
2026-01-12,APH,144.82376098632812
2026-01-13,APH,148.6761474609375
2026-01-14,APH,146.4605255126953
2026-01-15,APH,153.91578674316406
2026-01-16,APH,154.08544921875
2026-01-20,APH,152.02952575683594
2026-01-21,APH,154.2950439453125
2026-01-22,APH,152.19918823242188
2026-01-23,APH,150.69216918945312
2026-01-26,APH,155.25314331054688
2026-01-27,APH,165.92205810546875
2026-01-28,APH,145.67208862304688
2026-01-29,APH,149.28494262695312
2026-01-30,APH,143.79579162597656
2026-02-02,APH,144.64410400390625
2026-02-03,APH,146.76991271972656
2026-02-04,APH,129.74356079101562
2026-02-05,APH,127.37824249267578
2026-02-06,APH,135.96127319335938
2026-02-09,APH,143.91555786132812
2026-02-10,APH,143.85568237304688
2026-02-11,APH,143.755859375
2026-02-12,APH,143.4464874267578
2026-02-13,APH,146.4305877685547
2026-02-17,APH,148.27694702148438
2026-02-18,APH,147.43858337402344
2026-02-19,APH,150.90174865722656
2026-02-20,APH,150.7420654296875
2026-02-23,APH,147.52842712402344
2026-02-24,APH,151.20115661621094
2026-02-25,APH,152.3389129638672
2026-02-26,APH,148.17713928222656
2026-02-27,APH,145.77188110351562
2026-03-02,APH,134.8933868408203
2026-03-03,APH,129.32440185546875
2026-03-04,APH,132.48814392089844
2026-03-05,APH,135.9712677001953
2026-03-06,APH,131.60987854003906
2026-03-09,APH,135.79161071777344
2026-03-10,APH,136.47027587890625
2026-03-11,APH,134.2746124267578
2026-03-12,APH,131.21066284179688
2026-03-13,APH,133.6558380126953
2026-03-16,APH,136.5301513671875
2026-03-17,APH,134.8534698486328
2026-03-18,APH,127.5578842163086
2026-03-19,APH,130.39227294921875
2026-03-20,APH,126.48999786376953
2026-03-23,APH,130.6699981689453
2026-03-24,APH,127.95999908447266
2026-03-25,APH,128.72999572753906
2026-03-26,APH,123.12999725341797
2026-03-27,APH,123.62000274658203
2026-03-30,APH,119.1500015258789
2026-03-31,APH,126.3499984741211
2026-04-01,APH,127.69999694824219
2026-04-02,APH,128.0
2026-04-06,APH,126.48999786376953
2026-04-07,APH,128.3800048828125
2026-04-08,APH,135.32000732421875
2026-04-09,APH,137.67999267578125
2026-04-10,APH,140.75
2026-04-13,APH,145.27000427246094
2026-04-14,APH,148.72000122070312
2026-04-15,APH,146.97999572753906
2026-04-16,APH,148.9600067138672
2026-04-17,APH,151.05999755859375
2026-04-20,APH,152.80999755859375
2026-04-21,APH,151.92999267578125
2026-04-22,APH,148.1300048828125
2026-04-23,APH,150.17999267578125
2026-04-24,APH,149.7100067138672
2026-04-27,APH,148.63999938964844
2026-04-28,APH,143.72000122070312
2026-04-29,APH,148.3800048828125
2026-04-30,APH,147.27000427246094
2026-05-01,APH,142.3000030517578
2025-01-02,CMI,339.68780517578125
2025-01-03,CMI,346.234375
2025-01-06,CMI,349.83984375
2025-01-07,CMI,351.73541259765625
2025-01-08,CMI,351.51068115234375
2025-01-10,CMI,346.7522277832031
2025-01-13,CMI,352.8004150390625
2025-01-14,CMI,355.9076232910156
2025-01-15,CMI,352.53662109375
2025-01-16,CMI,357.9399719238281
2025-01-17,CMI,357.9497375488281
2025-01-21,CMI,358.7607727050781
2025-01-22,CMI,357.6175537109375
2025-01-23,CMI,360.46087646484375
2025-01-24,CMI,359.2004089355469
2025-01-27,CMI,340.85052490234375
2025-01-28,CMI,342.247802734375
2025-01-29,CMI,345.9118957519531
2025-01-30,CMI,351.4422607421875
2025-01-31,CMI,348.0908508300781
2025-02-03,CMI,340.2349548339844
2025-02-04,CMI,355.1845703125
2025-02-05,CMI,361.43798828125
2025-02-06,CMI,360.69537353515625
2025-02-07,CMI,363.34332275390625
2025-02-10,CMI,365.33660888671875
2025-02-11,CMI,364.0174865722656
2025-02-12,CMI,356.2007141113281
2025-02-13,CMI,360.86151123046875
2025-02-14,CMI,365.2193603515625
2025-02-18,CMI,370.44683837890625
2025-02-19,CMI,377.2278747558594
2025-02-20,CMI,375.58636474609375
2025-02-21,CMI,360.2220458984375
2025-02-24,CMI,353.8897705078125
2025-02-25,CMI,354.4591979980469
2025-02-26,CMI,360.0256652832031
2025-02-27,CMI,357.512451171875
2025-02-28,CMI,361.458984375
2025-03-03,CMI,349.471923828125
2025-03-04,CMI,340.9798278808594
2025-03-05,CMI,340.9798278808594
2025-03-06,CMI,338.5647277832031
2025-03-07,CMI,335.8845520019531
2025-03-10,CMI,328.1385803222656
2025-03-11,CMI,323.3869323730469
2025-03-12,CMI,324.6729736328125
2025-03-13,CMI,307.2077941894531
2025-03-14,CMI,315.8275146484375
2025-03-17,CMI,320.1962890625
2025-03-18,CMI,316.6620178222656
2025-03-19,CMI,321.1878356933594
2025-03-20,CMI,319.4599304199219
2025-03-21,CMI,316.22021484375
2025-03-24,CMI,325.0362548828125
2025-03-25,CMI,324.8301086425781
2025-03-26,CMI,322.0321350097656
2025-03-27,CMI,317.5357360839844
2025-03-28,CMI,308.2876892089844
2025-03-31,CMI,307.71826171875
2025-04-01,CMI,309.6032409667969
2025-04-02,CMI,314.1487121582031
2025-04-03,CMI,289.9585266113281
2025-04-04,CMI,272.5521545410156
2025-04-07,CMI,270.63775634765625
2025-04-08,CMI,262.2438049316406
2025-04-09,CMI,291.1365966796875
2025-04-10,CMI,276.6067810058594
2025-04-11,CMI,280.661376953125
2025-04-14,CMI,283.3022766113281
2025-04-15,CMI,282.1143493652344
2025-04-16,CMI,275.4384765625
2025-04-17,CMI,276.6656494140625
2025-04-21,CMI,269.20440673828125
2025-04-22,CMI,274.0149230957031
2025-04-23,CMI,278.4917297363281
2025-04-24,CMI,288.5938720703125
2025-04-25,CMI,287.90667724609375
2025-04-28,CMI,288.8491516113281
2025-04-29,CMI,287.8084411621094
2025-04-30,CMI,288.47607421875
2025-05-01,CMI,289.4971008300781
2025-05-02,CMI,294.3763732910156
2025-05-05,CMI,296.7816162109375
2025-05-06,CMI,292.8939514160156
2025-05-07,CMI,292.5012512207031
2025-05-08,CMI,300.8166198730469
2025-05-09,CMI,301.1111145019531
2025-05-12,CMI,324.5552062988281
2025-05-13,CMI,328.47235107421875
2025-05-14,CMI,326.75433349609375
2025-05-15,CMI,326.04742431640625
2025-05-16,CMI,328.37420654296875
2025-05-19,CMI,330.50457763671875
2025-05-20,CMI,325.4977111816406
2025-05-21,CMI,317.3099365234375
2025-05-22,CMI,315.9158935546875
2025-05-23,CMI,313.2105712890625
2025-05-27,CMI,322.12615966796875
2025-05-28,CMI,318.9469909667969
2025-05-29,CMI,320.7438659667969
2025-05-30,CMI,317.4067687988281
2025-06-02,CMI,313.220458984375
2025-06-03,CMI,320.3588562011719
2025-06-04,CMI,318.7395935058594
2025-06-05,CMI,319.02593994140625
2025-06-06,CMI,322.4322509765625
2025-06-09,CMI,321.5534973144531
2025-06-10,CMI,322.8468933105469
2025-06-11,CMI,319.4801330566406
2025-06-12,CMI,320.6253967285156
2025-06-13,CMI,315.4814453125
2025-06-16,CMI,318.2262268066406
2025-06-17,CMI,310.8113708496094
2025-06-18,CMI,310.99896240234375
2025-06-20,CMI,310.2782287597656
2025-06-23,CMI,312.33184814453125
2025-06-24,CMI,319.7467041015625
2025-06-25,CMI,314.7113037109375
2025-06-26,CMI,320.0922546386719
2025-06-27,CMI,321.593017578125
2025-06-30,CMI,323.3504638671875
2025-07-01,CMI,325.443603515625
2025-07-02,CMI,329.2152099609375
2025-07-03,CMI,327.6255798339844
2025-07-07,CMI,323.6960144042969
2025-07-08,CMI,326.5592956542969
2025-07-09,CMI,330.3604736328125
2025-07-10,CMI,335.7217102050781
2025-07-11,CMI,334.52703857421875
2025-07-14,CMI,335.9093017578125
2025-07-15,CMI,337.6075134277344
2025-07-16,CMI,341.1915283203125
2025-07-17,CMI,343.75860595703125
2025-07-18,CMI,345.9602966308594
2025-07-21,CMI,340.2535400390625
2025-07-22,CMI,352.7235107421875
2025-07-23,CMI,357.3935852050781
2025-07-24,CMI,360.6418762207031
2025-07-25,CMI,364.8380432128906
2025-07-28,CMI,366.00311279296875
2025-07-29,CMI,361.6983337402344
2025-07-30,CMI,360.8689880371094
2025-07-31,CMI,362.96209716796875
2025-08-01,CMI,351.33135986328125
2025-08-04,CMI,357.008544921875
2025-08-05,CMI,368.50103759765625
2025-08-06,CMI,376.8439636230469
2025-08-07,CMI,379.7368469238281
2025-08-08,CMI,382.126220703125
2025-08-11,CMI,383.3899841308594
2025-08-12,CMI,394.0037536621094
2025-08-13,CMI,401.64569091796875
2025-08-14,CMI,399.6710205078125
2025-08-15,CMI,394.35919189453125
2025-08-18,CMI,396.8571472167969
2025-08-19,CMI,397.11383056640625
2025-08-20,CMI,391.328125
2025-08-21,CMI,389.20538330078125
2025-08-22,CMI,399.22821044921875
2025-08-25,CMI,393.0755615234375
2025-08-26,CMI,395.41754150390625
2025-08-27,CMI,398.3350830078125
2025-08-28,CMI,398.85113525390625
2025-08-29,CMI,395.3976745605469
2025-09-02,CMI,392.21221923828125
2025-09-03,CMI,389.1358642578125
2025-09-04,CMI,397.8686828613281
2025-09-05,CMI,396.79693603515625
2025-09-08,CMI,394.3656311035156
2025-09-09,CMI,391.765625
2025-09-10,CMI,402.175537109375
2025-09-11,CMI,407.8915710449219
2025-09-12,CMI,407.1373596191406
2025-09-15,CMI,411.037353515625
2025-09-16,CMI,412.26788330078125
2025-09-17,CMI,408.6358337402344
2025-09-18,CMI,423.1343078613281
2025-09-19,CMI,420.4052734375
2025-09-22,CMI,421.6060485839844
2025-09-23,CMI,420.9212951660156
2025-09-24,CMI,414.78851318359375
2025-09-25,CMI,410.87860107421875
2025-09-26,CMI,414.8480224609375
2025-09-29,CMI,416.2274169921875
2025-09-30,CMI,419.14495849609375
2025-10-01,CMI,421.4075622558594
2025-10-02,CMI,429.28692626953125
2025-10-03,CMI,429.4953308105469
2025-10-06,CMI,435.5289001464844
2025-10-07,CMI,430.8548889160156
2025-10-08,CMI,433.01824951171875
2025-10-09,CMI,423.4320068359375
2025-10-10,CMI,409.9259033203125
2025-10-13,CMI,405.8770751953125
2025-10-14,CMI,413.4686279296875
2025-10-15,CMI,420.1571960449219
2025-10-16,CMI,419.44268798828125
2025-10-17,CMI,408.6854248046875
2025-10-20,CMI,410.84881591796875
2025-10-21,CMI,414.778564453125
2025-10-22,CMI,404.8648376464844
2025-10-23,CMI,414.55029296875
2025-10-24,CMI,418.2320251464844
2025-10-27,CMI,417.844970703125
2025-10-28,CMI,411.1365661621094
2025-10-29,CMI,437.8907470703125
2025-10-30,CMI,434.7449645996094
2025-10-31,CMI,434.3380432128906
2025-11-03,CMI,434.3678283691406
2025-11-04,CMI,425.4663391113281
2025-11-05,CMI,435.82659912109375
2025-11-06,CMI,459.2662353515625
2025-11-07,CMI,469.72576904296875
2025-11-10,CMI,480.64178466796875
2025-11-11,CMI,472.3753967285156
2025-11-12,CMI,475.8288269042969
2025-11-13,CMI,463.92047119140625
2025-11-14,CMI,459.07769775390625
2025-11-17,CMI,452.49835205078125
2025-11-18,CMI,461.3701171875
2025-11-19,CMI,469.64642333984375
2025-11-20,CMI,461.6380310058594
2025-11-21,CMI,470.92681884765625
2025-11-24,CMI,483.99285888671875
2025-11-25,CMI,493.2816467285156
2025-11-26,CMI,495.4443664550781
2025-11-28,CMI,496.31146240234375
2025-12-01,CMI,494.4875793457031
2025-12-02,CMI,499.8196716308594
2025-12-03,CMI,506.1085205078125
2025-12-04,CMI,509.0286865234375
2025-12-05,CMI,508.9389953613281
2025-12-08,CMI,505.9989013671875
2025-12-09,CMI,498.4841613769531
2025-12-10,CMI,522.7725219726562
2025-12-11,CMI,521.65625
2025-12-12,CMI,508.34100341796875
2025-12-15,CMI,515.5169067382812
2025-12-16,CMI,512.8060302734375
2025-12-17,CMI,495.7732849121094
2025-12-18,CMI,498.9326477050781
2025-12-19,CMI,505.0221862792969
2025-12-22,CMI,517.5401000976562
2025-12-23,CMI,515.3574829101562
2025-12-24,CMI,515.86572265625
2025-12-26,CMI,517.380615234375
2025-12-29,CMI,512.9156494140625
2025-12-30,CMI,511.8890686035156
2025-12-31,CMI,508.73968505859375
2026-01-02,CMI,520.2808837890625
2026-01-05,CMI,529.9185180664062
2026-01-06,CMI,544.9280395507812
2026-01-07,CMI,537.2239379882812
2026-01-08,CMI,542.6655883789062
2026-01-09,CMI,550.2401733398438
2026-01-12,CMI,560.2963256835938
2026-01-13,CMI,565.5387573242188
2026-01-14,CMI,563.2863159179688
2026-01-15,CMI,572.9139404296875
2026-01-16,CMI,577.0001831054688
2026-01-20,CMI,563.9042358398438
2026-01-21,CMI,580.0897827148438
2026-01-22,CMI,581.1163940429688
2026-01-23,CMI,569.8641967773438
2026-01-26,CMI,568.05029296875
2026-01-27,CMI,574.2992553710938
2026-01-28,CMI,575.923828125
2026-01-29,CMI,581.9834594726562
2026-01-30,CMI,576.880615234375
2026-02-02,CMI,593.1359252929688
2026-02-03,CMI,600.6705932617188
2026-02-04,CMI,603.6007690429688
2026-02-05,CMI,538.8385009765625
2026-02-06,CMI,575.7942504882812
2026-02-09,CMI,599.364990234375
2026-02-10,CMI,586.099609375
2026-02-11,CMI,596.893310546875
2026-02-12,CMI,586.8171997070312
2026-02-13,CMI,598.9962768554688
2026-02-17,CMI,593.6641235351562
2026-02-18,CMI,591.0130615234375
2026-02-19,CMI,594.9099731445312
2026-02-20,CMI,593.280029296875
2026-02-23,CMI,587.3599853515625
2026-02-24,CMI,600.47998046875
2026-02-25,CMI,594.4099731445312
2026-02-26,CMI,588.1099853515625
2026-02-27,CMI,583.8699951171875
2026-03-02,CMI,580.3699951171875
2026-03-03,CMI,560.0900268554688
2026-03-04,CMI,574.0599975585938
2026-03-05,CMI,556.0700073242188
2026-03-06,CMI,539.22998046875
2026-03-09,CMI,550.1900024414062
2026-03-10,CMI,558.7100219726562
2026-03-11,CMI,556.1400146484375
2026-03-12,CMI,538.75
2026-03-13,CMI,535.7100219726562
2026-03-16,CMI,545.030029296875
2026-03-17,CMI,543.27001953125
2026-03-18,CMI,543.2899780273438
2026-03-19,CMI,540.239990234375
2026-03-20,CMI,533.5399780273438
2026-03-23,CMI,548.25
2026-03-24,CMI,554.75
2026-03-25,CMI,553.3599853515625
2026-03-26,CMI,530.0
2026-03-27,CMI,523.239990234375
2026-03-30,CMI,511.70001220703125
2026-03-31,CMI,538.02001953125
2026-04-01,CMI,550.0900268554688
2026-04-02,CMI,549.6799926757812
2026-04-06,CMI,551.989990234375
2026-04-07,CMI,556.780029296875
2026-04-08,CMI,596.6500244140625
2026-04-09,CMI,610.989990234375
2026-04-10,CMI,616.1400146484375
2026-04-13,CMI,618.280029296875
2026-04-14,CMI,615.5599975585938
2026-04-15,CMI,601.4600219726562
2026-04-16,CMI,608.8900146484375
2026-04-17,CMI,627.1799926757812
2026-04-20,CMI,636.6099853515625
2026-04-21,CMI,638.989990234375
2026-04-22,CMI,639.219970703125
2026-04-23,CMI,656.9299926757812
2026-04-24,CMI,660.75
2026-04-27,CMI,660.780029296875
2026-04-28,CMI,642.4500122070312
2026-04-29,CMI,638.9500122070312
2026-04-30,CMI,671.010009765625
2026-05-01,CMI,657.4400024414062
2025-01-02,CVS,41.69453430175781
2025-01-03,CVS,43.156005859375
2025-01-06,CVS,43.203147888183594
2025-01-07,CVS,43.165435791015625
2025-01-08,CVS,43.382301330566406
2025-01-10,CVS,45.2680778503418
2025-01-13,CVS,48.57761764526367
2025-01-14,CVS,48.624755859375
2025-01-15,CVS,49.162208557128906
2025-01-16,CVS,48.99248504638672
2025-01-17,CVS,49.61479187011719
2025-01-21,CVS,50.114524841308594
2025-01-22,CVS,49.96366500854492
2025-01-23,CVS,51.39119338989258
2025-01-24,CVS,52.08824920654297
2025-01-27,CVS,53.66379165649414
2025-01-28,CVS,54.7427978515625
2025-01-29,CVS,54.33220291137695
2025-01-30,CVS,54.25581359863281
2025-01-31,CVS,53.93115234375
2025-02-03,CVS,53.425071716308594
2025-02-04,CVS,53.8070182800293
2025-02-05,CVS,53.17680358886719
2025-02-06,CVS,51.79224395751953
2025-02-07,CVS,51.5726203918457
2025-02-10,CVS,51.839988708496094
2025-02-11,CVS,52.51793670654297
2025-02-12,CVS,60.36698532104492
2025-02-13,CVS,63.37483596801758
2025-02-14,CVS,62.85920333862305
2025-02-18,CVS,62.610939025878906
2025-02-19,CVS,63.40347671508789
2025-02-20,CVS,62.15259552001953
2025-02-21,CVS,60.615257263183594
2025-02-24,CVS,60.1760139465332
2025-02-25,CVS,60.787132263183594
2025-02-26,CVS,60.97810363769531
2025-02-27,CVS,61.57012939453125
2025-02-28,CVS,62.754173278808594
2025-03-03,CVS,61.97117614746094
2025-03-04,CVS,61.31230926513672
2025-03-05,CVS,62.97378921508789
2025-03-06,CVS,62.30537796020508
2025-03-07,CVS,63.336639404296875
2025-03-10,CVS,62.28628921508789
2025-03-11,CVS,62.04756546020508
2025-03-12,CVS,61.91388702392578
2025-03-13,CVS,62.782814025878906
2025-03-14,CVS,62.715972900390625
2025-03-17,CVS,63.64219665527344
2025-03-18,CVS,64.52068328857422
2025-03-19,CVS,64.84534454345703
2025-03-20,CVS,65.54238891601562
2025-03-21,CVS,64.02415466308594
2025-03-24,CVS,64.52068328857422
2025-03-25,CVS,63.47986602783203
2025-03-26,CVS,64.1673812866211
2025-03-27,CVS,64.5397720336914
2025-03-28,CVS,64.1100845336914
2025-03-31,CVS,64.69255828857422
2025-04-01,CVS,64.91218566894531
2025-04-02,CVS,64.99812316894531
2025-04-03,CVS,64.46339416503906
2025-04-04,CVS,60.787132263183594
2025-04-07,CVS,60.96855926513672
2025-04-08,CVS,64.57797241210938
2025-04-09,CVS,67.01289367675781
2025-04-10,CVS,65.85750579833984
2025-04-11,CVS,66.37313079833984
2025-04-14,CVS,66.07711791992188
2025-04-15,CVS,65.80976104736328
2025-04-16,CVS,65.45646667480469
2025-04-17,CVS,64.2533187866211
2025-04-21,CVS,62.22898864746094
2025-04-22,CVS,63.140647888183594
2025-04-23,CVS,63.256412506103516
2025-04-24,CVS,63.59406280517578
2025-04-25,CVS,63.015235900878906
2025-04-28,CVS,62.63899230957031
2025-04-29,CVS,62.735469818115234
2025-04-30,CVS,64.35618591308594
2025-05-01,CVS,66.99950408935547
2025-05-02,CVS,65.07972717285156
2025-05-05,CVS,64.732421875
2025-05-06,CVS,63.893131256103516
2025-05-07,CVS,64.42372131347656
2025-05-08,CVS,65.45596313476562
2025-05-09,CVS,64.60701751708984
2025-05-12,CVS,62.52322769165039
2025-05-13,CVS,58.36530303955078
2025-05-14,CVS,57.92153549194336
2025-05-15,CVS,58.336360931396484
2025-05-16,CVS,60.32367706298828
2025-05-19,CVS,60.56485366821289
2025-05-20,CVS,61.49098205566406
2025-05-21,CVS,59.918495178222656
2025-05-22,CVS,58.09518051147461
2025-05-23,CVS,58.683658599853516
2025-05-27,CVS,59.17566680908203
2025-05-28,CVS,60.24650192260742
2025-05-29,CVS,60.56485366821289
2025-05-30,CVS,61.780399322509766
2025-06-02,CVS,61.355918884277344
2025-06-03,CVS,61.346275329589844
2025-06-04,CVS,61.32698059082031
2025-06-05,CVS,60.854270935058594
2025-06-06,CVS,61.336631774902344
2025-06-09,CVS,61.606746673583984
2025-06-10,CVS,61.992637634277344
2025-06-11,CVS,63.401119232177734
2025-06-12,CVS,64.00889587402344
2025-06-13,CVS,65.07972717285156
2025-06-16,CVS,65.32090759277344
2025-06-17,CVS,64.72278594970703
2025-06-18,CVS,64.4815902709961
2025-06-20,CVS,64.22113037109375
2025-06-23,CVS,64.45265197753906
2025-06-24,CVS,65.19548797607422
2025-06-25,CVS,64.02819061279297
2025-06-26,CVS,65.73573303222656
2025-06-27,CVS,66.07337951660156
2025-06-30,CVS,66.54610443115234
2025-07-01,CVS,67.12492370605469
2025-07-02,CVS,64.25006866455078
2025-07-03,CVS,65.05078125
2025-07-07,CVS,64.3272476196289
2025-07-08,CVS,64.57807922363281
2025-07-09,CVS,64.3079605102539
2025-07-10,CVS,63.30464553833008
2025-07-11,CVS,62.494285583496094
2025-07-14,CVS,62.089107513427734
2025-07-15,CVS,61.68392562866211
2025-07-16,CVS,61.54886245727539
2025-07-17,CVS,61.06650924682617
2025-07-18,CVS,59.77378463745117
2025-07-21,CVS,59.4650764465332
2025-07-22,CVS,59.567481994628906
2025-07-23,CVS,60.31840896606445
2025-07-24,CVS,57.2951774597168
2025-07-25,CVS,59.1968879699707
2025-07-28,CVS,58.16313934326172
2025-07-29,CVS,58.51422119140625
2025-07-30,CVS,60.75727081298828
2025-07-31,CVS,60.562217712402344
2025-08-01,CVS,60.923057556152344
2025-08-04,CVS,59.928314208984375
2025-08-05,CVS,61.84953308105469
2025-08-06,CVS,61.94705581665039
2025-08-07,CVS,62.00557327270508
2025-08-08,CVS,63.91703414916992
2025-08-11,CVS,63.27337646484375
2025-08-12,CVS,63.88778305053711
2025-08-13,CVS,64.26811981201172
2025-08-14,CVS,65.07756805419922
2025-08-15,CVS,66.90126037597656
2025-08-18,CVS,68.43238067626953
2025-08-19,CVS,69.21257781982422
2025-08-20,CVS,69.06629180908203
2025-08-21,CVS,69.66118621826172
2025-08-22,CVS,69.53440856933594
2025-08-25,CVS,69.4466323852539
2025-08-26,CVS,69.77821350097656
2025-08-27,CVS,70.14879608154297
2025-08-28,CVS,70.35359954833984
2025-08-29,CVS,71.33859252929688
2025-09-02,CVS,72.25531005859375
2025-09-03,CVS,71.50437927246094
2025-09-04,CVS,71.86521911621094
2025-09-05,CVS,71.95298767089844
2025-09-08,CVS,68.52015686035156
2025-09-09,CVS,69.9732666015625
2025-09-10,CVS,72.1382827758789
2025-09-11,CVS,72.82095336914062
2025-09-12,CVS,73.12328338623047
2025-09-15,CVS,71.64090728759766
2025-09-16,CVS,71.6604232788086
2025-09-17,CVS,72.16754150390625
2025-09-18,CVS,72.57714080810547
2025-09-19,CVS,73.06475830078125
2025-09-22,CVS,73.2695541381836
2025-09-23,CVS,74.60563659667969
2025-09-24,CVS,74.48860168457031
2025-09-25,CVS,72.76243591308594
2025-09-26,CVS,73.89370727539062
2025-09-29,CVS,73.69866180419922
2025-09-30,CVS,73.52311706542969
2025-10-01,CVS,74.96647644042969
2025-10-02,CVS,75.5321044921875
2025-10-03,CVS,75.57112121582031
2025-10-06,CVS,74.93721008300781
2025-10-07,CVS,75.21028137207031
2025-10-08,CVS,75.02498626708984
2025-10-09,CVS,74.83969116210938
2025-10-10,CVS,75.9709701538086
2025-10-13,CVS,76.49759674072266
2025-10-14,CVS,77.68738555908203
2025-10-15,CVS,78.67237091064453
2025-10-16,CVS,79.35504150390625
2025-10-17,CVS,80.4765625
2025-10-20,CVS,80.43755340576172
2025-10-21,CVS,80.98368835449219
2025-10-22,CVS,79.97919464111328
2025-10-23,CVS,79.70880889892578
2025-10-24,CVS,80.55437469482422
2025-10-27,CVS,81.06563568115234
2025-10-28,CVS,80.81983184814453
2025-10-29,CVS,79.24669647216797
2025-10-30,CVS,75.40235137939453
2025-10-31,CVS,76.83783721923828
2025-11-03,CVS,77.12297058105469
2025-11-04,CVS,76.76901245117188
2025-11-05,CVS,77.23112487792969
2025-11-06,CVS,77.33927917480469
2025-11-07,CVS,77.66372680664062
2025-11-10,CVS,76.23808288574219
2025-11-11,CVS,78.52896118164062
2025-11-12,CVS,78.91240692138672
2025-11-13,CVS,77.90953063964844
2025-11-14,CVS,76.5035400390625
2025-11-17,CVS,77.09347534179688
2025-11-18,CVS,76.63136291503906
2025-11-19,CVS,75.26470184326172
2025-11-20,CVS,74.76326751708984
2025-11-21,CVS,76.7198486328125
2025-11-24,CVS,76.592041015625
2025-11-25,CVS,77.15245819091797
2025-11-26,CVS,78.51912689208984
2025-11-28,CVS,79.01072692871094
2025-12-01,CVS,77.77188110351562
2025-12-02,CVS,76.31674194335938
2025-12-03,CVS,73.74073028564453
2025-12-04,CVS,75.46134185791016
2025-12-05,CVS,74.36014556884766
2025-12-08,CVS,75.24503326416016
2025-12-09,CVS,76.92632293701172
2025-12-10,CVS,77.6440658569336
2025-12-11,CVS,79.47283935546875
2025-12-12,CVS,78.08650970458984
2025-12-15,CVS,78.35198211669922
2025-12-16,CVS,76.9754867553711
2025-12-17,CVS,76.5723648071289
2025-12-18,CVS,76.48387908935547
2025-12-19,CVS,76.4150619506836
2025-12-22,CVS,77.0443115234375
2025-12-23,CVS,76.72968292236328
2025-12-24,CVS,77.79154968261719
2025-12-26,CVS,78.27332305908203
2025-12-29,CVS,78.67643737792969
2025-12-30,CVS,78.50929260253906
2025-12-31,CVS,78.02751922607422
2026-01-02,CVS,78.78458404541016
2026-01-05,CVS,79.0697250366211
2026-01-06,CVS,79.34501647949219
2026-01-07,CVS,78.45030212402344
2026-01-08,CVS,79.24669647216797
2026-01-09,CVS,78.95173645019531
2026-01-12,CVS,79.01072692871094
2026-01-13,CVS,79.32535552978516
2026-01-14,CVS,77.99803161621094
2026-01-15,CVS,79.99394226074219
2026-01-16,CVS,77.28028106689453
2026-01-20,CVS,78.7452621459961
2026-01-21,CVS,80.12174987792969
2026-01-22,CVS,81.96061706542969
2026-01-23,CVS,82.28775024414062
2026-01-26,CVS,83.14026641845703
2026-01-27,CVS,71.37354278564453
2026-01-28,CVS,73.38587951660156
2026-01-29,CVS,73.79231262207031
2026-01-30,CVS,73.87161254882812
2026-02-02,CVS,74.76378631591797
2026-02-03,CVS,76.1615219116211
2026-02-04,CVS,74.5853500366211
2026-02-05,CVS,75.6658706665039
2026-02-06,CVS,77.66828918457031
2026-02-09,CVS,75.1107406616211
2026-02-10,CVS,75.04134368896484
2026-02-11,CVS,76.34986114501953
2026-02-12,CVS,77.25194549560547
2026-02-13,CVS,77.79716491699219
2026-02-17,CVS,77.51959228515625
2026-02-18,CVS,77.07351684570312
2026-02-19,CVS,76.64725494384766
2026-02-20,CVS,76.02273559570312
2026-02-23,CVS,76.33003997802734
2026-02-24,CVS,73.53457641601562
2026-02-25,CVS,75.52709197998047
2026-02-26,CVS,77.33125305175781
2026-02-27,CVS,79.2048110961914
2026-03-02,CVS,80.94950103759766
2026-03-03,CVS,79.7896728515625
2026-03-04,CVS,79.86898040771484
2026-03-05,CVS,78.00534057617188
2026-03-06,CVS,77.24203491210938
2026-03-09,CVS,77.5790786743164
2026-03-10,CVS,75.65595245361328
2026-03-11,CVS,75.0611801147461
2026-03-12,CVS,75.40813446044922
2026-03-13,CVS,75.46760559082031
2026-03-16,CVS,75.18013000488281
2026-03-17,CVS,74.15908813476562
2026-03-18,CVS,72.3846664428711
2026-03-19,CVS,71.2347640991211
2026-03-20,CVS,70.85807037353516
2026-03-23,CVS,70.66972351074219
2026-03-24,CVS,72.16658782958984
2026-03-25,CVS,71.5519790649414
2026-03-26,CVS,70.56067657470703
2026-03-27,CVS,69.47025299072266
2026-03-30,CVS,69.52972412109375
2026-03-31,CVS,71.19510650634766
2026-04-01,CVS,71.8592758178711
2026-04-02,CVS,72.85057830810547
2026-04-06,CVS,72.64240264892578
2026-04-07,CVS,77.5394287109375
2026-04-08,CVS,78.1044692993164
2026-04-09,CVS,78.1540298461914
2026-04-10,CVS,78.6397705078125
2026-04-13,CVS,77.41055297851562
2026-04-14,CVS,76.94464874267578
2026-04-15,CVS,74.3375244140625
2026-04-16,CVS,76.12186431884766
2026-04-17,CVS,76.62743377685547
2026-04-20,CVS,75.9136962890625
2026-04-21,CVS,76.68690490722656
2026-04-22,CVS,75.76499938964844
2026-04-23,CVS,78.86000061035156
2026-04-24,CVS,77.94000244140625
2026-04-27,CVS,78.36000061035156
2026-04-28,CVS,80.9800033569336
2026-04-29,CVS,83.9000015258789
2026-04-30,CVS,83.29000091552734
2026-05-01,CVS,82.08999633789062
2025-01-02,EME,456.22882080078125
2025-01-03,EME,472.19970703125
2025-01-06,EME,477.6629638671875
2025-01-07,EME,468.7403259277344
2025-01-08,EME,474.4029541015625
2025-01-10,EME,465.6099853515625
2025-01-13,EME,466.34771728515625
2025-01-14,EME,491.4007263183594
2025-01-15,EME,500.4828796386719
2025-01-16,EME,509.6792297363281
2025-01-17,EME,505.1707763671875
2025-01-21,EME,525.8076782226562
2025-01-22,EME,534.6151123046875
2025-01-23,EME,530.435791015625
2025-01-24,EME,530.2861938476562
2025-01-27,EME,428.8969421386719
2025-01-28,EME,437.145751953125
2025-01-29,EME,438.2828369140625
2025-01-30,EME,447.5390319824219
2025-01-31,EME,446.91064453125
2025-02-03,EME,447.249755859375
2025-02-04,EME,443.8585205078125
2025-02-05,EME,455.47857666015625
2025-02-06,EME,465.97161865234375
2025-02-07,EME,460.5655212402344
2025-02-10,EME,465.31329345703125
2025-02-11,EME,445.09527587890625
2025-02-12,EME,432.37799072265625
2025-02-13,EME,426.4532165527344
2025-02-14,EME,425.1965026855469
2025-02-18,EME,432.79693603515625
2025-02-19,EME,433.7345275878906
2025-02-20,EME,423.55072021484375
2025-02-21,EME,403.3127746582031
2025-02-24,EME,390.4259338378906
2025-02-25,EME,397.00897216796875
2025-02-26,EME,419.80035400390625
2025-02-27,EME,401.6769714355469
2025-02-28,EME,407.861083984375
2025-03-03,EME,394.71490478515625
2025-03-04,EME,387.0844421386719
2025-03-05,EME,391.5928955078125
2025-03-06,EME,373.9083251953125
2025-03-07,EME,374.3871765136719
2025-03-10,EME,360.23358154296875
2025-03-11,EME,371.6441955566406
2025-03-12,EME,381.4090881347656
2025-03-13,EME,371.96337890625
2025-03-14,EME,387.5133972167969
2025-03-17,EME,394.0765075683594
2025-03-18,EME,385.5484313964844
2025-03-19,EME,397.51763916015625
2025-03-20,EME,398.4951477050781
2025-03-21,EME,394.12640380859375
2025-03-24,EME,411.7909851074219
2025-03-25,EME,411.222412109375
2025-03-26,EME,391.2438049316406
2025-03-27,EME,378.35693359375
2025-03-28,EME,369.91864013671875
2025-03-31,EME,368.6817932128906
2025-04-01,EME,374.5367736816406
2025-04-02,EME,383.9624938964844
2025-04-03,EME,353.6305236816406
2025-04-04,EME,341.1426696777344
2025-04-07,EME,349.5809326171875
2025-04-08,EME,353.3512268066406
2025-04-09,EME,389.99700927734375
2025-04-10,EME,374.2375183105469
2025-04-11,EME,382.7456359863281
2025-04-14,EME,384.80035400390625
2025-04-15,EME,389.09930419921875
2025-04-16,EME,381.4190673828125
2025-04-17,EME,378.0854187011719
2025-04-21,EME,362.0162353515625
2025-04-22,EME,372.4862060546875
2025-04-23,EME,383.395263671875
2025-04-24,EME,399.853759765625
2025-04-25,EME,409.455322265625
2025-04-28,EME,409.47528076171875
2025-04-29,EME,412.22998046875
2025-04-30,EME,399.9335632324219
2025-05-01,EME,411.73095703125
2025-05-02,EME,429.3671875
2025-05-05,EME,435.15606689453125
2025-05-06,EME,432.2416687011719
2025-05-07,EME,433.319580078125
2025-05-08,EME,439.39794921875
2025-05-09,EME,438.5895080566406
2025-05-12,EME,456.4352722167969
2025-05-13,EME,471.4764709472656
2025-05-14,EME,465.6775817871094
2025-05-15,EME,463.4019470214844
2025-05-16,EME,469.5301818847656
2025-05-19,EME,469.0910339355469
2025-05-20,EME,471.6161804199219
2025-05-21,EME,462.8829345703125
2025-05-22,EME,457.4333801269531
2025-05-23,EME,462.43377685546875
2025-05-27,EME,474.6803283691406
2025-05-28,EME,468.2427062988281
2025-05-29,EME,467.3643493652344
2025-05-30,EME,470.9574279785156
2025-06-02,EME,468.65185546875
2025-06-03,EME,482.85467529296875
2025-06-04,EME,481.71685791015625
2025-06-05,EME,483.1341247558594
2025-06-06,EME,487.8850402832031
2025-06-09,EME,472.8837890625
2025-06-10,EME,465.038818359375
2025-06-11,EME,470.9874267578125
2025-06-12,EME,474.02154541015625
2025-06-13,EME,477.005859375
2025-06-16,EME,484.8807678222656
2025-06-17,EME,480.46923828125
2025-06-18,EME,484.2819519042969
2025-06-20,EME,484.1022644042969
2025-06-23,EME,493.6539611816406
2025-06-24,EME,499.6923828125
2025-06-25,EME,501.6087341308594
2025-06-26,EME,510.0126037597656
2025-06-27,EME,529.6051025390625
2025-06-30,EME,533.866943359375
2025-07-01,EME,529.864501953125
2025-07-02,EME,540.763671875
2025-07-03,EME,546.1732788085938
2025-07-07,EME,550.0858154296875
2025-07-08,EME,540.3045654296875
2025-07-09,EME,545.2351684570312
2025-07-10,EME,546.5426025390625
2025-07-11,EME,553.1598510742188
2025-07-14,EME,555.794921875
2025-07-15,EME,548.9549560546875
2025-07-16,EME,552.48974609375
2025-07-17,EME,558.4310302734375
2025-07-18,EME,564.7317504882812
2025-07-21,EME,559.6192016601562
2025-07-22,EME,558.161376953125
2025-07-23,EME,572.8198852539062
2025-07-24,EME,577.952392578125
2025-07-25,EME,634.1299438476562
2025-07-28,EME,630.7349853515625
2025-07-29,EME,635.2982177734375
2025-07-30,EME,638.393798828125
2025-07-31,EME,626.571044921875
2025-08-01,EME,623.7552490234375
2025-08-04,EME,628.2985229492188
2025-08-05,EME,624.0847778320312
2025-08-06,EME,621.3587036132812
2025-08-07,EME,616.605712890625
2025-08-08,EME,617.3146362304688
2025-08-11,EME,613.789794921875
2025-08-12,EME,631.6436767578125
2025-08-13,EME,615.8069458007812
2025-08-14,EME,608.8570556640625
2025-08-15,EME,604.7330932617188
2025-08-18,EME,612.0223999023438
2025-08-19,EME,606.2108764648438
2025-08-20,EME,604.2438354492188
2025-08-21,EME,609.9553833007812
2025-08-22,EME,609.3463134765625
2025-08-25,EME,608.2678833007812
2025-08-26,EME,617.9337768554688
2025-08-27,EME,623.086181640625
2025-08-28,EME,632.3226318359375
2025-08-29,EME,619.092041015625
2025-09-02,EME,619.5013427734375
2025-09-03,EME,626.3613891601562
2025-09-04,EME,639.6319580078125
2025-09-05,EME,624.4841918945312
2025-09-08,EME,620.6697387695312
2025-09-09,EME,622.11767578125
2025-09-10,EME,633.470947265625
2025-09-11,EME,639.0628051757812
2025-09-12,EME,628.1588134765625
2025-09-15,EME,627.8292236328125
2025-09-16,EME,618.08349609375
2025-09-17,EME,615.8168334960938
2025-09-18,EME,627.9989624023438
2025-09-19,EME,631.094482421875
2025-09-22,EME,654.8695678710938
2025-09-23,EME,643.755859375
2025-09-24,EME,625.6524047851562
2025-09-25,EME,624.0847778320312
2025-09-26,EME,639.6319580078125
2025-09-29,EME,639.6918334960938
2025-09-30,EME,648.5888061523438
2025-10-01,EME,653.9608764648438
2025-10-02,EME,659.3130493164062
2025-10-03,EME,653.4515991210938
2025-10-06,EME,669.018798828125
2025-10-07,EME,672.0943603515625
2025-10-08,EME,694.01220703125
2025-10-09,EME,679.8330078125
2025-10-10,EME,662.7679443359375
2025-10-13,EME,676.028564453125
2025-10-14,EME,673.1527709960938
2025-10-15,EME,689.8844604492188
2025-10-16,EME,686.4682006835938
2025-10-17,EME,688.2562255859375
2025-10-20,EME,699.4140014648438
2025-10-21,EME,689.1951904296875
2025-10-22,EME,662.2047729492188
2025-10-23,EME,695.518310546875
2025-10-24,EME,747.4214477539062
2025-10-27,EME,754.024169921875
2025-10-28,EME,750.6179809570312
2025-10-29,EME,776.1499633789062
2025-10-30,EME,647.2910766601562
2025-10-31,EME,675.040771484375
2025-11-03,EME,672.783203125
2025-11-04,EME,653.783935546875
2025-11-05,EME,674.6810913085938
2025-11-06,EME,653.0347900390625
2025-11-07,EME,648.629638671875
2025-11-10,EME,655.6119995117188
2025-11-11,EME,640.14892578125
2025-11-12,EME,642.6761474609375
2025-11-13,EME,618.2828979492188
2025-11-14,EME,619.181884765625
2025-11-17,EME,610.7311401367188
2025-11-18,EME,613.9176635742188
2025-11-19,EME,605.17724609375
2025-11-20,EME,582.442138671875
2025-11-21,EME,580.9437866210938
2025-11-24,EME,602.1805419921875
2025-11-25,EME,604.9474487304688
2025-11-26,EME,610.0518188476562
2025-11-28,EME,614.3971557617188
2025-12-01,EME,607.1151123046875
2025-12-02,EME,605.7066650390625
2025-12-03,EME,611.3305053710938
2025-12-04,EME,634.6648559570312
2025-12-05,EME,622.937744140625
2025-12-08,EME,628.5316162109375
2025-12-09,EME,623.0576171875
2025-12-10,EME,626.3340454101562
2025-12-11,EME,638.8803100585938
2025-12-12,EME,622.9677734375
2025-12-15,EME,623.4072875976562
2025-12-16,EME,623.8767700195312
2025-12-17,EME,595.8174438476562
2025-12-18,EME,612.1895141601562
2025-12-19,EME,610.7410888671875
2025-12-22,EME,621.1597900390625
2025-12-23,EME,625.0054931640625
2025-12-24,EME,625.3850708007812
2025-12-26,EME,626.4039916992188
2025-12-29,EME,622.5781860351562
2025-12-30,EME,616.6246948242188
2025-12-31,EME,611.1207275390625
2026-01-02,EME,637.9513549804688
2026-01-05,EME,652.8550415039062
2026-01-06,EME,655.222412109375
2026-01-07,EME,650.2578125
2026-01-08,EME,627.5827026367188
2026-01-09,EME,645.56298828125
2026-01-12,EME,659.92724609375
2026-01-13,EME,669.81640625
2026-01-14,EME,660.401123046875
2026-01-15,EME,681.7904663085938
2026-01-16,EME,698.3422241210938
2026-01-20,EME,687.4176635742188
2026-01-21,EME,708.3572387695312
2026-01-22,EME,702.5401611328125
2026-01-23,EME,693.864501953125
2026-01-26,EME,706.5181274414062
2026-01-27,EME,715.9235229492188
2026-01-28,EME,726.9879150390625
2026-01-29,EME,730.0364379882812
2026-01-30,EME,720.3712158203125
2026-02-02,EME,731.3057861328125
2026-02-03,EME,744.159423828125
2026-02-04,EME,708.2672729492188
2026-02-05,EME,717.32275390625
2026-02-06,EME,763.9695434570312
2026-02-09,EME,775.8536376953125
2026-02-10,EME,778.7022094726562
2026-02-11,EME,808.1075439453125
2026-02-12,EME,782.540283203125
2026-02-13,EME,800.42138671875
2026-02-17,EME,797.10302734375
2026-02-18,EME,782.6702270507812
2026-02-19,EME,803.1500244140625
2026-02-20,EME,812.3853759765625
2026-02-23,EME,806.2584228515625
2026-02-24,EME,806.3983764648438
2026-02-25,EME,801.40087890625
2026-02-26,EME,745.80859375
2026-02-27,EME,724.2593383789062
2026-03-02,EME,735.413818359375
2026-03-03,EME,735.9334716796875
2026-03-04,EME,740.501220703125
2026-03-05,EME,718.652099609375
2026-03-06,EME,705.4386596679688
2026-03-09,EME,718.822021484375
2026-03-10,EME,723.0199584960938
2026-03-11,EME,719.821533203125
2026-03-12,EME,710.1763305664062
2026-03-13,EME,709.5565795898438
2026-03-16,EME,726.1883544921875
2026-03-17,EME,728.1873168945312
2026-03-18,EME,737.2927856445312
2026-03-19,EME,750.9560546875
2026-03-20,EME,724.5691528320312
2026-03-23,EME,744.289306640625
2026-03-24,EME,760.89111328125
2026-03-25,EME,764.3793334960938
2026-03-26,EME,725.948486328125
2026-03-27,EME,732.5252075195312
2026-03-30,EME,700.7509765625
2026-03-31,EME,737.9425048828125
2026-04-01,EME,759.1719360351562
2026-04-02,EME,755.9235229492188
2026-04-06,EME,757.1629028320312
2026-04-07,EME,750.0464477539062
2026-04-08,EME,788.7971801757812
2026-04-09,EME,800.0016479492188
2026-04-10,EME,802.0305786132812
2026-04-13,EME,811.8057250976562
2026-04-14,EME,813.7747192382812
2026-04-15,EME,803.239990234375
2026-04-16,EME,792.25
2026-04-17,EME,806.0499877929688
2026-04-20,EME,831.1099853515625
2026-04-21,EME,838.010009765625
2026-04-22,EME,860.0
2026-04-23,EME,873.1099853515625
2026-04-24,EME,869.9000244140625
2026-04-27,EME,885.4199829101562
2026-04-28,EME,863.780029296875
2026-04-29,EME,833.3699951171875
2026-04-30,EME,891.6699829101562
2026-05-01,EME,903.5
2025-01-02,EQR,66.41140747070312
2025-01-03,EQR,67.19808197021484
2025-01-06,EQR,64.81913757324219
2025-01-07,EQR,63.9282112121582
2025-01-08,EQR,63.994564056396484
2025-01-10,EQR,63.48275375366211
2025-01-13,EQR,65.5963134765625
2025-01-14,EQR,66.26924896240234
2025-01-15,EQR,65.8332748413086
2025-01-16,EQR,66.58202362060547
2025-01-17,EQR,66.1270751953125
2025-01-21,EQR,66.46827697753906
2025-01-22,EQR,64.80965423583984
2025-01-23,EQR,64.62958526611328
2025-01-24,EQR,64.68643188476562
2025-01-27,EQR,66.4777603149414
2025-01-28,EQR,65.64370727539062
2025-01-29,EQR,64.90443420410156
2025-01-30,EQR,66.09864044189453
2025-01-31,EQR,66.94216918945312
2025-02-03,EQR,66.65784454345703
2025-02-04,EQR,66.93270111083984
2025-02-05,EQR,68.17430114746094
2025-02-06,EQR,68.35437774658203
2025-02-07,EQR,67.60562896728516
2025-02-10,EQR,67.20756530761719
2025-02-11,EQR,67.70988464355469
2025-02-12,EQR,67.26441955566406
2025-02-13,EQR,67.78571319580078
2025-02-14,EQR,67.51084899902344
2025-02-18,EQR,67.5392837524414
2025-02-19,EQR,67.40660095214844
2025-02-20,EQR,67.91839599609375
2025-02-21,EQR,67.82361602783203
2025-02-24,EQR,68.43968200683594
2025-02-25,EQR,69.16947937011719
2025-02-26,EQR,69.01782989501953
2025-02-27,EQR,69.83292388916016
2025-02-28,EQR,70.2973403930664
2025-03-03,EQR,71.10296630859375
2025-03-04,EQR,69.60546112060547
2025-03-05,EQR,69.82344818115234
2025-03-06,EQR,68.15534973144531
2025-03-07,EQR,68.21221923828125
2025-03-10,EQR,67.17911529541016
2025-03-11,EQR,66.13655853271484
2025-03-12,EQR,65.36886596679688
2025-03-13,EQR,64.71487426757812
2025-03-14,EQR,65.34042358398438
2025-03-17,EQR,66.40193939208984
2025-03-18,EQR,65.88066101074219
2025-03-19,EQR,66.1270751953125
2025-03-20,EQR,66.50618743896484
2025-03-21,EQR,66.16499328613281
2025-03-24,EQR,67.63406372070312
2025-03-25,EQR,67.32129669189453
2025-03-26,EQR,67.83309936523438
2025-03-27,EQR,67.5392837524414
2025-03-28,EQR,67.65301513671875
2025-03-31,EQR,68.50768280029297
2025-04-01,EQR,68.2205581665039
2025-04-02,EQR,68.55553436279297
2025-04-03,EQR,65.60774230957031
2025-04-04,EQR,61.05204772949219
2025-04-07,EQR,59.83655548095703
2025-04-08,EQR,59.166603088378906
2025-04-09,EQR,63.99028015136719
2025-04-10,EQR,61.51144027709961
2025-04-11,EQR,61.865562438964844
2025-04-14,EQR,64.0477066040039
2025-04-15,EQR,64.1434097290039
2025-04-16,EQR,64.17212677001953
2025-04-17,EQR,65.31104278564453
2025-04-21,EQR,64.60279846191406
2025-04-22,EQR,65.97142791748047
2025-04-23,EQR,66.40210723876953
2025-04-24,EQR,66.33512115478516
2025-04-25,EQR,65.5886001586914
2025-04-28,EQR,66.33512115478516
2025-04-29,EQR,66.5456771850586
2025-04-30,EQR,67.24434661865234
2025-05-01,EQR,67.5888900756836
2025-05-02,EQR,68.64167022705078
2025-05-05,EQR,67.78987884521484
2025-05-06,EQR,67.5123291015625
2025-05-07,EQR,67.53146362304688
2025-05-08,EQR,66.68923950195312
2025-05-09,EQR,66.93807983398438
2025-05-12,EQR,67.85688018798828
2025-05-13,EQR,66.60310363769531
2025-05-14,EQR,66.0958480834961
2025-05-15,EQR,67.81859588623047
2025-05-16,EQR,68.4885482788086
2025-05-19,EQR,68.28755950927734
2025-05-20,EQR,68.05785369873047
2025-05-21,EQR,65.97142791748047
2025-05-22,EQR,65.36846923828125
2025-05-23,EQR,64.70808410644531
2025-05-27,EQR,65.67473602294922
2025-05-28,EQR,66.0479965209961
2025-05-29,EQR,66.97636413574219
2025-05-30,EQR,67.1294937133789
2025-06-02,EQR,66.92850494384766
2025-06-03,EQR,65.94271850585938
2025-06-04,EQR,66.0479965209961
2025-06-05,EQR,65.5216064453125
2025-06-06,EQR,65.55989074707031
2025-06-09,EQR,66.34468841552734
2025-06-10,EQR,66.9955062866211
2025-06-11,EQR,66.29683685302734
2025-06-12,EQR,67.158203125
2025-06-13,EQR,65.923583984375
2025-06-16,EQR,66.13414001464844
2025-06-17,EQR,65.78002166748047
2025-06-18,EQR,65.91400909423828
2025-06-20,EQR,66.02885437011719
2025-06-23,EQR,66.0958480834961
2025-06-24,EQR,65.29631805419922
2025-06-25,EQR,63.459442138671875
2025-06-26,EQR,65.21898651123047
2025-06-27,EQR,65.11263275146484
2025-06-30,EQR,65.24797821044922
2025-07-01,EQR,65.02562713623047
2025-07-02,EQR,64.4552230834961
2025-07-03,EQR,64.65824127197266
2025-07-07,EQR,64.5035629272461
2025-07-08,EQR,64.40689086914062
2025-07-09,EQR,64.31987762451172
2025-07-10,EQR,64.85160064697266
2025-07-11,EQR,64.57123565673828
2025-07-14,EQR,64.79359436035156
2025-07-15,EQR,63.93315887451172
2025-07-16,EQR,64.72592163085938
2025-07-17,EQR,65.04496002197266
2025-07-18,EQR,64.93860626220703
2025-07-21,EQR,64.75492095947266
2025-07-22,EQR,66.05040740966797
2025-07-23,EQR,66.06974029541016
2025-07-24,EQR,65.40267181396484
2025-07-25,EQR,65.13197326660156
2025-07-28,EQR,64.01050567626953
2025-07-29,EQR,65.5283432006836
2025-07-30,EQR,63.1307373046875
2025-07-31,EQR,61.100494384765625
2025-08-01,EQR,60.665443420410156
2025-08-04,EQR,60.588104248046875
2025-08-05,EQR,61.30351638793945
2025-08-06,EQR,61.293853759765625
2025-08-07,EQR,61.767574310302734
2025-08-08,EQR,61.100494384765625
2025-08-11,EQR,60.23039245605469
2025-08-12,EQR,60.61710739135742
2025-08-13,EQR,61.864253997802734
2025-08-14,EQR,61.40019989013672
2025-08-15,EQR,61.98993682861328
2025-08-18,EQR,61.13916778564453
2025-08-19,EQR,62.2993049621582
2025-08-20,EQR,62.33797836303711
2025-08-21,EQR,62.13494873046875
2025-08-22,EQR,63.09206008911133
2025-08-25,EQR,62.64734649658203
2025-08-26,EQR,62.33797836303711
2025-08-27,EQR,62.97604751586914
2025-08-28,EQR,63.12106704711914
2025-08-29,EQR,63.92349624633789
2025-09-02,EQR,61.88359069824219
2025-09-03,EQR,62.52165985107422
2025-09-04,EQR,63.41109848022461
2025-09-05,EQR,64.59056854248047
2025-09-08,EQR,64.18452453613281
2025-09-09,EQR,64.40689086914062
2025-09-10,EQR,63.6721305847168
2025-09-11,EQR,64.66791534423828
2025-09-12,EQR,64.23286437988281
2025-09-15,EQR,63.11140060424805
2025-09-16,EQR,62.599002838134766
2025-09-17,EQR,62.48299026489258
2025-09-18,EQR,62.71501922607422
2025-09-19,EQR,62.889041900634766
2025-09-22,EQR,63.12106704711914
2025-09-23,EQR,63.498111724853516
2025-09-24,EQR,62.995391845703125
2025-09-25,EQR,62.28498077392578
2025-09-26,EQR,63.056949615478516
2025-09-29,EQR,62.65631103515625
2025-09-30,EQR,63.252384185791016
2025-10-01,EQR,62.63676452636719
2025-10-02,EQR,62.03091812133789
2025-10-03,EQR,61.85502624511719
2025-10-06,EQR,60.7996826171875
2025-10-07,EQR,61.04397201538086
2025-10-08,EQR,60.90717315673828
2025-10-09,EQR,60.555389404296875
2025-10-10,EQR,60.262229919433594
2025-10-13,EQR,60.59447479248047
2025-10-14,EQR,60.87785339355469
2025-10-15,EQR,60.672645568847656
2025-10-16,EQR,60.09611511230469
2025-10-17,EQR,60.7899055480957
2025-10-20,EQR,60.92671203613281
2025-10-21,EQR,61.385982513427734
2025-10-22,EQR,62.28498077392578
2025-10-23,EQR,61.884342193603516
2025-10-24,EQR,61.97228240966797
2025-10-27,EQR,61.86479568481445
2025-10-28,EQR,60.057029724121094
2025-10-29,EQR,57.56523895263672
2025-10-30,EQR,58.93328094482422
2025-10-31,EQR,58.08313751220703
2025-11-03,EQR,57.73135757446289
2025-11-04,EQR,58.024513244628906
2025-11-05,EQR,58.405609130859375
2025-11-06,EQR,57.36003112792969
2025-11-07,EQR,58.34697723388672
2025-11-10,EQR,58.15153884887695
2025-11-11,EQR,59.10917282104492
2025-11-12,EQR,58.259029388427734
2025-11-13,EQR,57.92679214477539
2025-11-14,EQR,58.063594818115234
2025-11-17,EQR,57.70204162597656
2025-11-18,EQR,57.82907485961914
2025-11-19,EQR,57.59455490112305
2025-11-20,EQR,57.809532165527344
2025-11-21,EQR,59.16780090332031
2025-11-24,EQR,59.16780090332031
2025-11-25,EQR,59.70524597167969
2025-11-26,EQR,60.17428970336914
2025-11-28,EQR,60.34040832519531
2025-12-01,EQR,60.03748321533203
2025-12-02,EQR,60.56515884399414
2025-12-03,EQR,60.614013671875
2025-12-04,EQR,60.2036018371582
2025-12-05,EQR,59.666160583496094
2025-12-08,EQR,59.21665954589844
2025-12-09,EQR,58.67921447753906
2025-12-10,EQR,59.28506088256836
2025-12-11,EQR,59.245975494384766
2025-12-12,EQR,59.55867004394531
2025-12-15,EQR,59.70524597167969
2025-12-16,EQR,59.34368896484375
2025-12-17,EQR,60.56515884399414
2025-12-18,EQR,60.672645568847656
2025-12-19,EQR,59.96908187866211
2025-12-22,EQR,60.86808395385742
2025-12-23,EQR,60.90717315673828
2025-12-24,EQR,61.298038482666016
2025-12-26,EQR,61.649818420410156
2025-12-29,EQR,61.83548355102539
2025-12-30,EQR,62.05046081542969
2025-12-31,EQR,61.60095977783203
2026-01-02,EQR,61.287750244140625
2026-01-05,EQR,60.19103240966797
2026-01-06,EQR,61.6632080078125
2026-01-07,EQR,61.198829650878906
2026-01-08,EQR,62.11770248413086
2026-01-09,EQR,59.71677780151367
2026-01-12,EQR,59.53893280029297
2026-01-13,EQR,59.46976852416992
2026-01-14,EQR,60.46768569946289
2026-01-15,EQR,60.43804168701172
2026-01-16,EQR,61.29763412475586
2026-01-20,EQR,60.28984069824219
2026-01-21,EQR,60.61589050292969
2026-01-22,EQR,60.23055648803711
2026-01-23,EQR,61.3470344543457
2026-01-26,EQR,61.37667465209961
2026-01-27,EQR,61.40631866455078
2026-01-28,EQR,60.0329475402832
2026-01-29,EQR,61.119789123535156
2026-01-30,EQR,61.574283599853516
2026-02-02,EQR,60.872779846191406
2026-02-03,EQR,61.05062484741211
2026-02-04,EQR,62.325191497802734
2026-02-05,EQR,61.03086471557617
2026-02-06,EQR,63.12549591064453
2026-02-09,EQR,63.89616012573242
2026-02-10,EQR,64.78539276123047
2026-02-11,EQR,63.87640380859375
2026-02-12,EQR,62.29554748535156
2026-02-13,EQR,63.095855712890625
2026-02-17,EQR,62.720401763916016
2026-02-18,EQR,62.82908630371094
2026-02-19,EQR,62.29554748535156
2026-02-20,EQR,61.85093307495117
2026-02-23,EQR,62.56231689453125
2026-02-24,EQR,62.79944610595703
2026-02-25,EQR,62.641361236572266
2026-02-26,EQR,63.35274887084961
2026-02-27,EQR,62.45363235473633
2026-03-02,EQR,62.37459182739258
2026-03-03,EQR,61.96949768066406
2026-03-04,EQR,62.028778076171875
2026-03-05,EQR,62.35483169555664
2026-03-06,EQR,61.96949768066406
2026-03-09,EQR,61.43595886230469
2026-03-10,EQR,60.74433517456055
2026-03-11,EQR,59.440128326416016
2026-03-12,EQR,59.54881286621094
2026-03-13,EQR,59.27216720581055
2026-03-16,EQR,59.34132766723633
2026-03-17,EQR,60.28984069824219
2026-03-18,EQR,59.13383865356445
2026-03-19,EQR,58.600303649902344
2026-03-20,EQR,57.286216735839844
2026-03-23,EQR,57.7110710144043
2026-03-24,EQR,57.96795654296875
2026-03-25,EQR,57.76047134399414
2026-03-26,EQR,58.79790496826172
2026-03-27,EQR,58.047000885009766
2026-03-30,EQR,58.58000183105469
2026-03-31,EQR,59.150001525878906
2026-04-01,EQR,59.54999923706055
2026-04-02,EQR,60.27000045776367
2026-04-06,EQR,60.060001373291016
2026-04-07,EQR,60.209999084472656
2026-04-08,EQR,60.79999923706055
2026-04-09,EQR,60.459999084472656
2026-04-10,EQR,61.13999938964844
2026-04-13,EQR,60.779998779296875
2026-04-14,EQR,61.36000061035156
2026-04-15,EQR,61.29999923706055
2026-04-16,EQR,60.4900016784668
2026-04-17,EQR,62.68000030517578
2026-04-20,EQR,63.43000030517578
2026-04-21,EQR,61.849998474121094
2026-04-22,EQR,61.70000076293945
2026-04-23,EQR,62.650001525878906
2026-04-24,EQR,62.2599983215332
2026-04-27,EQR,62.31999969482422
2026-04-28,EQR,65.1500015258789
2026-04-29,EQR,65.43000030517578
2026-04-30,EQR,65.37999725341797
2026-05-01,EQR,65.16999816894531
2025-01-02,FAST,34.44029235839844
2025-01-03,FAST,34.72119903564453
2025-01-06,FAST,34.856807708740234
2025-01-07,FAST,35.021480560302734
2025-01-08,FAST,35.32660675048828
2025-01-10,FAST,34.692138671875
2025-01-13,FAST,35.302391052246094
2025-01-14,FAST,35.71406173706055
2025-01-15,FAST,35.97075653076172
2025-01-16,FAST,36.21291732788086
2025-01-17,FAST,36.847381591796875
2025-01-21,FAST,36.852230072021484
2025-01-22,FAST,36.61490249633789
2025-01-23,FAST,36.54710006713867
2025-01-24,FAST,36.58100128173828
2025-01-27,FAST,36.93939971923828
2025-01-28,FAST,36.22260284423828
2025-01-29,FAST,35.87873840332031
2025-01-30,FAST,36.31462478637695
2025-01-31,FAST,35.67649841308594
2025-02-03,FAST,35.91032028198242
2025-02-04,FAST,35.65214157104492
2025-02-05,FAST,35.82263946533203
2025-02-06,FAST,36.363338470458984
2025-02-07,FAST,35.96876907348633
2025-02-10,FAST,35.91032028198242
2025-02-11,FAST,36.20745849609375
2025-02-12,FAST,35.890830993652344
2025-02-13,FAST,36.43153381347656
2025-02-14,FAST,36.42666244506836
2025-02-18,FAST,36.44126892089844
2025-02-19,FAST,36.81148910522461
2025-02-20,FAST,36.60202407836914
2025-02-21,FAST,36.42666244506836
2025-02-24,FAST,36.42666244506836
2025-02-25,FAST,36.3389778137207
2025-02-26,FAST,35.993125915527344
2025-02-27,FAST,36.09054946899414
2025-02-28,FAST,36.88942337036133
2025-03-03,FAST,36.231815338134766
2025-03-04,FAST,36.158748626708984
2025-03-05,FAST,36.28539276123047
2025-03-06,FAST,37.92211151123047
2025-03-07,FAST,38.95967483520508
2025-03-10,FAST,38.87199401855469
2025-03-11,FAST,37.67855453491211
2025-03-12,FAST,37.016075134277344
2025-03-13,FAST,35.89570236206055
2025-03-14,FAST,36.66047668457031
2025-03-17,FAST,37.0550422668457
2025-03-18,FAST,37.064781188964844
2025-03-19,FAST,37.24501419067383
2025-03-20,FAST,36.78226089477539
2025-03-21,FAST,36.40230941772461
2025-03-24,FAST,37.47883605957031
2025-03-25,FAST,37.55189895629883
2025-03-26,FAST,37.55189895629883
2025-03-27,FAST,37.86365509033203
2025-03-28,FAST,37.10375213623047
2025-03-31,FAST,37.775978088378906
2025-04-01,FAST,37.805206298828125
2025-04-02,FAST,38.00005340576172
2025-04-03,FAST,38.00005340576172
2025-04-04,FAST,36.25130081176758
2025-04-07,FAST,35.15041732788086
2025-04-08,FAST,34.682777404785156
2025-04-09,FAST,37.24988555908203
2025-04-10,FAST,36.91864776611328
2025-04-11,FAST,39.28116989135742
2025-04-14,FAST,39.6026725769043
2025-04-15,FAST,39.773162841796875
2025-04-16,FAST,39.188621520996094
2025-04-17,FAST,39.73906326293945
2025-04-21,FAST,39.110679626464844
2025-04-22,FAST,39.670867919921875
2025-04-23,FAST,39.06196975708008
2025-04-24,FAST,39.992366790771484
2025-04-25,FAST,39.536903381347656
2025-04-28,FAST,39.2332649230957
2025-04-29,FAST,39.3165168762207
2025-04-30,FAST,39.65443801879883
2025-05-01,FAST,39.5271110534668
2025-05-02,FAST,40.21764373779297
2025-05-05,FAST,40.364566802978516
2025-05-06,FAST,38.44477844238281
2025-05-07,FAST,38.44477844238281
2025-05-08,FAST,38.8316764831543
2025-05-09,FAST,38.493751525878906
2025-05-12,FAST,39.25284957885742
2025-05-13,FAST,39.16469955444336
2025-05-14,FAST,39.42915725708008
2025-05-15,FAST,40.100101470947266
2025-05-16,FAST,40.66331100463867
2025-05-19,FAST,40.72697830200195
2025-05-20,FAST,40.119693756103516
2025-05-21,FAST,39.894412994384766
2025-05-22,FAST,39.884620666503906
2025-05-23,FAST,39.81605529785156
2025-05-27,FAST,40.78573989868164
2025-05-28,FAST,40.61923599243164
2025-05-29,FAST,40.35477066040039
2025-05-30,FAST,40.49189758300781
2025-06-02,FAST,40.07072067260742
2025-06-03,FAST,40.34497833251953
2025-06-04,FAST,40.04133987426758
2025-06-05,FAST,40.49189758300781
2025-06-06,FAST,41.1971321105957
2025-06-09,FAST,41.265689849853516
2025-06-10,FAST,41.843589782714844
2025-06-11,FAST,41.775028228759766
2025-06-12,FAST,41.980716705322266
2025-06-13,FAST,41.30487060546875
2025-06-16,FAST,41.373435974121094
2025-06-17,FAST,40.69758987426758
2025-06-18,FAST,40.63882064819336
2025-06-20,FAST,40.100101470947266
2025-06-23,FAST,40.452720642089844
2025-06-24,FAST,40.67799758911133
2025-06-25,FAST,40.27640914916992
2025-06-26,FAST,40.452720642089844
2025-06-27,FAST,41.099178314208984
2025-06-30,FAST,41.13835906982422
2025-07-01,FAST,41.980716705322266
2025-07-02,FAST,41.804405212402344
2025-07-03,FAST,42.24517822265625
2025-07-07,FAST,41.598716735839844
2025-07-08,FAST,41.961124420166016
2025-07-09,FAST,42.509639739990234
2025-07-10,FAST,42.66635513305664
2025-07-11,FAST,42.382301330566406
2025-07-14,FAST,44.14537811279297
2025-07-15,FAST,44.20414733886719
2025-07-16,FAST,44.66450119018555
2025-07-17,FAST,44.93876266479492
2025-07-18,FAST,45.11506652832031
2025-07-21,FAST,45.075889587402344
2025-07-22,FAST,46.11414337158203
2025-07-23,FAST,46.45696258544922
2025-07-24,FAST,46.94670104980469
2025-07-25,FAST,46.7703971862793
2025-07-28,FAST,45.83988571166992
2025-07-29,FAST,45.85956954956055
2025-07-30,FAST,45.67258834838867
2025-07-31,FAST,45.397037506103516
2025-08-01,FAST,44.71799850463867
2025-08-04,FAST,44.649112701416016
2025-08-05,FAST,44.71799850463867
2025-08-06,FAST,46.036705017089844
2025-08-07,FAST,46.725582122802734
2025-08-08,FAST,47.22748565673828
2025-08-11,FAST,47.079864501953125
2025-08-12,FAST,47.68017578125
2025-08-13,FAST,48.428096771240234
2025-08-14,FAST,47.916358947753906
2025-08-15,FAST,48.10334396362305
2025-08-18,FAST,48.32968521118164
2025-08-19,FAST,49.10713577270508
2025-08-20,FAST,48.75285339355469
2025-08-21,FAST,48.35920715332031
2025-08-22,FAST,49.58934783935547
2025-08-25,FAST,49.471256256103516
2025-08-26,FAST,49.16617965698242
2025-08-27,FAST,49.402366638183594
2025-08-28,FAST,49.38268280029297
2025-08-29,FAST,48.87094497680664
2025-09-02,FAST,48.40841293334961
2025-09-03,FAST,48.73317337036133
2025-09-04,FAST,49.471256256103516
2025-09-05,FAST,47.22748565673828
2025-09-08,FAST,47.42430114746094
2025-09-09,FAST,47.138912200927734
2025-09-10,FAST,47.207801818847656
2025-09-11,FAST,46.577972412109375
2025-09-12,FAST,46.69606399536133
2025-09-15,FAST,47.00113296508789
2025-09-16,FAST,46.499237060546875
2025-09-17,FAST,46.371307373046875
2025-09-18,FAST,46.4697151184082
2025-09-19,FAST,46.82400131225586
2025-09-22,FAST,46.371307373046875
2025-09-23,FAST,47.22748565673828
2025-09-24,FAST,46.78463363647461
2025-09-25,FAST,47.08970642089844
2025-09-26,FAST,47.926204681396484
2025-09-29,FAST,48.0934944152832
2025-09-30,FAST,48.260799407958984
2025-10-01,FAST,46.96177291870117
2025-10-02,FAST,47.40462112426758
2025-10-03,FAST,47.11922836303711
2025-10-06,FAST,47.02082061767578
2025-10-07,FAST,46.69606399536133
2025-10-08,FAST,46.794471740722656
2025-10-09,FAST,45.96782302856445
2025-10-10,FAST,45.05259323120117
2025-10-13,FAST,41.65741729736328
2025-10-14,FAST,42.07073974609375
2025-10-15,FAST,41.568843841552734
2025-10-16,FAST,41.29329299926758
2025-10-17,FAST,41.78535079956055
2025-10-20,FAST,42.30692672729492
2025-10-21,FAST,42.631683349609375
2025-10-22,FAST,41.92312240600586
2025-10-23,FAST,42.30692672729492
2025-10-24,FAST,42.1888313293457
2025-10-27,FAST,41.864078521728516
2025-10-28,FAST,41.18151092529297
2025-10-29,FAST,40.6473274230957
2025-10-30,FAST,41.10237121582031
2025-10-31,FAST,40.70668411254883
2025-11-03,FAST,40.597869873046875
2025-11-04,FAST,40.855064392089844
2025-11-05,FAST,41.23097229003906
2025-11-06,FAST,40.33077621459961
2025-11-07,FAST,40.409912109375
2025-11-10,FAST,40.90452575683594
2025-11-11,FAST,40.81549835205078
2025-11-12,FAST,40.528621673583984
2025-11-13,FAST,40.31098937988281
2025-11-14,FAST,40.014225006103516
2025-11-17,FAST,39.27230453491211
2025-11-18,FAST,39.529502868652344
2025-11-19,FAST,39.12391662597656
2025-11-20,FAST,38.72822952270508
2025-11-21,FAST,39.48004150390625
2025-11-24,FAST,39.16348648071289
2025-11-25,FAST,39.65810012817383
2025-11-26,FAST,39.86583709716797
2025-11-28,FAST,39.96476364135742
2025-12-01,FAST,39.71745681762695
2025-12-02,FAST,40.03400802612305
2025-12-03,FAST,40.77592849731445
2025-12-04,FAST,41.30022048950195
2025-12-05,FAST,41.05290985107422
2025-12-08,FAST,40.360450744628906
2025-12-09,FAST,39.9054069519043
2025-12-10,FAST,40.48905563354492
2025-12-11,FAST,41.30022048950195
2025-12-12,FAST,41.55741500854492
2025-12-15,FAST,42.121280670166016
2025-12-16,FAST,41.88386154174805
2025-12-17,FAST,41.41892623901367
2025-12-18,FAST,41.88386154174805
2025-12-19,FAST,41.89374923706055
2025-12-22,FAST,41.30022048950195
2025-12-23,FAST,41.27054214477539
2025-12-24,FAST,41.379356384277344
2025-12-26,FAST,41.112266540527344
2025-12-29,FAST,40.84517288208008
2025-12-30,FAST,40.42969512939453
2025-12-31,FAST,39.697669982910156
2026-01-02,FAST,40.004329681396484
2026-01-05,FAST,40.70668411254883
2026-01-06,FAST,41.09248352050781
2026-01-07,FAST,40.17250061035156
2026-01-08,FAST,41.34967803955078
2026-01-09,FAST,41.527740478515625
2026-01-12,FAST,41.25075912475586
2026-01-13,FAST,41.96299743652344
2026-01-14,FAST,41.96299743652344
2026-01-15,FAST,43.061038970947266
2026-01-16,FAST,43.26878356933594
2026-01-20,FAST,42.16084289550781
2026-01-21,FAST,44.12940979003906
2026-01-22,FAST,44.297576904296875
2026-01-23,FAST,43.41716003417969
2026-01-26,FAST,43.258888244628906
2026-01-27,FAST,43.47652053833008
2026-01-28,FAST,43.15007400512695
2026-01-29,FAST,43.090389251708984
2026-01-30,FAST,43.13017654418945
2026-02-02,FAST,44.56254577636719
2026-02-03,FAST,46.094383239746094
2026-02-04,FAST,48.02409744262695
2026-02-05,FAST,47.07913589477539
2026-02-06,FAST,47.477012634277344
2026-02-09,FAST,46.27342987060547
2026-02-10,FAST,46.41268539428711
2026-02-11,FAST,46.77077865600586
2026-02-12,FAST,45.298622131347656
2026-02-13,FAST,46.16400909423828
2026-02-17,FAST,45.44782638549805
2026-02-18,FAST,45.736289978027344
2026-02-19,FAST,45.96506881713867
2026-02-20,FAST,45.97501754760742
2026-02-23,FAST,44.81121826171875
2026-02-24,FAST,45.21904373168945
2026-02-25,FAST,44.39344787597656
2026-02-26,FAST,45.43788146972656
2026-02-27,FAST,45.79597473144531
2026-03-02,FAST,46.08443832397461
2026-03-03,FAST,45.98496627807617
2026-03-04,FAST,46.18390655517578
2026-03-05,FAST,47.049293518066406
2026-03-06,FAST,46.2137451171875
2026-03-09,FAST,46.551944732666016
2026-03-10,FAST,46.05459213256836
2026-03-11,FAST,46.343055725097656
2026-03-12,FAST,45.01015853881836
2026-03-13,FAST,45.21904373168945
2026-03-16,FAST,45.43788146972656
2026-03-17,FAST,45.686553955078125
2026-03-18,FAST,44.841060638427734
2026-03-19,FAST,44.254188537597656
2026-03-20,FAST,43.52805709838867
2026-03-23,FAST,44.21440124511719
2026-03-24,FAST,44.65206527709961
2026-03-25,FAST,45.12952423095703
2026-03-26,FAST,44.87090301513672
2026-03-27,FAST,44.71175003051758
2026-03-30,FAST,44.8808479309082
2026-03-31,FAST,46.1540641784668
2026-04-01,FAST,46.38284683227539
2026-04-02,FAST,46.05459213256836
2026-04-06,FAST,45.62687301635742
2026-04-07,FAST,45.39809036254883
2026-04-08,FAST,47.92462921142578
2026-04-09,FAST,48.839752197265625
2026-04-10,FAST,48.90938186645508
2026-04-13,FAST,45.55724334716797
2026-04-14,FAST,44.38349914550781
2026-04-15,FAST,44.16466522216797
2026-04-16,FAST,44.48297119140625
2026-04-17,FAST,45.537349700927734
2026-04-20,FAST,45.318519592285156
2026-04-21,FAST,45.4577751159668
2026-04-22,FAST,44.57249450683594
2026-04-23,FAST,45.20909881591797
2026-04-24,FAST,44.453125
2026-04-27,FAST,45.040000915527344
2026-04-28,FAST,44.68000030517578
2026-04-29,FAST,43.709999084472656
2026-04-30,FAST,44.93000030517578
2026-05-01,FAST,44.90999984741211
2025-01-02,HUBB,413.3609619140625
2025-01-03,HUBB,424.1578369140625
2025-01-06,HUBB,433.59649658203125
2025-01-07,HUBB,427.1104736328125
2025-01-08,HUBB,427.90771484375
2025-01-10,HUBB,413.61688232421875
2025-01-13,HUBB,413.872802734375
2025-01-14,HUBB,421.4512023925781
2025-01-15,HUBB,422.1598815917969
2025-01-16,HUBB,427.0711364746094
2025-01-17,HUBB,430.47650146484375
2025-01-21,HUBB,443.2713623046875
2025-01-22,HUBB,449.6490478515625
2025-01-23,HUBB,446.62750244140625
2025-01-24,HUBB,448.07427978515625
2025-01-27,HUBB,407.98712158203125
2025-01-28,HUBB,406.83563232421875
2025-01-29,HUBB,411.11700439453125
2025-01-30,HUBB,419.837158203125
2025-01-31,HUBB,416.3333435058594
2025-02-03,HUBB,402.2787170410156
2025-02-04,HUBB,394.5821228027344
2025-02-05,HUBB,393.7554016113281
2025-02-06,HUBB,388.7555847167969
2025-02-07,HUBB,394.6018371582031
2025-02-10,HUBB,393.4896240234375
2025-02-11,HUBB,390.8027648925781
2025-02-12,HUBB,385.03521728515625
2025-02-13,HUBB,387.02337646484375
2025-02-14,HUBB,383.9821472167969
2025-02-18,HUBB,389.30670166015625
2025-02-19,HUBB,386.186767578125
2025-02-20,HUBB,383.2735290527344
2025-02-21,HUBB,371.5219421386719
2025-02-24,HUBB,363.4218444824219
2025-02-25,HUBB,366.33514404296875
2025-02-26,HUBB,371.4333801269531
2025-02-27,HUBB,363.4414978027344
2025-02-28,HUBB,367.0368957519531
2025-03-03,HUBB,350.600830078125
2025-03-04,HUBB,347.47955322265625
2025-03-05,HUBB,349.5143127441406
2025-03-06,HUBB,342.03704833984375
2025-03-07,HUBB,350.126708984375
2025-03-10,HUBB,333.5423889160156
2025-03-11,HUBB,336.2488708496094
2025-03-12,HUBB,330.5890808105469
2025-03-13,HUBB,327.73443603515625
2025-03-14,HUBB,336.6439514160156
2025-03-17,HUBB,339.84423828125
2025-03-18,HUBB,332.25836181640625
2025-03-19,HUBB,338.01690673828125
2025-03-20,HUBB,335.0240478515625
2025-03-21,HUBB,334.214111328125
2025-03-24,HUBB,345.2175598144531
2025-03-25,HUBB,349.287109375
2025-03-26,HUBB,342.3827819824219
2025-03-27,HUBB,337.8095397949219
2025-03-28,HUBB,327.9419250488281
2025-03-31,HUBB,326.85540771484375
2025-04-01,HUBB,328.781494140625
2025-04-02,HUBB,337.43414306640625
2025-04-03,HUBB,317.41253662109375
2025-04-04,HUBB,312.0688171386719
2025-04-07,HUBB,313.0071716308594
2025-04-08,HUBB,313.6097106933594
2025-04-09,HUBB,347.6375732421875
2025-04-10,HUBB,337.6514587402344
2025-04-11,HUBB,349.09942626953125
2025-04-14,HUBB,346.2152404785156
2025-04-15,HUBB,342.34326171875
2025-04-16,HUBB,334.62896728515625
2025-04-17,HUBB,334.816650390625
2025-04-21,HUBB,325.18609619140625
2025-04-22,HUBB,336.3476257324219
2025-04-23,HUBB,341.7110900878906
2025-04-24,HUBB,355.86553955078125
2025-04-25,HUBB,355.4308776855469
2025-04-28,HUBB,353.59368896484375
2025-04-29,HUBB,355.0654296875
2025-04-30,HUBB,358.7300109863281
2025-05-01,HUBB,338.915771484375
2025-05-02,HUBB,351.5491027832031
2025-05-05,HUBB,349.1784973144531
2025-05-06,HUBB,344.04217529296875
2025-05-07,HUBB,348.07220458984375
2025-05-08,HUBB,350.2254943847656
2025-05-09,HUBB,352.3491516113281
2025-05-12,HUBB,373.77337646484375
2025-05-13,HUBB,381.9222717285156
2025-05-14,HUBB,380.9543151855469
2025-05-15,HUBB,381.90252685546875
2025-05-16,HUBB,387.4141540527344
2025-05-19,HUBB,385.9819030761719
2025-05-20,HUBB,384.3126220703125
2025-05-21,HUBB,377.2304992675781
2025-05-22,HUBB,384.6188659667969
2025-05-23,HUBB,385.80413818359375
2025-05-27,HUBB,393.9728088378906
2025-05-28,HUBB,390.37738037109375
2025-05-29,HUBB,392.07635498046875
2025-05-30,HUBB,386.0904235839844
2025-06-02,HUBB,377.9242248535156
2025-06-03,HUBB,386.5760498046875
2025-06-04,HUBB,387.22021484375
2025-06-05,HUBB,385.1291198730469
2025-06-06,HUBB,391.7394104003906
2025-06-09,HUBB,388.8257141113281
2025-06-10,HUBB,384.61376953125
2025-06-11,HUBB,385.5057067871094
2025-06-12,HUBB,387.5373840332031
2025-06-13,HUBB,378.6080322265625
2025-06-16,HUBB,388.3797912597656
2025-06-17,HUBB,387.71575927734375
2025-06-18,HUBB,395.1584777832031
2025-06-20,HUBB,392.24481201171875
2025-06-23,HUBB,391.1546936035156
2025-06-24,HUBB,399.38031005859375
2025-06-25,HUBB,395.4855041503906
2025-06-26,HUBB,401.6299743652344
2025-06-27,HUBB,402.9778137207031
2025-06-30,HUBB,404.75177001953125
2025-07-01,HUBB,406.8329772949219
2025-07-02,HUBB,411.4016418457031
2025-07-03,HUBB,411.1241760253906
2025-07-07,HUBB,409.2709045410156
2025-07-08,HUBB,408.8051452636719
2025-07-09,HUBB,413.9684753417969
2025-07-10,HUBB,418.47772216796875
2025-07-11,HUBB,415.4847412109375
2025-07-14,HUBB,411.3620300292969
2025-07-15,HUBB,411.14398193359375
2025-07-16,HUBB,414.672119140625
2025-07-17,HUBB,433.3136291503906
2025-07-18,HUBB,426.4258728027344
2025-07-21,HUBB,418.48760986328125
2025-07-22,HUBB,424.71136474609375
2025-07-23,HUBB,431.0540466308594
2025-07-24,HUBB,433.5811767578125
2025-07-25,HUBB,438.5760498046875
2025-07-28,HUBB,434.38397216796875
2025-07-29,HUBB,423.50225830078125
2025-07-30,HUBB,433.5217590332031
2025-07-31,HUBB,433.5613708496094
2025-08-01,HUBB,422.91754150390625
2025-08-04,HUBB,425.216796875
2025-08-05,HUBB,423.8392639160156
2025-08-06,HUBB,419.7759704589844
2025-08-07,HUBB,414.0973205566406
2025-08-08,HUBB,414.9000244140625
2025-08-11,HUBB,413.79998779296875
2025-08-12,HUBB,428.26922607421875
2025-08-13,HUBB,439.97344970703125
2025-08-14,HUBB,433.74969482421875
2025-08-15,HUBB,423.8194274902344
2025-08-18,HUBB,428.3485107421875
2025-08-19,HUBB,428.9331970214844
2025-08-20,HUBB,426.1087341308594
2025-08-21,HUBB,423.7401428222656
2025-08-22,HUBB,436.90118408203125
2025-08-25,HUBB,433.64068603515625
2025-08-26,HUBB,438.5562438964844
2025-08-27,HUBB,442.06451416015625
2025-08-28,HUBB,441.8068542480469
2025-08-29,HUBB,428.3979797363281
2025-09-02,HUBB,427.56304931640625
2025-09-03,HUBB,426.22113037109375
2025-09-04,HUBB,434.5308837890625
2025-09-05,HUBB,433.4176330566406
2025-09-08,HUBB,433.994140625
2025-09-09,HUBB,434.61041259765625
2025-09-10,HUBB,439.6697692871094
2025-09-11,HUBB,448.21807861328125
2025-09-12,HUBB,434.79925537109375
2025-09-15,HUBB,435.47515869140625
2025-09-16,HUBB,432.82122802734375
2025-09-17,HUBB,430.65435791015625
2025-09-18,HUBB,437.4532165527344
2025-09-19,HUBB,438.78515625
2025-09-22,HUBB,435.8528747558594
2025-09-23,HUBB,432.6125183105469
2025-09-24,HUBB,428.5669860839844
2025-09-25,HUBB,417.91143798828125
2025-09-26,HUBB,422.6626892089844
2025-09-29,HUBB,423.8753662109375
2025-09-30,HUBB,427.7220764160156
2025-10-01,HUBB,427.8811340332031
2025-10-02,HUBB,420.87353515625
2025-10-03,HUBB,410.51617431640625
2025-10-06,HUBB,410.5658874511719
2025-10-07,HUBB,410.44659423828125
2025-10-08,HUBB,417.1460876464844
2025-10-09,HUBB,416.37078857421875
2025-10-10,HUBB,406.00347900390625
2025-10-13,HUBB,416.2017822265625
2025-10-14,HUBB,424.8594055175781
2025-10-15,HUBB,431.4395751953125
2025-10-16,HUBB,426.2410583496094
2025-10-17,HUBB,423.1497497558594
2025-10-20,HUBB,429.05401611328125
2025-10-21,HUBB,432.6721496582031
2025-10-22,HUBB,420.0882568359375
2025-10-23,HUBB,430.6642761230469
2025-10-24,HUBB,431.7775573730469
2025-10-27,HUBB,431.3700256347656
2025-10-28,HUBB,452.6015319824219
2025-10-29,HUBB,469.7279357910156
2025-10-30,HUBB,467.13360595703125
2025-10-31,HUBB,467.1733703613281
2025-11-03,HUBB,464.7977600097656
2025-11-04,HUBB,456.6769104003906
2025-11-05,HUBB,465.24505615234375
2025-11-06,HUBB,458.6946716308594
2025-11-07,HUBB,459.6488952636719
2025-11-10,HUBB,459.4997863769531
2025-11-11,HUBB,447.4129333496094
2025-11-12,HUBB,450.2756042480469
2025-11-13,HUBB,435.0179138183594
2025-11-14,HUBB,430.2170104980469
2025-11-17,HUBB,418.0406799316406
2025-11-18,HUBB,414.77044677734375
2025-11-19,HUBB,416.569580078125
2025-11-20,HUBB,404.91009521484375
2025-11-21,HUBB,419.3030090332031
2025-11-24,HUBB,421.529541015625
2025-11-25,HUBB,427.23504638671875
2025-11-26,HUBB,425.8931579589844
2025-11-28,HUBB,430.26129150390625
2025-12-01,HUBB,426.6910095214844
2025-12-02,HUBB,426.3219909667969
2025-12-03,HUBB,428.17694091796875
2025-12-04,HUBB,436.5242614746094
2025-12-05,HUBB,439.3366394042969
2025-12-08,HUBB,440.3139953613281
2025-12-09,HUBB,437.5116271972656
2025-12-10,HUBB,446.9659118652344
2025-12-11,HUBB,461.5662536621094
2025-12-12,HUBB,446.7864074707031
2025-12-15,HUBB,443.63494873046875
2025-12-16,HUBB,437.23236083984375
2025-12-17,HUBB,428.5160217285156
2025-12-18,HUBB,433.6720275878906
2025-12-19,HUBB,441.311279296875
2025-12-22,HUBB,449.8081970214844
2025-12-23,HUBB,454.6849670410156
2025-12-24,HUBB,455.0439758300781
2025-12-26,HUBB,453.7076110839844
2025-12-29,HUBB,450.167236328125
2025-12-30,HUBB,445.400146484375
2025-12-31,HUBB,442.90692138671875
2026-01-02,HUBB,461.77569580078125
2026-01-05,HUBB,464.21905517578125
2026-01-06,HUBB,476.1665954589844
2026-01-07,HUBB,466.93170166015625
2026-01-08,HUBB,459.6215515136719
2026-01-09,HUBB,469.25537109375
2026-01-12,HUBB,471.5990295410156
2026-01-13,HUBB,480.3751525878906
2026-01-14,HUBB,474.7703857421875
2026-01-15,HUBB,482.798583984375
2026-01-16,HUBB,487.9844970703125
2026-01-20,HUBB,471.25994873046875
2026-01-21,HUBB,481.1929626464844
2026-01-22,HUBB,482.74871826171875
2026-01-23,HUBB,484.2147521972656
2026-01-26,HUBB,485.5012512207031
2026-01-27,HUBB,482.8285217285156
2026-01-28,HUBB,484.4142150878906
2026-01-29,HUBB,496.62103271484375
2026-01-30,HUBB,486.61822509765625
2026-02-02,HUBB,494.24749755859375
2026-02-03,HUBB,502.4950866699219
2026-02-04,HUBB,485.84033203125
2026-02-05,HUBB,486.0796813964844
2026-02-06,HUBB,502.43524169921875
2026-02-09,HUBB,504.7689208984375
2026-02-10,HUBB,501.7371520996094
2026-02-11,HUBB,514.6321411132812
2026-02-12,HUBB,514.6221923828125
2026-02-13,HUBB,522.7001953125
2026-02-17,HUBB,522.829833984375
2026-02-18,HUBB,520.8851318359375
2026-02-19,HUBB,525.1336059570312
2026-02-20,HUBB,525.3031005859375
2026-02-23,HUBB,515.5895385742188
2026-02-24,HUBB,525.3230590820312
2026-02-25,HUBB,526.469970703125
2026-02-26,HUBB,522.77001953125
2026-02-27,HUBB,511.6300048828125
2026-03-02,HUBB,516.97998046875
2026-03-03,HUBB,488.489990234375
2026-03-04,HUBB,490.7799987792969
2026-03-05,HUBB,476.510009765625
2026-03-06,HUBB,471.5400085449219
2026-03-09,HUBB,487.760009765625
2026-03-10,HUBB,478.05999755859375
2026-03-11,HUBB,477.9700012207031
2026-03-12,HUBB,468.4100036621094
2026-03-13,HUBB,467.3800048828125
2026-03-16,HUBB,472.6400146484375
2026-03-17,HUBB,471.2200012207031
2026-03-18,HUBB,477.4700012207031
2026-03-19,HUBB,492.6499938964844
2026-03-20,HUBB,475.739990234375
2026-03-23,HUBB,489.07000732421875
2026-03-24,HUBB,505.6199951171875
2026-03-25,HUBB,503.20001220703125
2026-03-26,HUBB,481.6700134277344
2026-03-27,HUBB,480.9700012207031
2026-03-30,HUBB,472.07000732421875
2026-03-31,HUBB,490.739990234375
2026-04-01,HUBB,500.3800048828125
2026-04-02,HUBB,494.25
2026-04-06,HUBB,499.20001220703125
2026-04-07,HUBB,499.30999755859375
2026-04-08,HUBB,527.2100219726562
2026-04-09,HUBB,534.6699829101562
2026-04-10,HUBB,536.010009765625
2026-04-13,HUBB,539.7899780273438
2026-04-14,HUBB,545.6199951171875
2026-04-15,HUBB,526.9400024414062
2026-04-16,HUBB,521.7100219726562
2026-04-17,HUBB,535.5700073242188
2026-04-20,HUBB,546.22998046875
2026-04-21,HUBB,549.1099853515625
2026-04-22,HUBB,549.75
2026-04-23,HUBB,557.8499755859375
2026-04-24,HUBB,553.0700073242188
2026-04-27,HUBB,555.3400268554688
2026-04-28,HUBB,544.7100219726562
2026-04-29,HUBB,545.9299926757812
2026-04-30,HUBB,508.1700134277344
2026-05-01,HUBB,508.42999267578125
2025-01-02,IDXX,408.8500061035156
2025-01-03,IDXX,415.5299987792969
2025-01-06,IDXX,429.1600036621094
2025-01-07,IDXX,427.260009765625
2025-01-08,IDXX,432.3599853515625
2025-01-10,IDXX,418.04998779296875
2025-01-13,IDXX,422.6199951171875
2025-01-14,IDXX,418.6300048828125
2025-01-15,IDXX,422.9200134277344
2025-01-16,IDXX,428.6199951171875
2025-01-17,IDXX,419.260009765625
2025-01-21,IDXX,427.3299865722656
2025-01-22,IDXX,430.5899963378906
2025-01-23,IDXX,432.3399963378906
2025-01-24,IDXX,435.3299865722656
2025-01-27,IDXX,427.5199890136719
2025-01-28,IDXX,417.8599853515625
2025-01-29,IDXX,418.75
2025-01-30,IDXX,423.989990234375
2025-01-31,IDXX,422.04998779296875
2025-02-03,IDXX,469.0400085449219
2025-02-04,IDXX,465.0299987792969
2025-02-05,IDXX,468.54998779296875
2025-02-06,IDXX,460.55999755859375
2025-02-07,IDXX,459.7799987792969
2025-02-10,IDXX,464.9100036621094
2025-02-11,IDXX,463.739990234375
2025-02-12,IDXX,457.3500061035156
2025-02-13,IDXX,459.760009765625
2025-02-14,IDXX,444.5299987792969
2025-02-18,IDXX,449.05999755859375
2025-02-19,IDXX,450.989990234375
2025-02-20,IDXX,452.8599853515625
2025-02-21,IDXX,452.7699890136719
2025-02-24,IDXX,463.6600036621094
2025-02-25,IDXX,459.8599853515625
2025-02-26,IDXX,457.80999755859375
2025-02-27,IDXX,441.0299987792969
2025-02-28,IDXX,437.1099853515625
2025-03-03,IDXX,437.1499938964844
2025-03-04,IDXX,441.6099853515625
2025-03-05,IDXX,437.2300109863281
2025-03-06,IDXX,429.0299987792969
2025-03-07,IDXX,430.1199951171875
2025-03-10,IDXX,436.4800109863281
2025-03-11,IDXX,426.69000244140625
2025-03-12,IDXX,412.3999938964844
2025-03-13,IDXX,406.2900085449219
2025-03-14,IDXX,415.29998779296875
2025-03-17,IDXX,422.3599853515625
2025-03-18,IDXX,419.5199890136719
2025-03-19,IDXX,422.1499938964844
2025-03-20,IDXX,420.6199951171875
2025-03-21,IDXX,420.989990234375
2025-03-24,IDXX,423.6000061035156
2025-03-25,IDXX,417.6600036621094
2025-03-26,IDXX,417.7099914550781
2025-03-27,IDXX,422.5400085449219
2025-03-28,IDXX,415.8699951171875
2025-03-31,IDXX,419.95001220703125
2025-04-01,IDXX,418.57000732421875
2025-04-02,IDXX,426.25
2025-04-03,IDXX,410.760009765625
2025-04-04,IDXX,393.7300109863281
2025-04-07,IDXX,378.989990234375
2025-04-08,IDXX,361.0400085449219
2025-04-09,IDXX,397.1000061035156
2025-04-10,IDXX,381.8299865722656
2025-04-11,IDXX,390.94000244140625
2025-04-14,IDXX,404.6499938964844
2025-04-15,IDXX,404.0199890136719
2025-04-16,IDXX,402.3800048828125
2025-04-17,IDXX,411.489990234375
2025-04-21,IDXX,406.6499938964844
2025-04-22,IDXX,421.5899963378906
2025-04-23,IDXX,426.6300048828125
2025-04-24,IDXX,440.9800109863281
2025-04-25,IDXX,437.44000244140625
2025-04-28,IDXX,433.989990234375
2025-04-29,IDXX,436.9700012207031
2025-04-30,IDXX,432.6499938964844
2025-05-01,IDXX,471.3800048828125
2025-05-02,IDXX,471.8999938964844
2025-05-05,IDXX,475.07000732421875
2025-05-06,IDXX,473.7099914550781
2025-05-07,IDXX,486.6099853515625
2025-05-08,IDXX,489.9800109863281
2025-05-09,IDXX,491.70001220703125
2025-05-12,IDXX,509.5299987792969
2025-05-13,IDXX,509.1300048828125
2025-05-14,IDXX,509.4200134277344
2025-05-15,IDXX,511.989990234375
2025-05-16,IDXX,518.0999755859375
2025-05-19,IDXX,521.6799926757812
2025-05-20,IDXX,517.1599731445312
2025-05-21,IDXX,500.8699951171875
2025-05-22,IDXX,504.8299865722656
2025-05-23,IDXX,501.57000732421875
2025-05-27,IDXX,516.5
2025-05-28,IDXX,514.3300170898438
2025-05-29,IDXX,515.5499877929688
2025-05-30,IDXX,513.3599853515625
2025-06-02,IDXX,514.7999877929688
2025-06-03,IDXX,525.8300170898438
2025-06-04,IDXX,524.8599853515625
2025-06-05,IDXX,522.2100219726562
2025-06-06,IDXX,524.9099731445312
2025-06-09,IDXX,518.5999755859375
2025-06-10,IDXX,525.9299926757812
2025-06-11,IDXX,524.1799926757812
2025-06-12,IDXX,526.9199829101562
2025-06-13,IDXX,522.7000122070312
2025-06-16,IDXX,528.77001953125
2025-06-17,IDXX,520.5900268554688
2025-06-18,IDXX,519.8499755859375
2025-06-20,IDXX,523.9199829101562
2025-06-23,IDXX,524.6500244140625
2025-06-24,IDXX,530.5
2025-06-25,IDXX,530.4000244140625
2025-06-26,IDXX,527.780029296875
2025-06-27,IDXX,531.3200073242188
2025-06-30,IDXX,536.3400268554688
2025-07-01,IDXX,542.6500244140625
2025-07-02,IDXX,542.7100219726562
2025-07-03,IDXX,547.010009765625
2025-07-07,IDXX,545.5599975585938
2025-07-08,IDXX,538.8400268554688
2025-07-09,IDXX,540.6400146484375
2025-07-10,IDXX,541.0900268554688
2025-07-11,IDXX,533.3699951171875
2025-07-14,IDXX,531.4199829101562
2025-07-15,IDXX,526.6599731445312
2025-07-16,IDXX,520.5700073242188
2025-07-17,IDXX,518.7100219726562
2025-07-18,IDXX,514.6099853515625
2025-07-21,IDXX,520.8699951171875
2025-07-22,IDXX,532.0
2025-07-23,IDXX,540.6799926757812
2025-07-24,IDXX,549.969970703125
2025-07-25,IDXX,565.1900024414062
2025-07-28,IDXX,566.5
2025-07-29,IDXX,573.0700073242188
2025-07-30,IDXX,572.0900268554688
2025-07-31,IDXX,534.3099975585938
2025-08-01,IDXX,535.5399780273438
2025-08-04,IDXX,682.780029296875
2025-08-05,IDXX,641.9400024414062
2025-08-06,IDXX,624.1900024414062
2025-08-07,IDXX,650.0599975585938
2025-08-08,IDXX,658.0599975585938
2025-08-11,IDXX,652.1099853515625
2025-08-12,IDXX,652.27001953125
2025-08-13,IDXX,663.9199829101562
2025-08-14,IDXX,653.9500122070312
2025-08-15,IDXX,650.8400268554688
2025-08-18,IDXX,637.8599853515625
2025-08-19,IDXX,636.7100219726562
2025-08-20,IDXX,639.8499755859375
2025-08-21,IDXX,633.0499877929688
2025-08-22,IDXX,645.5499877929688
2025-08-25,IDXX,641.3499755859375
2025-08-26,IDXX,641.719970703125
2025-08-27,IDXX,640.8599853515625
2025-08-28,IDXX,647.030029296875
2025-08-29,IDXX,647.0900268554688
2025-09-02,IDXX,639.4500122070312
2025-09-03,IDXX,633.9500122070312
2025-09-04,IDXX,640.4400024414062
2025-09-05,IDXX,642.989990234375
2025-09-08,IDXX,652.8300170898438
2025-09-09,IDXX,655.5999755859375
2025-09-10,IDXX,637.9500122070312
2025-09-11,IDXX,645.1599731445312
2025-09-12,IDXX,641.1400146484375
2025-09-15,IDXX,643.989990234375
2025-09-16,IDXX,645.6500244140625
2025-09-17,IDXX,640.8599853515625
2025-09-18,IDXX,655.510009765625
2025-09-19,IDXX,656.1599731445312
2025-09-22,IDXX,644.0999755859375
2025-09-23,IDXX,648.3800048828125
2025-09-24,IDXX,627.1699829101562
2025-09-25,IDXX,618.1699829101562
2025-09-26,IDXX,632.219970703125
2025-09-29,IDXX,630.5599975585938
2025-09-30,IDXX,638.8900146484375
2025-10-01,IDXX,620.1099853515625
2025-10-02,IDXX,633.8400268554688
2025-10-03,IDXX,631.1900024414062
2025-10-06,IDXX,627.780029296875
2025-10-07,IDXX,627.280029296875
2025-10-08,IDXX,629.9099731445312
2025-10-09,IDXX,628.75
2025-10-10,IDXX,616.1500244140625
2025-10-13,IDXX,633.3200073242188
2025-10-14,IDXX,636.9099731445312
2025-10-15,IDXX,639.1500244140625
2025-10-16,IDXX,637.3400268554688
2025-10-17,IDXX,635.4000244140625
2025-10-20,IDXX,643.4099731445312
2025-10-21,IDXX,637.1300048828125
2025-10-22,IDXX,633.780029296875
2025-10-23,IDXX,638.5999755859375
2025-10-24,IDXX,640.8499755859375
2025-10-27,IDXX,647.4000244140625
2025-10-28,IDXX,634.3599853515625
2025-10-29,IDXX,627.6599731445312
2025-10-30,IDXX,628.5399780273438
2025-10-31,IDXX,629.510009765625
2025-11-03,IDXX,722.9400024414062
2025-11-04,IDXX,722.1199951171875
2025-11-05,IDXX,720.2100219726562
2025-11-06,IDXX,713.739990234375
2025-11-07,IDXX,708.4500122070312
2025-11-10,IDXX,709.5900268554688
2025-11-11,IDXX,712.469970703125
2025-11-12,IDXX,713.5599975585938
2025-11-13,IDXX,701.47998046875
2025-11-14,IDXX,689.9299926757812
2025-11-17,IDXX,669.0
2025-11-18,IDXX,670.2100219726562
2025-11-19,IDXX,697.0999755859375
2025-11-20,IDXX,689.3499755859375
2025-11-21,IDXX,725.9099731445312
2025-11-24,IDXX,752.1400146484375
2025-11-25,IDXX,766.6799926757812
2025-11-26,IDXX,755.9600219726562
2025-11-28,IDXX,752.8800048828125
2025-12-01,IDXX,728.969970703125
2025-12-02,IDXX,732.72998046875
2025-12-03,IDXX,725.9299926757812
2025-12-04,IDXX,717.469970703125
2025-12-05,IDXX,714.0999755859375
2025-12-08,IDXX,706.6500244140625
2025-12-09,IDXX,699.0599975585938
2025-12-10,IDXX,701.8300170898438
2025-12-11,IDXX,707.5
2025-12-12,IDXX,704.2000122070312
2025-12-15,IDXX,700.5499877929688
2025-12-16,IDXX,693.1799926757812
2025-12-17,IDXX,695.5999755859375
2025-12-18,IDXX,697.0999755859375
2025-12-19,IDXX,700.3400268554688
2025-12-22,IDXX,702.1199951171875
2025-12-23,IDXX,682.3099975585938
2025-12-24,IDXX,688.1799926757812
2025-12-26,IDXX,688.47998046875
2025-12-29,IDXX,687.8900146484375
2025-12-30,IDXX,682.3200073242188
2025-12-31,IDXX,676.530029296875
2026-01-02,IDXX,669.989990234375
2026-01-05,IDXX,682.22998046875
2026-01-06,IDXX,706.8300170898438
2026-01-07,IDXX,714.5499877929688
2026-01-08,IDXX,712.3900146484375
2026-01-09,IDXX,713.3499755859375
2026-01-12,IDXX,724.760009765625
2026-01-13,IDXX,714.0399780273438
2026-01-14,IDXX,710.47998046875
2026-01-15,IDXX,712.1199951171875
2026-01-16,IDXX,715.3699951171875
2026-01-20,IDXX,686.02001953125
2026-01-21,IDXX,696.4600219726562
2026-01-22,IDXX,691.0499877929688
2026-01-23,IDXX,693.8499755859375
2026-01-26,IDXX,697.8200073242188
2026-01-27,IDXX,694.75
2026-01-28,IDXX,687.739990234375
2026-01-29,IDXX,676.7100219726562
2026-01-30,IDXX,670.4600219726562
2026-02-02,IDXX,639.5999755859375
2026-02-03,IDXX,632.5599975585938
2026-02-04,IDXX,642.9400024414062
2026-02-05,IDXX,643.5900268554688
2026-02-06,IDXX,644.6099853515625
2026-02-09,IDXX,639.7899780273438
2026-02-10,IDXX,646.530029296875
2026-02-11,IDXX,648.72998046875
2026-02-12,IDXX,617.2000122070312
2026-02-13,IDXX,629.3499755859375
2026-02-17,IDXX,626.1699829101562
2026-02-18,IDXX,634.9000244140625
2026-02-19,IDXX,630.72998046875
2026-02-20,IDXX,635.6599731445312
2026-02-23,IDXX,623.1300048828125
2026-02-24,IDXX,649.22998046875
2026-02-25,IDXX,657.3800048828125
2026-02-26,IDXX,660.7100219726562
2026-02-27,IDXX,656.72998046875
2026-03-02,IDXX,636.7000122070312
2026-03-03,IDXX,635.5399780273438
2026-03-04,IDXX,648.7000122070312
2026-03-05,IDXX,618.9199829101562
2026-03-06,IDXX,608.4099731445312
2026-03-09,IDXX,610.4500122070312
2026-03-10,IDXX,598.8499755859375
2026-03-11,IDXX,600.52001953125
2026-03-12,IDXX,571.2100219726562
2026-03-13,IDXX,573.8200073242188
2026-03-16,IDXX,586.3699951171875
2026-03-17,IDXX,586.97998046875
2026-03-18,IDXX,577.1199951171875
2026-03-19,IDXX,579.8499755859375
2026-03-20,IDXX,577.260009765625
2026-03-23,IDXX,578.510009765625
2026-03-24,IDXX,570.2100219726562
2026-03-25,IDXX,575.719970703125
2026-03-26,IDXX,573.2899780273438
2026-03-27,IDXX,558.3200073242188
2026-03-30,IDXX,557.0900268554688
2026-03-31,IDXX,561.8900146484375
2026-04-01,IDXX,564.6599731445312
2026-04-02,IDXX,569.5499877929688
2026-04-06,IDXX,577.4400024414062
2026-04-07,IDXX,574.7999877929688
2026-04-08,IDXX,591.8400268554688
2026-04-09,IDXX,584.75
2026-04-10,IDXX,563.0
2026-04-13,IDXX,574.0
2026-04-14,IDXX,584.0499877929688
2026-04-15,IDXX,580.760009765625
2026-04-16,IDXX,569.9500122070312
2026-04-17,IDXX,589.25
2026-04-20,IDXX,583.0599975585938
2026-04-21,IDXX,569.010009765625
2026-04-22,IDXX,578.3499755859375
2026-04-23,IDXX,560.9299926757812
2026-04-24,IDXX,565.9299926757812
2026-04-27,IDXX,574.9500122070312
2026-04-28,IDXX,568.2999877929688
2026-04-29,IDXX,553.6599731445312
2026-04-30,IDXX,560.7999877929688
2026-05-01,IDXX,567.4600219726562
2025-01-02,ITW,242.37557983398438
2025-01-03,ITW,244.56639099121094
2025-01-06,ITW,242.6954803466797
2025-01-07,ITW,240.97967529296875
2025-01-08,ITW,240.02967834472656
2025-01-10,ITW,237.4026336669922
2025-01-13,ITW,242.05569458007812
2025-01-14,ITW,245.2255859375
2025-01-15,ITW,246.03016662597656
2025-01-16,ITW,248.09495544433594
2025-01-17,ITW,248.53118896484375
2025-01-21,ITW,253.38783264160156
2025-01-22,ITW,251.2067108154297
2025-01-23,ITW,251.9434356689453
2025-01-24,ITW,251.9434356689453
2025-01-27,ITW,256.3250427246094
2025-01-28,ITW,250.7898712158203
2025-01-29,ITW,248.53118896484375
2025-01-30,ITW,252.16639709472656
2025-01-31,ITW,251.22607421875
2025-02-03,ITW,247.61996459960938
2025-02-04,ITW,246.8832244873047
2025-02-05,ITW,246.45669555664062
2025-02-06,ITW,247.2806854248047
2025-02-07,ITW,247.7362823486328
2025-02-10,ITW,249.7235107421875
2025-02-11,ITW,250.76075744628906
2025-02-12,ITW,248.21128845214844
2025-02-13,ITW,252.12759399414062
2025-02-14,ITW,250.20819091796875
2025-02-18,ITW,254.2214813232422
2025-02-19,ITW,256.0148620605469
2025-02-20,ITW,257.4107666015625
2025-02-21,ITW,256.1893615722656
2025-02-24,ITW,253.5913848876953
2025-02-25,ITW,256.4316711425781
2025-02-26,ITW,253.40724182128906
2025-02-27,ITW,253.15513610839844
2025-02-28,ITW,255.8985137939453
2025-03-03,ITW,254.2021026611328
2025-03-04,ITW,247.50363159179688
2025-03-05,ITW,253.05821228027344
2025-03-06,ITW,256.993896484375
2025-03-07,ITW,266.0771179199219
2025-03-10,ITW,259.4755554199219
2025-03-11,ITW,247.01895141601562
2025-03-12,ITW,243.60671997070312
2025-03-13,ITW,242.70516967773438
2025-03-14,ITW,246.6699676513672
2025-03-17,ITW,248.28883361816406
2025-03-18,ITW,246.844482421875
2025-03-19,ITW,248.39547729492188
2025-03-20,ITW,245.60365295410156
2025-03-21,ITW,243.64547729492188
2025-03-24,ITW,247.8138427734375
2025-03-25,ITW,247.18374633789062
2025-03-26,ITW,248.0561981201172
2025-03-27,ITW,244.2465057373047
2025-03-28,ITW,238.91490173339844
2025-03-31,ITW,241.88958740234375
2025-04-01,ITW,242.5625762939453
2025-04-02,ITW,246.20053100585938
2025-04-03,ITW,233.53111267089844
2025-04-04,ITW,220.00338745117188
2025-04-07,ITW,216.27764892578125
2025-04-08,ITW,213.0200958251953
2025-04-09,ITW,229.07386779785156
2025-04-10,ITW,221.21278381347656
2025-04-11,ITW,226.58680725097656
2025-04-14,ITW,227.78646850585938
2025-04-15,ITW,225.78704833984375
2025-04-16,ITW,224.12901306152344
2025-04-17,ITW,225.14332580566406
2025-04-21,ITW,221.9930419921875
2025-04-22,ITW,230.41983032226562
2025-04-23,ITW,230.85870361328125
2025-04-24,ITW,236.09619140625
2025-04-25,ITW,233.58961486816406
2025-04-28,ITW,234.19430541992188
2025-04-29,ITW,235.78408813476562
2025-04-30,ITW,233.989501953125
2025-05-01,ITW,233.3360595703125
2025-05-02,ITW,236.3400421142578
2025-05-05,ITW,234.92581176757812
2025-05-06,ITW,233.9504852294922
2025-05-07,ITW,234.37962341308594
2025-05-08,ITW,237.0910186767578
2025-05-09,ITW,236.51559448242188
2025-05-12,ITW,244.1328582763672
2025-05-13,ITW,242.9917449951172
2025-05-14,ITW,239.09042358398438
2025-05-15,ITW,241.85060119628906
2025-05-16,ITW,245.13742065429688
2025-05-19,ITW,245.49830627441406
2025-05-20,ITW,243.77198791503906
2025-05-21,ITW,238.61253356933594
2025-05-22,ITW,238.67105102539062
2025-05-23,ITW,235.8718719482422
2025-05-27,ITW,240.6021728515625
2025-05-28,ITW,237.81277465820312
2025-05-29,ITW,239.66587829589844
2025-05-30,ITW,239.03192138671875
2025-06-02,ITW,236.66189575195312
2025-06-03,ITW,239.2074737548828
2025-06-04,ITW,240.42662048339844
2025-06-05,ITW,240.0364990234375
2025-06-06,ITW,241.4507293701172
2025-06-09,ITW,241.17762756347656
2025-06-10,ITW,242.85516357421875
2025-06-11,ITW,240.5338897705078
2025-06-12,ITW,239.93896484375
2025-06-13,ITW,235.52076721191406
2025-06-16,ITW,238.41746520996094
2025-06-17,ITW,235.2281494140625
2025-06-18,ITW,235.35496520996094
2025-06-20,ITW,234.68199157714844
2025-06-23,ITW,238.1736297607422
2025-06-24,ITW,239.73414611816406
2025-06-25,ITW,239.62686157226562
2025-06-26,ITW,240.6607208251953
2025-06-27,ITW,241.93838500976562
2025-06-30,ITW,242.61544799804688
2025-07-01,ITW,250.4066162109375
2025-07-02,ITW,251.6430206298828
2025-07-03,ITW,253.6545867919922
2025-07-07,ITW,249.88656616210938
2025-07-08,ITW,253.06581115722656
2025-07-09,ITW,254.88113403320312
2025-07-10,ITW,257.20672607421875
2025-07-11,ITW,254.8321075439453
2025-07-14,ITW,252.79107666015625
2025-07-15,ITW,251.5644989013672
2025-07-16,ITW,252.00607299804688
2025-07-17,ITW,252.8695831298828
2025-07-18,ITW,250.3673553466797
2025-07-21,ITW,249.86692810058594
2025-07-22,ITW,255.2540283203125
2025-07-23,ITW,258.30572509765625
2025-07-24,ITW,256.9221496582031
2025-07-25,ITW,256.79461669921875
2025-07-28,ITW,255.13629150390625
2025-07-29,ITW,254.63583374023438
2025-07-30,ITW,248.9151153564453
2025-07-31,ITW,251.17198181152344
2025-08-01,ITW,247.5806121826172
2025-08-04,ITW,248.82679748535156
2025-08-05,ITW,251.24069213867188
2025-08-06,ITW,252.6831512451172
2025-08-07,ITW,251.96682739257812
2025-08-08,ITW,252.17286682128906
2025-08-11,ITW,252.0747528076172
2025-08-12,ITW,255.5974884033203
2025-08-13,ITW,262.30926513671875
2025-08-14,ITW,257.5697937011719
2025-08-15,ITW,253.79196166992188
2025-08-18,ITW,254.36105346679688
2025-08-19,ITW,258.99261474609375
2025-08-20,ITW,257.10858154296875
2025-08-21,ITW,256.1076965332031
2025-08-22,ITW,264.3600769042969
2025-08-25,ITW,261.7401123046875
2025-08-26,ITW,261.2494812011719
2025-08-27,ITW,261.8283996582031
2025-08-28,ITW,260.7687072753906
2025-08-29,ITW,259.68927001953125
2025-09-02,ITW,257.3441162109375
2025-09-03,ITW,256.3529968261719
2025-09-04,ITW,260.690185546875
2025-09-05,ITW,261.2494812011719
2025-09-08,ITW,261.6812438964844
2025-09-09,ITW,257.2655944824219
2025-09-10,ITW,257.6286315917969
2025-09-11,ITW,261.3770446777344
2025-09-12,ITW,258.4234619140625
2025-09-15,ITW,258.9239196777344
2025-09-16,ITW,256.9319763183594
2025-09-17,ITW,257.55999755859375
2025-09-18,ITW,258.649169921875
2025-09-19,ITW,256.95159912109375
2025-09-22,ITW,255.99978637695312
2025-09-23,ITW,256.3236083984375
2025-09-24,ITW,254.69468688964844
2025-09-25,ITW,253.05601501464844
2025-09-26,ITW,256.14697265625
2025-09-29,ITW,256.4805908203125
2025-09-30,ITW,257.45806884765625
2025-10-01,ITW,256.6286926269531
2025-10-02,ITW,257.4284362792969
2025-10-03,ITW,256.7076721191406
2025-10-06,ITW,255.43399047851562
2025-10-07,ITW,252.51148986816406
2025-10-08,ITW,249.5494842529297
2025-10-09,ITW,245.1459503173828
2025-10-10,ITW,241.8284912109375
2025-10-13,ITW,241.36447143554688
2025-10-14,ITW,244.948486328125
2025-10-15,ITW,244.55355834960938
2025-10-16,ITW,243.81304931640625
2025-10-17,ITW,246.10366821289062
2025-10-20,ITW,249.18417358398438
2025-10-21,ITW,253.88389587402344
2025-10-22,ITW,249.7568359375
2025-10-23,ITW,254.1800994873047
2025-10-24,ITW,242.63812255859375
2025-10-27,ITW,244.67202758789062
2025-10-28,ITW,242.756591796875
2025-10-29,ITW,238.96522521972656
2025-10-30,ITW,240.55484008789062
2025-10-31,ITW,240.83128356933594
2025-11-03,ITW,240.0513153076172
2025-11-04,ITW,241.81861877441406
2025-11-05,ITW,241.9568634033203
2025-11-06,ITW,241.2064971923828
2025-11-07,ITW,242.3814239501953
2025-11-10,ITW,241.17686462402344
2025-11-11,ITW,242.2530517578125
2025-11-12,ITW,242.32215881347656
2025-11-13,ITW,242.18394470214844
2025-11-14,ITW,240.8806610107422
2025-11-17,ITW,238.35308837890625
2025-11-18,ITW,238.86648559570312
2025-11-19,ITW,238.01739501953125
2025-11-20,ITW,238.04701232910156
2025-11-21,ITW,244.63255310058594
2025-11-24,ITW,239.45889282226562
2025-11-25,ITW,245.20521545410156
2025-11-26,ITW,245.83709716796875
2025-11-28,ITW,246.12342834472656
2025-12-01,ITW,244.35609436035156
2025-12-02,ITW,245.2348175048828
2025-12-03,ITW,246.87379455566406
2025-12-04,ITW,246.22215270996094
2025-12-05,ITW,246.53810119628906
2025-12-08,ITW,244.9879913330078
2025-12-09,ITW,243.50698852539062
2025-12-10,ITW,250.31959533691406
2025-12-11,ITW,254.1504669189453
2025-12-12,ITW,254.75274658203125
2025-12-15,ITW,255.38465881347656
2025-12-16,ITW,247.48594665527344
2025-12-17,ITW,249.20391845703125
2025-12-18,ITW,247.99935913085938
2025-12-19,ITW,246.97251892089844
2025-12-22,ITW,248.3844451904297
2025-12-23,ITW,248.64112854003906
2025-12-24,ITW,248.75961303710938
2025-12-26,ITW,249.26316833496094
2025-12-29,ITW,249.03607177734375
2025-12-30,ITW,247.65379333496094
2025-12-31,ITW,244.7521514892578
2026-01-02,ITW,247.93203735351562
2026-01-05,ITW,248.02146911621094
2026-01-06,ITW,252.5528106689453
2026-01-07,ITW,245.4378204345703
2026-01-08,ITW,252.1354522705078
2026-01-09,ITW,253.51670837402344
2026-01-12,ITW,252.9403533935547
2026-01-13,ITW,255.14642333984375
2026-01-14,ITW,257.2630310058594
2026-01-15,ITW,260.24420166015625
2026-01-16,ITW,261.8142395019531
2026-01-20,ITW,252.85092163085938
2026-01-21,ITW,258.3064270019531
2026-01-22,ITW,258.0580139160156
2026-01-23,ITW,256.6369934082031
2026-01-26,ITW,257.5213928222656
2026-01-27,ITW,257.0643005371094
2026-01-28,ITW,256.6270446777344
2026-01-29,ITW,261.20806884765625
2026-01-30,ITW,259.6181335449219
2026-02-02,ITW,262.5495910644531
2026-02-03,ITW,277.1572265625
2026-02-04,ITW,286.98504638671875
2026-02-05,ITW,286.478271484375
2026-02-06,ITW,291.72509765625
2026-02-09,ITW,288.7538757324219
2026-02-10,ITW,292.40081787109375
2026-02-11,ITW,296.1968078613281
2026-02-12,ITW,296.6340637207031
2026-02-13,ITW,297.7171936035156
2026-02-17,ITW,295.5509033203125
2026-02-18,ITW,294.2987976074219
2026-02-19,ITW,291.9735107421875
2026-02-20,ITW,293.126220703125
2026-02-23,ITW,291.3772888183594
2026-02-24,ITW,292.7088623046875
2026-02-25,ITW,287.9191589355469
2026-02-26,ITW,288.45574951171875
2026-02-27,ITW,288.8035583496094
2026-03-02,ITW,289.3401794433594
2026-03-03,ITW,284.18280029296875
2026-03-04,ITW,285.3653259277344
2026-03-05,ITW,280.7345886230469
2026-03-06,ITW,275.418212890625
2026-03-09,ITW,274.84185791015625
2026-03-10,ITW,271.5725402832031
2026-03-11,ITW,269.81365966796875
2026-03-12,ITW,263.9507141113281
2026-03-13,ITW,265.3121032714844
2026-03-16,ITW,266.9517822265625
2026-03-17,ITW,266.0574035644531
2026-03-18,ITW,259.10137939453125
2026-03-19,ITW,258.9821472167969
2026-03-20,ITW,256.0606384277344
2026-03-23,ITW,261.0987548828125
2026-03-24,ITW,263.3743896484375
2026-03-25,ITW,264.7755432128906
2026-03-26,ITW,259.7274475097656
2026-03-27,ITW,257.4120788574219
2026-03-30,ITW,254.5800018310547
2026-03-31,ITW,260.2900085449219
2026-04-01,ITW,260.5400085449219
2026-04-02,ITW,258.2099914550781
2026-04-06,ITW,258.4800109863281
2026-04-07,ITW,259.0400085449219
2026-04-08,ITW,269.510009765625
2026-04-09,ITW,273.17999267578125
2026-04-10,ITW,270.5199890136719
2026-04-13,ITW,274.510009765625
2026-04-14,ITW,272.25
2026-04-15,ITW,264.3900146484375
2026-04-16,ITW,265.6099853515625
2026-04-17,ITW,272.260009765625
2026-04-20,ITW,272.67999267578125
2026-04-21,ITW,271.04998779296875
2026-04-22,ITW,267.0899963378906
2026-04-23,ITW,273.1300048828125
2026-04-24,ITW,269.2900085449219
2026-04-27,ITW,269.739990234375
2026-04-28,ITW,268.4700012207031
2026-04-29,ITW,265.6700134277344
2026-04-30,ITW,258.010009765625
2026-05-01,ITW,255.47000122070312
2025-01-02,KMB,123.96106719970703
2025-01-03,KMB,123.1354751586914
2025-01-06,KMB,119.68131256103516
2025-01-07,KMB,120.80107116699219
2025-01-08,KMB,120.29812622070312
2025-01-10,KMB,118.1060562133789
2025-01-13,KMB,119.02653503417969
2025-01-14,KMB,119.73825073242188
2025-01-15,KMB,119.14990234375
2025-01-16,KMB,120.18425750732422
2025-01-17,KMB,120.72515106201172
2025-01-21,KMB,120.06087493896484
2025-01-22,KMB,119.68131256103516
2025-01-23,KMB,120.54485321044922
2025-01-24,KMB,121.85440826416016
2025-01-27,KMB,124.70125579833984
2025-01-28,KMB,122.83181762695312
2025-01-29,KMB,123.05007934570312
2025-01-30,KMB,124.16983795166016
2025-01-31,KMB,123.33475494384766
2025-02-03,KMB,123.79024505615234
2025-02-04,KMB,122.698974609375
2025-02-05,KMB,122.6515121459961
2025-02-06,KMB,122.12010955810547
2025-02-07,KMB,123.64791107177734
2025-02-10,KMB,124.72021484375
2025-02-11,KMB,126.390380859375
2025-02-12,KMB,127.04515075683594
2025-02-13,KMB,128.4495849609375
2025-02-14,KMB,125.89691162109375
2025-02-18,KMB,128.71530151367188
2025-02-19,KMB,130.8883819580078
2025-02-20,KMB,131.8752899169922
2025-02-21,KMB,133.09942626953125
2025-02-24,KMB,132.8906707763672
2025-02-25,KMB,134.08633422851562
2025-02-26,KMB,132.0555877685547
2025-02-27,KMB,133.0330047607422
2025-02-28,KMB,134.76007080078125
2025-03-03,KMB,136.03167724609375
2025-03-04,KMB,133.9345245361328
2025-03-05,KMB,134.3994903564453
2025-03-06,KMB,135.13966369628906
2025-03-07,KMB,138.62466430664062
2025-03-10,KMB,141.12353515625
2025-03-11,KMB,137.95448303222656
2025-03-12,KMB,134.00991821289062
2025-03-13,KMB,134.1726837158203
2025-03-14,KMB,133.6939697265625
2025-03-17,KMB,133.95248413085938
2025-03-18,KMB,133.5886688232422
2025-03-19,KMB,133.7035369873047
2025-03-20,KMB,133.15780639648438
2025-03-21,KMB,132.76527404785156
2025-03-24,KMB,131.95147705078125
2025-03-25,KMB,131.1568145751953
2025-03-26,KMB,133.66525268554688
2025-03-27,KMB,134.5747833251953
2025-03-28,KMB,134.7184295654297
2025-03-31,KMB,136.1641082763672
2025-04-01,KMB,136.9396209716797
2025-04-02,KMB,136.81515502929688
2025-04-03,KMB,139.036376953125
2025-04-04,KMB,132.0376434326172
2025-04-07,KMB,128.81114196777344
2025-04-08,KMB,127.60478210449219
2025-04-09,KMB,129.39515686035156
2025-04-10,KMB,131.63552856445312
2025-04-11,KMB,133.80886840820312
2025-04-14,KMB,136.48965454101562
2025-04-15,KMB,135.44606018066406
2025-04-16,KMB,133.7514190673828
2025-04-17,KMB,136.72898864746094
2025-04-21,KMB,134.10565185546875
2025-04-22,KMB,132.04721069335938
2025-04-23,KMB,127.71967315673828
2025-04-24,KMB,126.7048110961914
2025-04-25,KMB,126.00590515136719
2025-04-28,KMB,125.32613372802734
2025-04-29,KMB,124.99103546142578
2025-04-30,KMB,126.16865539550781
2025-05-01,KMB,124.33998107910156
2025-05-02,KMB,124.79955291748047
2025-05-05,KMB,125.32613372802734
2025-05-06,KMB,127.11650085449219
2025-05-07,KMB,127.9015884399414
2025-05-08,KMB,127.85371398925781
2025-05-09,KMB,127.38458251953125
2025-05-12,KMB,130.85043334960938
2025-05-13,KMB,128.32286071777344
2025-05-14,KMB,127.82498931884766
2025-05-15,KMB,131.50149536132812
2025-05-16,KMB,133.14825439453125
2025-05-19,KMB,134.7949981689453
2025-05-20,KMB,135.59922790527344
2025-05-21,KMB,135.06307983398438
2025-05-22,KMB,133.79928588867188
2025-05-23,KMB,135.5226287841797
2025-05-27,KMB,136.7672882080078
2025-05-28,KMB,136.60452270507812
2025-05-29,KMB,137.71511840820312
2025-05-30,KMB,137.63853454589844
2025-06-02,KMB,135.64710998535156
2025-06-03,KMB,133.5599365234375
2025-06-04,KMB,132.53549194335938
2025-06-05,KMB,129.53878784179688
2025-06-06,KMB,129.06524658203125
2025-06-09,KMB,128.23411560058594
2025-06-10,KMB,128.57235717773438
2025-06-11,KMB,128.38873291015625
2025-06-12,KMB,129.39381408691406
2025-06-13,KMB,126.44622802734375
2025-06-16,KMB,126.28195190429688
2025-06-17,KMB,124.6003646850586
2025-06-18,KMB,123.6629409790039
2025-06-20,KMB,123.98185729980469
2025-06-23,KMB,125.76008605957031
2025-06-24,KMB,125.58612060546875
2025-06-25,KMB,123.8465576171875
2025-06-26,KMB,122.58055877685547
2025-06-27,KMB,123.59529876708984
2025-06-30,KMB,124.59071350097656
2025-07-01,KMB,127.19038391113281
2025-07-02,KMB,127.9151840209961
2025-07-03,KMB,127.68324279785156
2025-07-07,KMB,127.22901916503906
2025-07-08,KMB,126.98741912841797
2025-07-09,KMB,127.07440185546875
2025-07-10,KMB,127.51895141601562
2025-07-11,KMB,125.0352554321289
2025-07-14,KMB,123.17973327636719
2025-07-15,KMB,122.49357604980469
2025-07-16,KMB,123.34402465820312
2025-07-17,KMB,123.6146240234375
2025-07-18,KMB,123.24738311767578
2025-07-21,KMB,122.45492553710938
2025-07-22,KMB,124.56171417236328
2025-07-23,KMB,123.44066619873047
2025-07-24,KMB,123.46000671386719
2025-07-25,KMB,123.10242462158203
2025-07-28,KMB,122.59989166259766
2025-07-29,KMB,123.63395690917969
2025-07-30,KMB,121.08261108398438
2025-07-31,KMB,120.43511199951172
2025-08-01,KMB,126.2529525756836
2025-08-04,KMB,128.66900634765625
2025-08-05,KMB,129.7030792236328
2025-08-06,KMB,132.09011840820312
2025-08-07,KMB,132.17709350585938
2025-08-08,KMB,131.58758544921875
2025-08-11,KMB,129.64508056640625
2025-08-12,KMB,129.15220642089844
2025-08-13,KMB,130.2829132080078
2025-08-14,KMB,128.91061401367188
2025-08-15,KMB,128.4757080078125
2025-08-18,KMB,126.91979217529297
2025-08-19,KMB,128.48536682128906
2025-08-20,KMB,128.7849578857422
2025-08-21,KMB,128.50469970703125
2025-08-22,KMB,129.0072479248047
2025-08-25,KMB,126.35924530029297
2025-08-26,KMB,125.4508056640625
2025-08-27,KMB,125.83740234375
2025-08-28,KMB,124.39742279052734
2025-08-29,KMB,124.80331420898438
2025-09-02,KMB,124.51339721679688
2025-09-03,KMB,123.70160675048828
2025-09-04,KMB,124.83231353759766
2025-09-05,KMB,126.76467895507812
2025-09-08,KMB,126.6573257446289
2025-09-09,KMB,127.81868743896484
2025-09-10,KMB,124.92990112304688
2025-09-11,KMB,126.35478210449219
2025-09-12,KMB,124.91038513183594
2025-09-15,KMB,122.4510269165039
2025-09-16,KMB,122.0313720703125
2025-09-17,KMB,122.56813049316406
2025-09-18,KMB,122.49006652832031
2025-09-19,KMB,121.62147521972656
2025-09-22,KMB,121.08470916748047
2025-09-23,KMB,120.84072875976562
2025-09-24,KMB,120.94808197021484
2025-09-25,KMB,118.79125213623047
2025-09-26,KMB,119.28898620605469
2025-09-29,KMB,119.7086410522461
2025-09-30,KMB,121.34820556640625
2025-10-01,KMB,120.26492309570312
2025-10-02,KMB,119.66960144042969
2025-10-03,KMB,119.63056945800781
2025-10-06,KMB,117.6396484375
2025-10-07,KMB,119.3865737915039
2025-10-08,KMB,116.75153350830078
2025-10-09,KMB,116.67346954345703
2025-10-10,KMB,116.69298553466797
2025-10-13,KMB,116.40019989013672
2025-10-14,KMB,117.27854919433594
2025-10-15,KMB,117.0345687866211
2025-10-16,KMB,116.81985473632812
2025-10-17,KMB,118.51799774169922
2025-10-20,KMB,117.79579162597656
2025-10-21,KMB,117.16144561767578
2025-10-22,KMB,117.31758880615234
2025-10-23,KMB,115.90248107910156
2025-10-24,KMB,116.06838989257812
2025-10-27,KMB,117.71772003173828
2025-10-28,KMB,117.75675964355469
2025-10-29,KMB,113.91156005859375
2025-10-30,KMB,117.31758880615234
2025-10-31,KMB,116.8296127319336
2025-11-03,KMB,99.80924987792969
2025-11-04,KMB,98.21846771240234
2025-11-05,KMB,97.64266967773438
2025-11-06,KMB,98.3453369140625
2025-11-07,KMB,101.35123443603516
2025-11-10,KMB,100.60951232910156
2025-11-11,KMB,100.55095672607422
2025-11-12,KMB,101.61473846435547
2025-11-13,KMB,101.9367904663086
2025-11-14,KMB,101.51713562011719
2025-11-17,KMB,101.16580963134766
2025-11-18,KMB,100.76566314697266
2025-11-19,KMB,99.90684509277344
2025-11-20,KMB,101.26339721679688
2025-11-21,KMB,102.64923095703125
2025-11-24,KMB,102.50283813476562
2025-11-25,KMB,103.45925903320312
2025-11-26,KMB,105.68439483642578
2025-11-28,KMB,106.49443054199219
2025-12-01,KMB,105.92838287353516
2025-12-02,KMB,104.37663269042969
2025-12-03,KMB,103.57637023925781
2025-12-04,KMB,102.41500854492188
2025-12-05,KMB,101.70378875732422
2025-12-08,KMB,100.60733032226562
2025-12-09,KMB,101.6346435546875
2025-12-10,KMB,101.881591796875
2025-12-11,KMB,102.18780517578125
2025-12-12,KMB,101.89147186279297
2025-12-15,KMB,101.54574584960938
2025-12-16,KMB,101.2889175415039
2025-12-17,KMB,101.68403625488281
2025-12-18,KMB,100.271484375
2025-12-19,KMB,99.4219741821289
2025-12-22,KMB,98.56259155273438
2025-12-23,KMB,98.88856506347656
2025-12-24,KMB,99.84673309326172
2025-12-26,KMB,99.7677001953125
2025-12-29,KMB,99.7973403930664
2025-12-30,KMB,100.33074951171875
2025-12-31,KMB,99.65904235839844
2026-01-02,KMB,100.16282653808594
2026-01-05,KMB,96.87345123291016
2026-01-06,KMB,96.44869995117188
2026-01-07,KMB,96.36967468261719
2026-01-08,KMB,97.6636962890625
2026-01-09,KMB,96.72528076171875
2026-01-12,KMB,97.07100677490234
2026-01-13,KMB,97.52540588378906
2026-01-14,KMB,97.94027709960938
2026-01-15,KMB,99.18490600585938
2026-01-16,KMB,98.10820007324219
2026-01-20,KMB,100.24185180664062
2026-01-21,KMB,98.7996597290039
2026-01-22,KMB,100.94318389892578
2026-01-23,KMB,100.98269653320312
2026-01-26,KMB,99.90599822998047
2026-01-27,KMB,99.41209411621094
2026-01-28,KMB,98.32551574707031
2026-01-29,KMB,97.45626068115234
2026-01-30,KMB,98.77002716064453
2026-02-02,KMB,98.28600311279297
2026-02-03,KMB,99.5405044555664
2026-02-04,KMB,101.95073699951172
2026-02-05,KMB,102.98793029785156
2026-02-06,KMB,103.05707550048828
2026-02-09,KMB,103.42255401611328
2026-02-10,KMB,104.5881576538086
2026-02-11,KMB,106.28717803955078
2026-02-12,KMB,106.93912506103516
2026-02-13,KMB,108.0750961303711
2026-02-17,KMB,106.2081527709961
2026-02-18,KMB,108.55912017822266
2026-02-19,KMB,107.35400390625
2026-02-20,KMB,107.68984985351562
2026-02-23,KMB,109.16167449951172
2026-02-24,KMB,109.75435638427734
2026-02-25,KMB,107.87753295898438
2026-02-26,KMB,109.03325653076172
2026-02-27,KMB,110.08032989501953
2026-03-02,KMB,108.40106201171875
2026-03-03,KMB,103.36328887939453
2026-03-04,KMB,103.45219421386719
2026-03-05,KMB,103.6300048828125
2026-03-06,KMB,104.58000183105469
2026-03-09,KMB,102.8499984741211
2026-03-10,KMB,101.70999908447266
2026-03-11,KMB,100.04000091552734
2026-03-12,KMB,97.81999969482422
2026-03-13,KMB,98.83999633789062
2026-03-16,KMB,100.26000213623047
2026-03-17,KMB,100.4800033569336
2026-03-18,KMB,98.72000122070312
2026-03-19,KMB,98.58000183105469
2026-03-20,KMB,98.19999694824219
2026-03-23,KMB,99.44999694824219
2026-03-24,KMB,98.91999816894531
2026-03-25,KMB,99.36000061035156
2026-03-26,KMB,98.8499984741211
2026-03-27,KMB,98.66000366210938
2026-03-30,KMB,96.3499984741211
2026-03-31,KMB,96.47000122070312
2026-04-01,KMB,97.56999969482422
2026-04-02,KMB,96.12999725341797
2026-04-06,KMB,96.98999786376953
2026-04-07,KMB,93.05000305175781
2026-04-08,KMB,97.0
2026-04-09,KMB,97.95999908447266
2026-04-10,KMB,97.27999877929688
2026-04-13,KMB,96.5999984741211
2026-04-14,KMB,97.16000366210938
2026-04-15,KMB,96.80999755859375
2026-04-16,KMB,97.97000122070312
2026-04-17,KMB,98.83999633789062
2026-04-20,KMB,98.54000091552734
2026-04-21,KMB,96.5999984741211
2026-04-22,KMB,96.75
2026-04-23,KMB,97.93000030517578
2026-04-24,KMB,97.8499984741211
2026-04-27,KMB,98.25
2026-04-28,KMB,98.44000244140625
2026-04-29,KMB,96.0999984741211
2026-04-30,KMB,98.43000030517578
2026-05-01,KMB,97.66999816894531
2025-01-02,KO,59.657596588134766
2025-01-03,KO,59.57077407836914
2025-01-06,KO,58.66394805908203
2025-01-07,KO,58.69289016723633
2025-01-08,KO,59.53218078613281
2025-01-10,KO,58.914772033691406
2025-01-13,KO,59.47430419921875
2025-01-14,KO,59.85054016113281
2025-01-15,KO,59.590065002441406
2025-01-16,KO,60.053123474121094
2025-01-17,KO,60.49689483642578
2025-01-21,KO,60.21712875366211
2025-01-22,KO,59.59971618652344
2025-01-23,KO,59.35853576660156
2025-01-24,KO,59.734771728515625
2025-01-27,KO,61.6159553527832
2025-01-28,KO,60.159244537353516
2025-01-29,KO,60.6126594543457
2025-01-30,KO,61.78960037231445
2025-01-31,KO,61.23971939086914
2025-02-03,KO,61.11431121826172
2025-02-04,KO,60.45830154418945
2025-02-05,KO,60.89242935180664
2025-02-06,KO,61.12395477294922
2025-02-07,KO,61.58701705932617
2025-02-10,KO,62.27196502685547
2025-02-11,KO,65.21432495117188
2025-02-12,KO,66.28514862060547
2025-02-13,KO,67.04727935791016
2025-02-14,KO,66.43950653076172
2025-02-18,KO,66.61315155029297
2025-02-19,KO,67.5971450805664
2025-02-20,KO,67.56820678710938
2025-02-21,KO,68.83197784423828
2025-02-24,KO,68.09880065917969
2025-02-25,KO,68.967041015625
2025-02-26,KO,68.3013916015625
2025-02-27,KO,68.3689193725586
2025-02-28,KO,68.69691467285156
2025-03-03,KO,69.76774597167969
2025-03-04,KO,67.7129135131836
2025-03-05,KO,67.60679626464844
2025-03-06,KO,67.973388671875
2025-03-07,KO,68.9091567993164
2025-03-10,KO,68.9284439086914
2025-03-11,KO,68.53292083740234
2025-03-12,KO,67.47173309326172
2025-03-13,KO,67.16303253173828
2025-03-14,KO,67.21163177490234
2025-03-17,KO,68.14458465576172
2025-03-18,KO,67.42543029785156
2025-03-19,KO,67.3282470703125
2025-03-20,KO,67.74612426757812
2025-03-21,KO,66.73542785644531
2025-03-24,KO,67.0075454711914
2025-03-25,KO,66.87147521972656
2025-03-26,KO,68.0473861694336
2025-03-27,KO,68.74711608886719
2025-03-28,KO,68.38754272460938
2025-03-31,KO,69.60232543945312
2025-04-01,KO,69.84528350830078
2025-04-02,KO,69.32048797607422
2025-04-03,KO,71.11837768554688
2025-04-04,KO,67.95993041992188
2025-04-07,KO,66.44388580322266
2025-04-08,KO,66.49247741699219
2025-04-09,KO,67.97936248779297
2025-04-10,KO,68.76655578613281
2025-04-11,KO,69.41767120361328
2025-04-14,KO,70.408935546875
2025-04-15,KO,69.83556365966797
2025-04-16,KO,69.66062927246094
2025-04-17,KO,70.94344329833984
2025-04-21,KO,70.71992492675781
2025-04-22,KO,71.8180923461914
2025-04-23,KO,71.23499298095703
2025-04-24,KO,70.47696685791016
2025-04-25,KO,69.88416290283203
2025-04-28,KO,69.76753997802734
2025-04-29,KO,70.31175231933594
2025-04-30,KO,70.50611877441406
2025-05-01,KO,69.2816162109375
2025-05-02,KO,69.63147735595703
2025-05-05,KO,69.68006896972656
2025-05-06,KO,69.69950103759766
2025-05-07,KO,70.36034393310547
2025-05-08,KO,69.16499328613281
2025-05-09,KO,68.53330993652344
2025-05-12,KO,67.57120513916016
2025-05-13,KO,67.01725769042969
2025-05-14,KO,67.21163177490234
2025-05-15,KO,69.59260559082031
2025-05-16,KO,69.97161102294922
2025-05-19,KO,69.90359497070312
2025-05-20,KO,69.67035675048828
2025-05-21,KO,69.82584381103516
2025-05-22,KO,69.13583374023438
2025-05-23,KO,69.74809265136719
2025-05-27,KO,69.7578125
2025-05-28,KO,69.14556884765625
2025-05-29,KO,69.47598266601562
2025-05-30,KO,70.06880187988281
2025-06-02,KO,69.97161102294922
2025-06-03,KO,69.15528869628906
2025-06-04,KO,69.35936737060547
2025-06-05,KO,68.91232299804688
2025-06-06,KO,69.33992767333984
2025-06-09,KO,69.74809265136719
2025-06-10,KO,70.31175231933594
2025-06-11,KO,70.03963470458984
2025-06-12,KO,70.20484924316406
2025-06-13,KO,69.50994110107422
2025-06-16,KO,69.02057647705078
2025-06-17,KO,68.13972473144531
2025-06-18,KO,67.73844146728516
2025-06-20,KO,67.37629699707031
2025-06-23,KO,68.25716400146484
2025-06-24,KO,68.71717071533203
2025-06-25,KO,68.14950561523438
2025-06-26,KO,67.99291229248047
2025-06-27,KO,68.8346176147461
2025-06-30,KO,69.24568176269531
2025-07-01,KO,70.14613342285156
2025-07-02,KO,69.40229034423828
2025-07-03,KO,69.83293151855469
2025-07-07,KO,69.50016784667969
2025-07-08,KO,68.74652862548828
2025-07-09,KO,68.00270080566406
2025-07-10,KO,68.2865219116211
2025-07-11,KO,68.38440704345703
2025-07-14,KO,67.99291229248047
2025-07-15,KO,67.88524627685547
2025-07-16,KO,67.79715728759766
2025-07-17,KO,69.08909606933594
2025-07-18,KO,68.36482238769531
2025-07-21,KO,68.58014678955078
2025-07-22,KO,68.17887115478516
2025-07-23,KO,67.68950653076172
2025-07-24,KO,67.63076782226562
2025-07-25,KO,67.69928741455078
2025-07-28,KO,66.64225006103516
2025-07-29,KO,67.90481567382812
2025-07-30,KO,67.28822326660156
2025-07-31,KO,66.44649505615234
2025-08-01,KO,67.39588165283203
2025-08-04,KO,67.49374389648438
2025-08-05,KO,67.58184051513672
2025-08-06,KO,68.03205108642578
2025-08-07,KO,68.93250274658203
2025-08-08,KO,68.84439849853516
2025-08-11,KO,69.24568176269531
2025-08-12,KO,69.20654296875
2025-08-13,KO,68.96185302734375
2025-08-14,KO,68.07121276855469
2025-08-15,KO,68.43333435058594
2025-08-18,KO,67.6601333618164
2025-08-19,KO,68.63887023925781
2025-08-20,KO,69.1967544555664
2025-08-21,KO,69.15760803222656
2025-08-22,KO,68.63887023925781
2025-08-25,KO,67.46439361572266
2025-08-26,KO,67.26864624023438
2025-08-27,KO,67.36651611328125
2025-08-28,KO,66.9065170288086
2025-08-29,KO,67.52310943603516
2025-09-02,KO,67.59162139892578
2025-09-03,KO,67.52310943603516
2025-09-04,KO,66.7988510131836
2025-09-05,KO,66.5150146484375
2025-09-08,KO,65.99627685546875
2025-09-09,KO,66.4171371459961
2025-09-10,KO,66.37799072265625
2025-09-11,KO,66.18224334716797
2025-09-12,KO,65.585205078125
2025-09-15,KO,65.29920196533203
2025-09-16,KO,65.32878875732422
2025-09-17,KO,66.11778259277344
2025-09-18,KO,65.54576110839844
2025-09-19,KO,65.51617431640625
2025-09-22,KO,65.29920196533203
2025-09-23,KO,65.79232788085938
2025-09-24,KO,65.53589630126953
2025-09-25,KO,65.07237243652344
2025-09-26,KO,64.7666244506836
2025-09-29,KO,65.13153839111328
2025-09-30,KO,65.40768432617188
2025-10-01,KO,65.86136627197266
2025-10-02,KO,65.19071197509766
2025-10-03,KO,65.73314666748047
2025-10-06,KO,65.19071197509766
2025-10-07,KO,65.87122344970703
2025-10-08,KO,65.21044158935547
2025-10-09,KO,65.45700073242188
2025-10-10,KO,66.11778259277344
2025-10-13,KO,65.88108825683594
2025-10-14,KO,66.5813217163086
2025-10-15,KO,66.15723419189453
2025-10-16,KO,66.66021728515625
2025-10-17,KO,67.49852752685547
2025-10-20,KO,67.49852752685547
2025-10-21,KO,70.24028015136719
2025-10-22,KO,69.8359146118164
2025-10-23,KO,68.97789764404297
2025-10-24,KO,68.75105285644531
2025-10-27,KO,69.09623718261719
2025-10-28,KO,69.19486999511719
2025-10-29,KO,67.40975952148438
2025-10-30,KO,68.03109741210938
2025-10-31,KO,67.95219421386719
2025-11-03,KO,67.03499603271484
2025-11-04,KO,67.71550750732422
2025-11-05,KO,67.56756591796875
2025-11-06,KO,68.10999298095703
2025-11-07,KO,69.57950592041016
2025-11-10,KO,69.5499038696289
2025-11-11,KO,70.62491607666016
2025-11-12,KO,70.52629089355469
2025-11-13,KO,70.09234619140625
2025-11-14,KO,70.18110656738281
2025-11-17,KO,69.70771026611328
2025-11-18,KO,70.24028015136719
2025-11-19,KO,70.13179779052734
2025-11-20,KO,70.23042297363281
2025-11-21,KO,71.94647979736328
2025-11-24,KO,71.5914306640625
2025-11-25,KO,71.61116790771484
2025-11-26,KO,71.87744903564453
2025-11-28,KO,72.11414337158203
2025-12-01,KO,71.45864868164062
2025-12-02,KO,70.18739318847656
2025-12-03,KO,70.32643127441406
2025-12-04,KO,69.9688949584961
2025-12-05,KO,69.52196502685547
2025-12-08,KO,69.770263671875
2025-12-09,KO,69.6113510131836
2025-12-10,KO,69.73052978515625
2025-12-11,KO,68.63804626464844
2025-12-12,KO,70.03841400146484
2025-12-15,KO,70.48534393310547
2025-12-16,KO,69.88944244384766
2025-12-17,KO,70.18739318847656
2025-12-18,KO,69.87950897216797
2025-12-19,KO,69.58155822753906
2025-12-22,KO,69.73052978515625
2025-12-23,KO,69.39286041259766
2025-12-24,KO,69.63121795654297
2025-12-26,KO,69.39286041259766
2025-12-29,KO,69.68087768554688
2025-12-30,KO,69.59149169921875
2025-12-31,KO,69.43258666992188
2026-01-02,KO,68.64797973632812
2026-01-05,KO,67.47603607177734
2026-01-06,KO,67.37671661376953
2026-01-07,KO,67.07876586914062
2026-01-08,KO,68.89627075195312
2026-01-09,KO,70.02848815917969
2026-01-12,KO,70.0185546875
2026-01-13,KO,70.75350189208984
2026-01-14,KO,70.95214080810547
2026-01-15,KO,69.99869537353516
2026-01-16,KO,69.95896911621094
2026-01-20,KO,71.26001739501953
2026-01-21,KO,71.51824188232422
2026-01-22,KO,71.37920379638672
2026-01-23,KO,72.3823013305664
2026-01-26,KO,72.06448364257812
2026-01-27,KO,73.0477294921875
2026-01-28,KO,72.56106567382812
2026-01-29,KO,72.92854309082031
2026-01-30,KO,74.29911804199219
2026-02-02,KO,74.8155746459961
2026-02-03,KO,76.36491394042969
2026-02-04,KO,76.82176971435547
2026-02-05,KO,77.9738540649414
2026-02-06,KO,78.49030303955078
2026-02-09,KO,77.43754577636719
2026-02-10,KO,76.28546142578125
2026-02-11,KO,78.06324005126953
2026-02-12,KO,78.46051025390625
2026-02-13,KO,78.14269256591797
2026-02-17,KO,79.01667785644531
2026-02-18,KO,78.94715881347656
2026-02-19,KO,78.37112426757812
2026-02-20,KO,79.29476928710938
2026-02-23,KO,80.00984954833984
2026-02-24,KO,80.16876220703125
2026-02-25,KO,79.92047119140625
2026-02-26,KO,79.95026397705078
2026-02-27,KO,81.00302124023438
2026-03-02,KO,79.67218017578125
2026-03-03,KO,78.79817962646484
2026-03-04,KO,77.566650390625
2026-03-05,KO,76.50395965576172
2026-03-06,KO,76.5138931274414
2026-03-09,KO,77.26870727539062
2026-03-10,KO,77.34815216064453
2026-03-11,KO,77.09986114501953
2026-03-12,KO,77.08000183105469
2026-03-13,KO,77.33999633789062
2026-03-16,KO,77.81999969482422
2026-03-17,KO,77.58000183105469
2026-03-18,KO,75.97000122070312
2026-03-19,KO,75.55000305175781
2026-03-20,KO,74.75
2026-03-23,KO,75.11000061035156
2026-03-24,KO,74.66999816894531
2026-03-25,KO,75.25
2026-03-26,KO,74.69000244140625
2026-03-27,KO,75.70999908447266
2026-03-30,KO,76.2699966430664
2026-03-31,KO,76.05000305175781
2026-04-01,KO,76.08000183105469
2026-04-02,KO,76.72000122070312
2026-04-06,KO,77.22000122070312
2026-04-07,KO,75.91000366210938
2026-04-08,KO,77.29000091552734
2026-04-09,KO,78.18000030517578
2026-04-10,KO,77.47000122070312
2026-04-13,KO,76.41000366210938
2026-04-14,KO,75.9000015258789
2026-04-15,KO,75.30999755859375
2026-04-16,KO,75.18000030517578
2026-04-17,KO,75.73999786376953
2026-04-20,KO,75.4800033569336
2026-04-21,KO,74.69999694824219
2026-04-22,KO,74.62999725341797
2026-04-23,KO,76.27999877929688
2026-04-24,KO,76.62999725341797
2026-04-27,KO,75.44000244140625
2026-04-28,KO,78.3499984741211
2026-04-29,KO,78.87000274658203
2026-04-30,KO,78.76000213623047
2026-05-01,KO,78.58000183105469
2025-01-02,NVDA,138.2646942138672
2025-01-03,NVDA,144.4226837158203
2025-01-06,NVDA,149.38104248046875
2025-01-07,NVDA,140.09408569335938
2025-01-08,NVDA,140.06411743164062
2025-01-10,NVDA,135.86549377441406
2025-01-13,NVDA,133.1863555908203
2025-01-14,NVDA,131.7168426513672
2025-01-15,NVDA,136.1953887939453
2025-01-16,NVDA,133.5262451171875
2025-01-17,NVDA,137.66490173339844
2025-01-21,NVDA,140.7838592529297
2025-01-22,NVDA,147.0218505859375
2025-01-23,NVDA,147.17178344726562
2025-01-24,NVDA,142.57327270507812
2025-01-27,NVDA,118.38121032714844
2025-01-28,NVDA,128.94775390625
2025-01-29,NVDA,123.65948486328125
2025-01-30,NVDA,124.60917663574219
2025-01-31,NVDA,120.03067016601562
2025-02-03,NVDA,116.62178802490234
2025-02-04,NVDA,118.61112976074219
2025-02-05,NVDA,124.78910827636719
2025-02-06,NVDA,128.6378631591797
2025-02-07,NVDA,129.7974395751953
2025-02-10,NVDA,133.5262451171875
2025-02-11,NVDA,132.7565155029297
2025-02-12,NVDA,131.0970458984375
2025-02-13,NVDA,135.2456817626953
2025-02-14,NVDA,138.80453491210938
2025-02-18,NVDA,139.35435485839844
2025-02-19,NVDA,139.1844024658203
2025-02-20,NVDA,140.06411743164062
2025-02-21,NVDA,134.38595581054688
2025-02-24,NVDA,130.23733520507812
2025-02-25,NVDA,126.5885238647461
2025-02-26,NVDA,131.23699951171875
2025-02-27,NVDA,120.11065673828125
2025-02-28,NVDA,124.87908172607422
2025-03-03,NVDA,114.02263641357422
2025-03-04,NVDA,115.95201110839844
2025-03-05,NVDA,117.26158142089844
2025-03-06,NVDA,110.53378295898438
2025-03-07,NVDA,112.6530990600586
2025-03-10,NVDA,106.94496154785156
2025-03-11,NVDA,108.72437286376953
2025-03-12,NVDA,115.71273803710938
2025-03-13,NVDA,115.55277252197266
2025-03-14,NVDA,121.6413345336914
2025-03-17,NVDA,119.50183868408203
2025-03-18,NVDA,115.4028091430664
2025-03-19,NVDA,117.49231719970703
2025-03-20,NVDA,118.50206756591797
2025-03-21,NVDA,117.6722640991211
2025-03-24,NVDA,121.38140106201172
2025-03-25,NVDA,120.66156768798828
2025-03-26,NVDA,113.73320007324219
2025-03-27,NVDA,111.40375518798828
2025-03-28,NVDA,109.6441650390625
2025-03-31,NVDA,108.35446166992188
2025-04-01,NVDA,110.12405395507812
2025-04-02,NVDA,110.39398193359375
2025-04-03,NVDA,101.7760238647461
2025-04-04,NVDA,94.28778076171875
2025-04-07,NVDA,97.61698913574219
2025-04-08,NVDA,96.27731323242188
2025-04-09,NVDA,114.30307006835938
2025-04-10,NVDA,107.5446548461914
2025-04-11,NVDA,110.90386199951172
2025-04-14,NVDA,110.68391418457031
2025-04-15,NVDA,112.1735610961914
2025-04-16,NVDA,104.46538543701172
2025-04-17,NVDA,101.4660873413086
2025-04-21,NVDA,96.88717651367188
2025-04-22,NVDA,98.86669921875
2025-04-23,NVDA,102.68579864501953
2025-04-24,NVDA,106.40492248535156
2025-04-25,NVDA,110.98385620117188
2025-04-28,NVDA,108.70438385009766
2025-04-29,NVDA,108.99431610107422
2025-04-30,NVDA,108.89433288574219
2025-05-01,NVDA,111.58370208740234
2025-05-02,NVDA,114.47303009033203
2025-05-05,NVDA,113.7931900024414
2025-05-06,NVDA,113.51325988769531
2025-05-07,NVDA,117.03242492675781
2025-05-08,NVDA,117.34235382080078
2025-05-09,NVDA,116.62252044677734
2025-05-12,NVDA,122.97102355957031
2025-05-13,NVDA,129.89938354492188
2025-05-14,NVDA,135.30810546875
2025-05-15,NVDA,134.79823303222656
2025-05-16,NVDA,135.36810302734375
2025-05-19,NVDA,135.53805541992188
2025-05-20,NVDA,134.3483428955078
2025-05-21,NVDA,131.76895141601562
2025-05-22,NVDA,132.7987060546875
2025-05-23,NVDA,131.25906372070312
2025-05-27,NVDA,135.4680633544922
2025-05-28,NVDA,134.7782440185547
2025-05-29,NVDA,139.15721130371094
2025-05-30,NVDA,135.09817504882812
2025-06-02,NVDA,137.34764099121094
2025-06-03,NVDA,141.1867218017578
2025-06-04,NVDA,141.88656616210938
2025-06-05,NVDA,139.95701599121094
2025-06-06,NVDA,141.6865997314453
2025-06-09,NVDA,142.59640502929688
2025-06-10,NVDA,143.92608642578125
2025-06-11,NVDA,142.80625915527344
2025-06-12,NVDA,144.9759063720703
2025-06-13,NVDA,141.94639587402344
2025-06-16,NVDA,144.66595458984375
2025-06-17,NVDA,144.09603881835938
2025-06-18,NVDA,145.455810546875
2025-06-20,NVDA,143.8260955810547
2025-06-23,NVDA,144.1460418701172
2025-06-24,NVDA,147.87539672851562
2025-06-25,NVDA,154.28436279296875
2025-06-26,NVDA,154.99423217773438
2025-06-27,NVDA,157.72378540039062
2025-06-30,NVDA,157.96376037597656
2025-07-01,NVDA,153.2745361328125
2025-07-02,NVDA,157.22386169433594
2025-07-03,NVDA,159.3135223388672
2025-07-07,NVDA,158.21371459960938
2025-07-08,NVDA,159.97340393066406
2025-07-09,NVDA,162.85293579101562
2025-07-10,NVDA,164.07273864746094
2025-07-11,NVDA,164.89259338378906
2025-07-14,NVDA,164.04273986816406
2025-07-15,NVDA,170.671630859375
2025-07-16,NVDA,171.34152221679688
2025-07-17,NVDA,172.97125244140625
2025-07-18,NVDA,172.38134765625
2025-07-21,NVDA,171.35153198242188
2025-07-22,NVDA,167.00225830078125
2025-07-23,NVDA,170.75161743164062
2025-07-24,NVDA,173.7111358642578
2025-07-25,NVDA,173.47117614746094
2025-07-28,NVDA,176.7206268310547
2025-07-29,NVDA,175.48081970214844
2025-07-30,NVDA,179.24021911621094
2025-07-31,NVDA,177.84043884277344
2025-08-01,NVDA,173.69113159179688
2025-08-04,NVDA,179.9700927734375
2025-08-05,NVDA,178.23037719726562
2025-08-06,NVDA,179.3901824951172
2025-08-07,NVDA,180.73997497558594
2025-08-08,NVDA,182.66964721679688
2025-08-11,NVDA,182.0297393798828
2025-08-12,NVDA,183.1295623779297
2025-08-13,NVDA,181.55982971191406
2025-08-14,NVDA,181.98974609375
2025-08-15,NVDA,180.42001342773438
2025-08-18,NVDA,181.979736328125
2025-08-19,NVDA,175.61080932617188
2025-08-20,NVDA,175.370849609375
2025-08-21,NVDA,174.95091247558594
2025-08-22,NVDA,177.96043395996094
2025-08-25,NVDA,179.78012084960938
2025-08-26,NVDA,181.7397918701172
2025-08-27,NVDA,181.56983947753906
2025-08-28,NVDA,180.1400604248047
2025-08-29,NVDA,174.1510467529297
2025-09-02,NVDA,170.75161743164062
2025-09-03,NVDA,170.59165954589844
2025-09-04,NVDA,171.63148498535156
2025-09-05,NVDA,166.9922637939453
2025-09-08,NVDA,168.2820281982422
2025-09-09,NVDA,170.7316131591797
2025-09-10,NVDA,177.300537109375
2025-09-11,NVDA,177.1505584716797
2025-09-12,NVDA,177.80047607421875
2025-09-15,NVDA,177.73049926757812
2025-09-16,NVDA,174.86080932617188
2025-09-17,NVDA,170.27130126953125
2025-09-18,NVDA,176.2206573486328
2025-09-19,NVDA,176.6505889892578
2025-09-22,NVDA,183.58984375
2025-09-23,NVDA,178.410400390625
2025-09-24,NVDA,176.9505615234375
2025-09-25,NVDA,177.67050170898438
2025-09-26,NVDA,178.17044067382812
2025-09-29,NVDA,181.83004760742188
2025-09-30,NVDA,186.55950927734375
2025-10-01,NVDA,187.21945190429688
2025-10-02,NVDA,188.8692626953125
2025-10-03,NVDA,187.5994110107422
2025-10-06,NVDA,185.51962280273438
2025-10-07,NVDA,185.01968383789062
2025-10-08,NVDA,189.0892333984375
2025-10-09,NVDA,192.54885864257812
2025-10-10,NVDA,183.139892578125
2025-10-13,NVDA,188.29933166503906
2025-10-14,NVDA,180.01022338867188
2025-10-15,NVDA,179.8102569580078
2025-10-16,NVDA,181.7900390625
2025-10-17,NVDA,183.19989013671875
2025-10-20,NVDA,182.6199493408203
2025-10-21,NVDA,181.14010620117188
2025-10-22,NVDA,180.2602081298828
2025-10-23,NVDA,182.13999938964844
2025-10-24,NVDA,186.23953247070312
2025-10-27,NVDA,191.46897888183594
2025-10-28,NVDA,201.0079345703125
2025-10-29,NVDA,207.01727294921875
2025-10-30,NVDA,202.8677215576172
2025-10-31,NVDA,202.4677734375
2025-11-03,NVDA,206.85728454589844
2025-11-04,NVDA,198.66818237304688
2025-11-05,NVDA,195.18858337402344
2025-11-06,NVDA,188.05935668945312
2025-11-07,NVDA,188.1293487548828
2025-11-10,NVDA,199.0281524658203
2025-11-11,NVDA,193.1387939453125
2025-11-12,NVDA,193.7787322998047
2025-11-13,NVDA,186.8394775390625
2025-11-14,NVDA,190.14910888671875
2025-11-17,NVDA,186.5795135498047
2025-11-18,NVDA,181.340087890625
2025-11-19,NVDA,186.49952697753906
2025-11-20,NVDA,180.6201629638672
2025-11-21,NVDA,178.86036682128906
2025-11-24,NVDA,182.52996826171875
2025-11-25,NVDA,177.80047607421875
2025-11-26,NVDA,180.24020385742188
2025-11-28,NVDA,176.98056030273438
2025-12-01,NVDA,179.90025329589844
2025-12-02,NVDA,181.44007873535156
2025-12-03,NVDA,179.57028198242188
2025-12-04,NVDA,183.37008666992188
2025-12-05,NVDA,182.40013122558594
2025-12-08,NVDA,185.5399627685547
2025-12-09,NVDA,184.95999145507812
2025-12-10,NVDA,183.77005004882812
2025-12-11,NVDA,180.92019653320312
2025-12-12,NVDA,175.01052856445312
2025-12-15,NVDA,176.28045654296875
2025-12-16,NVDA,177.71038818359375
2025-12-17,NVDA,170.93075561523438
2025-12-18,NVDA,174.1305694580078
2025-12-19,NVDA,180.98020935058594
2025-12-22,NVDA,183.6800537109375
2025-12-23,NVDA,189.19976806640625
2025-12-24,NVDA,188.59979248046875
2025-12-26,NVDA,190.51968383789062
2025-12-29,NVDA,188.20980834960938
2025-12-30,NVDA,187.52984619140625
2025-12-31,NVDA,186.4899139404297
2026-01-02,NVDA,188.83978271484375
2026-01-05,NVDA,188.1098175048828
2026-01-06,NVDA,187.22987365722656
2026-01-07,NVDA,189.09976196289062
2026-01-08,NVDA,185.0299835205078
2026-01-09,NVDA,184.84999084472656
2026-01-12,NVDA,184.92999267578125
2026-01-13,NVDA,185.79994201660156
2026-01-14,NVDA,183.1300811767578
2026-01-15,NVDA,187.03988647460938
2026-01-16,NVDA,186.21990966796875
2026-01-20,NVDA,178.06036376953125
2026-01-21,NVDA,183.31008911132812
2026-01-22,NVDA,184.82998657226562
2026-01-23,NVDA,187.6598358154297
2026-01-26,NVDA,186.4599151611328
2026-01-27,NVDA,188.50979614257812
2026-01-28,NVDA,191.5096435546875
2026-01-29,NVDA,192.49957275390625
2026-01-30,NVDA,191.11965942382812
2026-02-02,NVDA,185.59996032714844
2026-02-03,NVDA,180.33023071289062
2026-02-04,NVDA,174.18057250976562
2026-02-05,NVDA,171.87069702148438
2026-02-06,NVDA,185.39996337890625
2026-02-09,NVDA,190.0297088623047
2026-02-10,NVDA,188.52978515625
2026-02-11,NVDA,190.0397186279297
2026-02-12,NVDA,186.9298858642578
2026-02-13,NVDA,182.80010986328125
2026-02-17,NVDA,184.95999145507812
2026-02-18,NVDA,187.96981811523438
2026-02-19,NVDA,187.88983154296875
2026-02-20,NVDA,189.8097381591797
2026-02-23,NVDA,191.53964233398438
2026-02-24,NVDA,192.83956909179688
2026-02-25,NVDA,195.54940795898438
2026-02-26,NVDA,184.87998962402344
2026-02-27,NVDA,177.180419921875
2026-03-02,NVDA,182.47012329101562
2026-03-03,NVDA,180.04025268554688
2026-03-04,NVDA,183.03009033203125
2026-03-05,NVDA,183.330078125
2026-03-06,NVDA,177.8103790283203
2026-03-09,NVDA,182.64010620117188
2026-03-10,NVDA,184.760009765625
2026-03-11,NVDA,186.02999877929688
2026-03-12,NVDA,183.13999938964844
2026-03-13,NVDA,180.25
2026-03-16,NVDA,183.22000122070312
2026-03-17,NVDA,181.92999267578125
2026-03-18,NVDA,180.39999389648438
2026-03-19,NVDA,178.55999755859375
2026-03-20,NVDA,172.6999969482422
2026-03-23,NVDA,175.63999938964844
2026-03-24,NVDA,175.1999969482422
2026-03-25,NVDA,178.67999267578125
2026-03-26,NVDA,171.24000549316406
2026-03-27,NVDA,167.52000427246094
2026-03-30,NVDA,165.1699981689453
2026-03-31,NVDA,174.39999389648438
2026-04-01,NVDA,175.75
2026-04-02,NVDA,177.38999938964844
2026-04-06,NVDA,177.63999938964844
2026-04-07,NVDA,178.10000610351562
2026-04-08,NVDA,182.0800018310547
2026-04-09,NVDA,183.91000366210938
2026-04-10,NVDA,188.6300048828125
2026-04-13,NVDA,189.30999755859375
2026-04-14,NVDA,196.50999450683594
2026-04-15,NVDA,198.8699951171875
2026-04-16,NVDA,198.35000610351562
2026-04-17,NVDA,201.67999267578125
2026-04-20,NVDA,202.05999755859375
2026-04-21,NVDA,199.8800048828125
2026-04-22,NVDA,202.5
2026-04-23,NVDA,199.63999938964844
2026-04-24,NVDA,208.27000427246094
2026-04-27,NVDA,216.61000061035156
2026-04-28,NVDA,213.1699981689453
2026-04-29,NVDA,209.25
2026-04-30,NVDA,199.57000732421875
2026-05-01,NVDA,198.4499969482422
2025-01-02,PANW,180.74000549316406
2025-01-03,PANW,183.25
2025-01-06,PANW,179.5
2025-01-07,PANW,175.50999450683594
2025-01-08,PANW,172.8300018310547
2025-01-10,PANW,173.4199981689453
2025-01-13,PANW,167.82000732421875
2025-01-14,PANW,170.5800018310547
2025-01-15,PANW,174.19000244140625
2025-01-16,PANW,177.1699981689453
2025-01-17,PANW,177.11000061035156
2025-01-21,PANW,183.50999450683594
2025-01-22,PANW,187.6999969482422
2025-01-23,PANW,187.32000732421875
2025-01-24,PANW,187.6999969482422
2025-01-27,PANW,189.3000030517578
2025-01-28,PANW,192.94000244140625
2025-01-29,PANW,185.4199981689453
2025-01-30,PANW,187.4199981689453
2025-01-31,PANW,184.4199981689453
2025-02-03,PANW,182.7899932861328
2025-02-04,PANW,183.39999389648438
2025-02-05,PANW,186.85000610351562
2025-02-06,PANW,187.3699951171875
2025-02-07,PANW,193.94000244140625
2025-02-10,PANW,196.39999389648438
2025-02-11,PANW,195.49000549316406
2025-02-12,PANW,196.72999572753906
2025-02-13,PANW,201.8800048828125
2025-02-14,PANW,200.02999877929688
2025-02-18,PANW,208.27999877929688
2025-02-19,PANW,205.19000244140625
2025-02-20,PANW,198.80999755859375
2025-02-21,PANW,191.02999877929688
2025-02-24,PANW,190.38999938964844
2025-02-25,PANW,188.00999450683594
2025-02-26,PANW,189.5500030517578
2025-02-27,PANW,187.5
2025-02-28,PANW,190.42999267578125
2025-03-03,PANW,183.67999267578125
2025-03-04,PANW,184.3800048828125
2025-03-05,PANW,184.27999877929688
2025-03-06,PANW,179.3300018310547
2025-03-07,PANW,180.92999267578125
2025-03-10,PANW,173.8300018310547
2025-03-11,PANW,178.92999267578125
2025-03-12,PANW,179.47999572753906
2025-03-13,PANW,176.32000732421875
2025-03-14,PANW,182.33999633789062
2025-03-17,PANW,185.0
2025-03-18,PANW,183.10000610351562
2025-03-19,PANW,187.5399932861328
2025-03-20,PANW,184.00999450683594
2025-03-21,PANW,182.32000732421875
2025-03-24,PANW,184.7899932861328
2025-03-25,PANW,189.9499969482422
2025-03-26,PANW,184.9600067138672
2025-03-27,PANW,174.44000244140625
2025-03-28,PANW,172.75999450683594
2025-03-31,PANW,170.63999938964844
2025-04-01,PANW,171.30999755859375
2025-04-02,PANW,173.17999267578125
2025-04-03,PANW,165.1699981689453
2025-04-04,PANW,153.57000732421875
2025-04-07,PANW,152.44000244140625
2025-04-08,PANW,152.52999877929688
2025-04-09,PANW,173.02000427246094
2025-04-10,PANW,168.27000427246094
2025-04-11,PANW,168.33999633789062
2025-04-14,PANW,169.97999572753906
2025-04-15,PANW,173.5500030517578
2025-04-16,PANW,169.75999450683594
2025-04-17,PANW,167.69000244140625
2025-04-21,PANW,160.0500030517578
2025-04-22,PANW,163.6300048828125
2025-04-23,PANW,168.32000732421875
2025-04-24,PANW,176.0399932861328
2025-04-25,PANW,178.97999572753906
2025-04-28,PANW,181.5399932861328
2025-04-29,PANW,186.64999389648438
2025-04-30,PANW,186.92999267578125
2025-05-01,PANW,186.27000427246094
2025-05-02,PANW,187.6999969482422
2025-05-05,PANW,188.1300048828125
2025-05-06,PANW,188.69000244140625
2025-05-07,PANW,188.13999938964844
2025-05-08,PANW,188.52999877929688
2025-05-09,PANW,186.92999267578125
2025-05-12,PANW,193.5
2025-05-13,PANW,192.0
2025-05-14,PANW,190.89999389648438
2025-05-15,PANW,192.89999389648438
2025-05-16,PANW,192.97999572753906
2025-05-19,PANW,194.3000030517578
2025-05-20,PANW,194.47999572753906
2025-05-21,PANW,181.25999450683594
2025-05-22,PANW,186.13999938964844
2025-05-23,PANW,186.75
2025-05-27,PANW,187.4600067138672
2025-05-28,PANW,187.8000030517578
2025-05-29,PANW,185.82000732421875
2025-05-30,PANW,192.4199981689453
2025-06-02,PANW,194.86000061035156
2025-06-03,PANW,197.1199951171875
2025-06-04,PANW,194.07000732421875
2025-06-05,PANW,197.11000061035156
2025-06-06,PANW,199.60000610351562
2025-06-09,PANW,196.3300018310547
2025-06-10,PANW,195.9499969482422
2025-06-11,PANW,194.38999938964844
2025-06-12,PANW,197.6699981689453
2025-06-13,PANW,196.27000427246094
2025-06-16,PANW,198.11000061035156
2025-06-17,PANW,202.0500030517578
2025-06-18,PANW,199.77999877929688
2025-06-20,PANW,199.24000549316406
2025-06-23,PANW,203.32000732421875
2025-06-24,PANW,201.69000244140625
2025-06-25,PANW,204.3000030517578
2025-06-26,PANW,202.33999633789062
2025-06-27,PANW,200.57000732421875
2025-06-30,PANW,204.63999938964844
2025-07-01,PANW,197.5800018310547
2025-07-02,PANW,196.97000122070312
2025-07-03,PANW,201.82000732421875
2025-07-07,PANW,201.4199981689453
2025-07-08,PANW,203.99000549316406
2025-07-09,PANW,206.05999755859375
2025-07-10,PANW,192.07000732421875
2025-07-11,PANW,187.38999938964844
2025-07-14,PANW,190.72000122070312
2025-07-15,PANW,192.25
2025-07-16,PANW,192.58999633789062
2025-07-17,PANW,196.27999877929688
2025-07-18,PANW,195.77999877929688
2025-07-21,PANW,199.8800048828125
2025-07-22,PANW,196.72999572753906
2025-07-23,PANW,199.22000122070312
2025-07-24,PANW,201.16000366210938
2025-07-25,PANW,203.27000427246094
2025-07-28,PANW,204.5
2025-07-29,PANW,193.83999633789062
2025-07-30,PANW,183.02999877929688
2025-07-31,PANW,173.60000610351562
2025-08-01,PANW,172.8800048828125
2025-08-04,PANW,171.0
2025-08-05,PANW,169.08999633789062
2025-08-06,PANW,172.88999938964844
2025-08-07,PANW,168.10000610351562
2025-08-08,PANW,167.05999755859375
2025-08-11,PANW,168.1699981689453
2025-08-12,PANW,175.39999389648438
2025-08-13,PANW,176.86000061035156
2025-08-14,PANW,173.5500030517578
2025-08-15,PANW,177.08999633789062
2025-08-18,PANW,176.1699981689453
2025-08-19,PANW,181.55999755859375
2025-08-20,PANW,184.42999267578125
2025-08-21,PANW,183.32000732421875
2025-08-22,PANW,185.8800048828125
2025-08-25,PANW,184.5500030517578
2025-08-26,PANW,184.22999572753906
2025-08-27,PANW,187.61000061035156
2025-08-28,PANW,191.02000427246094
2025-08-29,PANW,190.52000427246094
2025-09-02,PANW,190.52000427246094
2025-09-03,PANW,191.52999877929688
2025-09-04,PANW,192.35000610351562
2025-09-05,PANW,194.4600067138672
2025-09-08,PANW,197.3800048828125
2025-09-09,PANW,197.5500030517578
2025-09-10,PANW,197.3300018310547
2025-09-11,PANW,198.3300018310547
2025-09-12,PANW,196.2899932861328
2025-09-15,PANW,201.27999877929688
2025-09-16,PANW,201.33999633789062
2025-09-17,PANW,203.1199951171875
2025-09-18,PANW,205.67999267578125
2025-09-19,PANW,208.19000244140625
2025-09-22,PANW,208.17999267578125
2025-09-23,PANW,203.25
2025-09-24,PANW,200.6999969482422
2025-09-25,PANW,202.2100067138672
2025-09-26,PANW,202.3699951171875
2025-09-29,PANW,203.9600067138672
2025-09-30,PANW,203.6199951171875
2025-10-01,PANW,206.8000030517578
2025-10-02,PANW,209.3000030517578
2025-10-03,PANW,207.19000244140625
2025-10-06,PANW,212.5800018310547
2025-10-07,PANW,211.0399932861328
2025-10-08,PANW,217.7899932861328
2025-10-09,PANW,215.1699981689453
2025-10-10,PANW,208.5500030517578
2025-10-13,PANW,213.27999877929688
2025-10-14,PANW,207.55999755859375
2025-10-15,PANW,206.6999969482422
2025-10-16,PANW,205.50999450683594
2025-10-17,PANW,207.88999938964844
2025-10-20,PANW,211.82000732421875
2025-10-21,PANW,214.39999389648438
2025-10-22,PANW,212.4199981689453
2025-10-23,PANW,215.02000427246094
2025-10-24,PANW,217.11000061035156
2025-10-27,PANW,220.2899932861328
2025-10-28,PANW,221.3800048828125
2025-10-29,PANW,217.16000366210938
2025-10-30,PANW,218.27000427246094
2025-10-31,PANW,220.24000549316406
2025-11-03,PANW,219.22999572753906
2025-11-04,PANW,214.52000427246094
2025-11-05,PANW,213.17999267578125
2025-11-06,PANW,211.3699951171875
2025-11-07,PANW,212.2899932861328
2025-11-10,PANW,216.5399932861328
2025-11-11,PANW,218.27000427246094
2025-11-12,PANW,210.0399932861328
2025-11-13,PANW,204.77000427246094
2025-11-14,PANW,205.25
2025-11-17,PANW,202.89999389648438
2025-11-18,PANW,201.0
2025-11-19,PANW,199.89999389648438
2025-11-20,PANW,185.07000732421875
2025-11-21,PANW,182.89999389648438
2025-11-24,PANW,183.88999938964844
2025-11-25,PANW,186.27000427246094
2025-11-26,PANW,185.35000610351562
2025-11-28,PANW,190.1300048828125
2025-12-01,PANW,187.72999572753906
2025-12-02,PANW,189.8800048828125
2025-12-03,PANW,193.6300048828125
2025-12-04,PANW,195.67999267578125
2025-12-05,PANW,198.83999633789062
2025-12-08,PANW,195.35000610351562
2025-12-09,PANW,195.0
2025-12-10,PANW,192.9600067138672
2025-12-11,PANW,190.36000061035156
2025-12-12,PANW,191.69000244140625
2025-12-15,PANW,185.8800048828125
2025-12-16,PANW,187.08999633789062
2025-12-17,PANW,183.44000244140625
2025-12-18,PANW,185.8800048828125
2025-12-19,PANW,186.8800048828125
2025-12-22,PANW,189.49000549316406
2025-12-23,PANW,188.1199951171875
2025-12-24,PANW,187.22000122070312
2025-12-26,PANW,188.4499969482422
2025-12-29,PANW,186.85000610351562
2025-12-30,PANW,186.85000610351562
2025-12-31,PANW,184.1999969482422
2026-01-02,PANW,179.3699951171875
2026-01-05,PANW,182.1199951171875
2026-01-06,PANW,185.86000061035156
2026-01-07,PANW,193.89999389648438
2026-01-08,PANW,190.8000030517578
2026-01-09,PANW,189.02000427246094
2026-01-12,PANW,188.8800048828125
2026-01-13,PANW,190.85000610351562
2026-01-14,PANW,190.92999267578125
2026-01-15,PANW,187.72999572753906
2026-01-16,PANW,187.66000366210938
2026-01-20,PANW,184.05999755859375
2026-01-21,PANW,181.47000122070312
2026-01-22,PANW,182.27000427246094
2026-01-23,PANW,180.17999267578125
2026-01-26,PANW,184.22000122070312
2026-01-27,PANW,183.5
2026-01-28,PANW,183.74000549316406
2026-01-29,PANW,176.1999969482422
2026-01-30,PANW,176.97000122070312
2026-02-02,PANW,175.4199981689453
2026-02-03,PANW,166.24000549316406
2026-02-04,PANW,166.72000122070312
2026-02-05,PANW,154.77000427246094
2026-02-06,PANW,159.32000732421875
2026-02-09,PANW,166.0
2026-02-10,PANW,165.50999450683594
2026-02-11,PANW,165.3000030517578
2026-02-12,PANW,162.80999755859375
2026-02-13,PANW,166.9499969482422
2026-02-17,PANW,163.5
2026-02-18,PANW,152.35000610351562
2026-02-19,PANW,150.99000549316406
2026-02-20,PANW,148.6999969482422
2026-02-23,PANW,144.13999938964844
2026-02-24,PANW,141.6699981689453
2026-02-25,PANW,144.83999633789062
2026-02-26,PANW,149.39999389648438
2026-02-27,PANW,148.9199981689453
2026-03-02,PANW,150.14999389648438
2026-03-03,PANW,156.08999633789062
2026-03-04,PANW,158.55999755859375
2026-03-05,PANW,163.16000366210938
2026-03-06,PANW,165.0500030517578
2026-03-09,PANW,165.10000610351562
2026-03-10,PANW,165.5800018310547
2026-03-11,PANW,164.92999267578125
2026-03-12,PANW,168.1199951171875
2026-03-13,PANW,167.02000427246094
2026-03-16,PANW,167.4499969482422
2026-03-17,PANW,169.19000244140625
2026-03-18,PANW,168.91000366210938
2026-03-19,PANW,169.74000549316406
2026-03-20,PANW,162.9499969482422
2026-03-23,PANW,164.0500030517578
2026-03-24,PANW,157.2100067138672
2026-03-25,PANW,153.22000122070312
2026-03-26,PANW,156.36000061035156
2026-03-27,PANW,147.02000427246094
2026-03-30,PANW,154.35000610351562
2026-03-31,PANW,160.32000732421875
2026-04-01,PANW,160.6699981689453
2026-04-02,PANW,163.2100067138672
2026-04-06,PANW,161.9499969482422
2026-04-07,PANW,169.8699951171875
2026-04-08,PANW,173.77999877929688
2026-04-09,PANW,166.99000549316406
2026-04-10,PANW,155.72999572753906
2026-04-13,PANW,162.50999450683594
2026-04-14,PANW,161.58999633789062
2026-04-15,PANW,164.11000061035156
2026-04-16,PANW,166.97000122070312
2026-04-17,PANW,167.85000610351562
2026-04-20,PANW,169.55999755859375
2026-04-21,PANW,174.9600067138672
2026-04-22,PANW,181.1999969482422
2026-04-23,PANW,173.2100067138672
2026-04-24,PANW,178.5399932861328
2026-04-27,PANW,182.89999389648438
2026-04-28,PANW,180.99000549316406
2026-04-29,PANW,181.5399932861328
2026-04-30,PANW,179.32000732421875
2026-05-01,PANW,181.0800018310547
2025-01-02,PNR,98.84053802490234
2025-01-03,PNR,99.49028015136719
2025-01-06,PNR,97.97419738769531
2025-01-07,PNR,97.14724731445312
2025-01-08,PNR,97.92498779296875
2025-01-10,PNR,95.46382141113281
2025-01-13,PNR,97.10787200927734
2025-01-14,PNR,98.72240447998047
2025-01-15,PNR,99.99237823486328
2025-01-16,PNR,100.98668670654297
2025-01-17,PNR,101.41983795166016
2025-01-21,PNR,103.71365356445312
2025-01-22,PNR,103.06390380859375
2025-01-23,PNR,102.72917938232422
2025-01-24,PNR,101.6535415649414
2025-01-27,PNR,101.11077880859375
2025-01-28,PNR,101.3772201538086
2025-01-29,PNR,100.31144714355469
2025-01-30,PNR,102.09760284423828
2025-01-31,PNR,102.3147201538086
2025-02-03,PNR,101.2785415649414
2025-02-04,PNR,96.9660873413086
2025-02-05,PNR,97.4002914428711
2025-02-06,PNR,97.33121490478516
2025-02-07,PNR,96.58122253417969
2025-02-10,PNR,97.13385009765625
2025-02-11,PNR,97.91344451904297
2025-02-12,PNR,96.69964599609375
2025-02-13,PNR,95.91018676757812
2025-02-14,PNR,95.45624542236328
2025-02-18,PNR,95.42662811279297
2025-02-19,PNR,94.90361022949219
2025-02-20,PNR,93.99571990966797
2025-02-21,PNR,91.71614074707031
2025-02-24,PNR,91.40036010742188
2025-02-25,PNR,92.11087799072266
2025-02-26,PNR,92.05166625976562
2025-02-27,PNR,91.75563049316406
2025-02-28,PNR,92.95955657958984
2025-03-03,PNR,90.53195190429688
2025-03-04,PNR,88.48919677734375
2025-03-05,PNR,89.98919677734375
2025-03-06,PNR,88.63722229003906
2025-03-07,PNR,87.18659210205078
2025-03-10,PNR,84.06819915771484
2025-03-11,PNR,84.9267349243164
2025-03-12,PNR,84.4135971069336
2025-03-13,PNR,82.89385223388672
2025-03-14,PNR,84.94647979736328
2025-03-17,PNR,86.02212524414062
2025-03-18,PNR,86.21949768066406
2025-03-19,PNR,87.88723754882812
2025-03-20,PNR,87.13725280761719
2025-03-21,PNR,86.26882934570312
2025-03-24,PNR,88.66682434082031
2025-03-25,PNR,89.99905395507812
2025-03-26,PNR,88.94314575195312
2025-03-27,PNR,88.13394165039062
2025-03-28,PNR,85.69645690917969
2025-03-31,PNR,86.32804870605469
2025-04-01,PNR,86.88066864013672
2025-04-02,PNR,87.91683959960938
2025-04-03,PNR,80.46627044677734
2025-04-04,PNR,77.7228775024414
2025-04-07,PNR,76.50906372070312
2025-04-08,PNR,75.16697692871094
2025-04-09,PNR,82.92346954345703
2025-04-10,PNR,79.77548217773438
2025-04-11,PNR,81.10770416259766
2025-04-14,PNR,81.6998062133789
2025-04-15,PNR,81.22611999511719
2025-04-16,PNR,79.65705871582031
2025-04-17,PNR,79.54817199707031
2025-04-21,PNR,78.16231536865234
2025-04-22,PNR,85.36876678466797
2025-04-23,PNR,86.86351013183594
2025-04-24,PNR,89.26897430419922
2025-04-25,PNR,89.09078216552734
2025-04-28,PNR,89.08088684082031
2025-04-29,PNR,89.36795043945312
2025-04-30,PNR,89.81340789794922
2025-05-01,PNR,89.82330322265625
2025-05-02,PNR,92.34754180908203
2025-05-05,PNR,92.10006713867188
2025-05-06,PNR,90.65482330322266
2025-05-07,PNR,90.85279846191406
2025-05-08,PNR,92.58512115478516
2025-05-09,PNR,92.51583099365234
2025-05-12,PNR,97.16835021972656
2025-05-13,PNR,97.46531677246094
2025-05-14,PNR,96.19824981689453
2025-05-15,PNR,96.8218765258789
2025-05-16,PNR,100.05885314941406
2025-05-19,PNR,99.80146789550781
2025-05-20,PNR,98.76206970214844
2025-05-21,PNR,96.34673309326172
2025-05-22,PNR,96.66350555419922
2025-05-23,PNR,95.81219482421875
2025-05-27,PNR,98.72248840332031
2025-05-28,PNR,97.81177520751953
2025-05-29,PNR,98.57400512695312
2025-05-30,PNR,98.17804718017578
2025-06-02,PNR,97.51481628417969
2025-06-03,PNR,98.6333999633789
2025-06-04,PNR,98.82147979736328
2025-06-05,PNR,98.70269012451172
2025-06-06,PNR,98.54430389404297
2025-06-09,PNR,98.66309356689453
2025-06-10,PNR,98.95015716552734
2025-06-11,PNR,98.20773315429688
2025-06-12,PNR,97.91077423095703
2025-06-13,PNR,95.64390563964844
2025-06-16,PNR,96.77239227294922
2025-06-17,PNR,95.25785064697266
2025-06-18,PNR,95.96067810058594
2025-06-20,PNR,96.2873306274414
2025-06-23,PNR,98.55420684814453
2025-06-24,PNR,100.20732879638672
2025-06-25,PNR,100.03904724121094
2025-06-26,PNR,101.60308837890625
2025-06-27,PNR,102.53358459472656
2025-06-30,PNR,101.62289428710938
2025-07-01,PNR,103.9887466430664
2025-07-02,PNR,104.79055786132812
2025-07-03,PNR,105.79035949707031
2025-07-07,PNR,103.93924713134766
2025-07-08,PNR,104.71137237548828
2025-07-09,PNR,105.82006072998047
2025-07-10,PNR,106.59217834472656
2025-07-11,PNR,105.99823760986328
2025-07-14,PNR,105.66166687011719
2025-07-15,PNR,103.7115707397461
2025-07-16,PNR,103.81055450439453
2025-07-17,PNR,105.6220703125
2025-07-18,PNR,105.24502563476562
2025-07-21,PNR,104.04444122314453
2025-07-22,PNR,104.05436706542969
2025-07-23,PNR,102.82400512695312
2025-07-24,PNR,102.0500717163086
2025-07-25,PNR,102.27828979492188
2025-07-28,PNR,102.5362548828125
2025-07-29,PNR,101.553955078125
2025-07-30,PNR,100.51212310791016
2025-07-31,PNR,101.40512084960938
2025-08-01,PNR,99.8374252319336
2025-08-04,PNR,101.41504669189453
2025-08-05,PNR,103.4193344116211
2025-08-06,PNR,101.75240325927734
2025-08-07,PNR,101.2662124633789
2025-08-08,PNR,101.92108154296875
2025-08-11,PNR,102.079833984375
2025-08-12,PNR,105.30455780029297
2025-08-13,PNR,108.16215515136719
2025-08-14,PNR,105.80066680908203
2025-08-15,PNR,104.16350555419922
2025-08-18,PNR,104.7786865234375
2025-08-19,PNR,106.2471694946289
2025-08-20,PNR,104.22303771972656
2025-08-21,PNR,103.6277084350586
2025-08-22,PNR,107.7553482055664
2025-08-25,PNR,107.09056091308594
2025-08-26,PNR,108.32091522216797
2025-08-27,PNR,108.48959350585938
2025-08-28,PNR,108.33084106445312
2025-08-29,PNR,106.69366455078125
2025-09-02,PNR,105.46331787109375
2025-09-03,PNR,106.00904083251953
2025-09-04,PNR,109.20399475097656
2025-09-05,PNR,109.77948760986328
2025-09-08,PNR,109.81917572021484
2025-09-09,PNR,108.2812271118164
2025-09-10,PNR,108.41021728515625
2025-09-11,PNR,111.71430969238281
2025-09-12,PNR,110.08706665039062
2025-09-15,PNR,109.78941345214844
2025-09-16,PNR,110.1466064453125
2025-09-17,PNR,108.60865783691406
2025-09-18,PNR,110.65263366699219
2025-09-19,PNR,109.44213104248047
2025-09-22,PNR,109.2337646484375
2025-09-23,PNR,109.2337646484375
2025-09-24,PNR,108.15223693847656
2025-09-25,PNR,107.46759796142578
2025-09-26,PNR,108.90632629394531
2025-09-29,PNR,108.78726196289062
2025-09-30,PNR,109.89855194091797
2025-10-01,PNR,109.64056396484375
2025-10-02,PNR,111.4861068725586
2025-10-03,PNR,111.35711669921875
2025-10-06,PNR,111.17852020263672
2025-10-07,PNR,109.79933166503906
2025-10-08,PNR,110.93045806884766
2025-10-09,PNR,108.9956283569336
2025-10-10,PNR,106.37615966796875
2025-10-13,PNR,107.98355865478516
2025-10-14,PNR,109.55127716064453
2025-10-15,PNR,109.45204162597656
2025-10-16,PNR,107.85456848144531
2025-10-17,PNR,107.9438705444336
2025-10-20,PNR,108.44990539550781
2025-10-21,PNR,108.17207336425781
2025-10-22,PNR,108.48959350585938
2025-10-23,PNR,109.8390121459961
2025-10-24,PNR,109.12300109863281
2025-10-27,PNR,108.52631378173828
2025-10-28,PNR,108.26776123046875
2025-10-29,PNR,107.02467346191406
2025-10-30,PNR,106.54732513427734
2025-10-31,PNR,105.7616958618164
2025-11-03,PNR,106.24898529052734
2025-11-04,PNR,106.58710479736328
2025-11-05,PNR,107.35284423828125
2025-11-06,PNR,106.06998443603516
2025-11-07,PNR,106.76611328125
2025-11-10,PNR,108.08876037597656
2025-11-11,PNR,107.6412353515625
2025-11-12,PNR,108.07881164550781
2025-11-13,PNR,106.15948486328125
2025-11-14,PNR,103.75287628173828
2025-11-17,PNR,101.26670837402344
2025-11-18,PNR,101.55509948730469
2025-11-19,PNR,101.952880859375
2025-11-20,PNR,100.91864013671875
2025-11-21,PNR,104.2103271484375
2025-11-24,PNR,103.53408813476562
2025-11-25,PNR,105.44346618652344
2025-11-26,PNR,105.49319458007812
2025-11-28,PNR,104.6578369140625
2025-12-01,PNR,104.47882843017578
2025-12-02,PNR,104.57828521728516
2025-12-03,PNR,105.88103485107422
2025-12-04,PNR,104.30976867675781
2025-12-05,PNR,103.67330932617188
2025-12-08,PNR,103.67330932617188
2025-12-09,PNR,101.29653930664062
2025-12-10,PNR,104.66778564453125
2025-12-11,PNR,105.30423736572266
2025-12-12,PNR,105.423583984375
2025-12-15,PNR,104.45893859863281
2025-12-16,PNR,103.8224868774414
2025-12-17,PNR,103.08658599853516
2025-12-18,PNR,102.82801055908203
2025-12-19,PNR,103.29541778564453
2025-12-22,PNR,104.68766784667969
2025-12-23,PNR,104.88656616210938
2025-12-24,PNR,104.79705810546875
2025-12-26,PNR,105.09540557861328
2025-12-29,PNR,105.21473693847656
2025-12-30,PNR,105.1948471069336
2025-12-31,PNR,103.56391906738281
2026-01-02,PNR,104.88656616210938
2026-01-05,PNR,102.10205841064453
2026-01-06,PNR,103.89209747314453
2026-01-07,PNR,99.50648498535156
2026-01-08,PNR,102.4898910522461
2026-01-09,PNR,102.4898910522461
2026-01-12,PNR,102.5097885131836
2026-01-13,PNR,102.66889953613281
2026-01-14,PNR,103.50425720214844
2026-01-15,PNR,106.3782730102539
2026-01-16,PNR,106.7064437866211
2026-01-20,PNR,103.75287628173828
2026-01-21,PNR,106.5572738647461
2026-01-22,PNR,107.54179382324219
2026-01-23,PNR,107.22277069091797
2026-01-26,PNR,107.69133758544922
2026-01-27,PNR,107.27261352539062
2026-01-28,PNR,104.85001373291016
2026-01-29,PNR,105.58776092529297
2026-01-30,PNR,105.04940795898438
2026-02-02,PNR,105.18898010253906
2026-02-03,PNR,94.50159454345703
2026-02-04,PNR,96.98401641845703
2026-02-05,PNR,94.68104553222656
2026-02-06,PNR,97.05380249023438
2026-02-09,PNR,97.22328186035156
2026-02-10,PNR,98.3199462890625
2026-02-11,PNR,100.21415710449219
2026-02-12,PNR,99.45647430419922
2026-02-13,PNR,101.06157684326172
2026-02-17,PNR,99.45647430419922
2026-02-18,PNR,101.48029327392578
2026-02-19,PNR,100.17428588867188
2026-02-20,PNR,101.71956634521484
2026-02-23,PNR,101.35069274902344
2026-02-24,PNR,102.61682891845703
2026-02-25,PNR,100.51324462890625
2026-02-26,PNR,100.13440704345703
2026-02-27,PNR,98.8882064819336
2026-03-02,PNR,97.82146453857422
2026-03-03,PNR,97.27313232421875
2026-03-04,PNR,96.63508605957031
2026-03-05,PNR,95.6780014038086
2026-03-06,PNR,91.88956451416016
2026-03-09,PNR,91.91947174072266
2026-03-10,PNR,89.88568115234375
2026-03-11,PNR,90.59352111816406
2026-03-12,PNR,88.04130554199219
2026-03-13,PNR,88.02136993408203
2026-03-16,PNR,88.51985168457031
2026-03-17,PNR,89.08811950683594
2026-03-18,PNR,88.00142669677734
2026-03-19,PNR,88.22075653076172
2026-03-20,PNR,86.22684478759766
2026-03-23,PNR,88.17091369628906
2026-03-24,PNR,87.31352996826172
2026-03-25,PNR,87.34343719482422
2026-03-26,PNR,85.66854858398438
2026-03-27,PNR,84.66162109375
2026-03-30,PNR,83.73445129394531
2026-03-31,PNR,86.84496307373047
2026-04-01,PNR,86.49602508544922
2026-04-02,PNR,85.55888366699219
2026-04-06,PNR,86.22684478759766
2026-04-07,PNR,86.79511260986328
2026-04-08,PNR,90.25455474853516
2026-04-09,PNR,90.18476867675781
2026-04-10,PNR,89.93553161621094
2026-04-13,PNR,90.92251586914062
2026-04-14,PNR,90.53369903564453
2026-04-15,PNR,88.08118438720703
2026-04-16,PNR,88.47000122070312
2026-04-17,PNR,91.08000183105469
2026-04-20,PNR,90.43000030517578
2026-04-21,PNR,89.98999786376953
2026-04-22,PNR,89.5999984741211
2026-04-23,PNR,90.4800033569336
2026-04-24,PNR,91.75
2026-04-27,PNR,92.2699966430664
2026-04-28,PNR,82.86000061035156
2026-04-29,PNR,80.83999633789062
2026-04-30,PNR,80.70999908447266
2026-05-01,PNR,79.0999984741211
2025-01-02,RMD,225.93896484375
2025-01-03,RMD,229.093505859375
2025-01-06,RMD,232.47547912597656
2025-01-07,RMD,233.7708740234375
2025-01-08,RMD,233.54345703125
2025-01-10,RMD,231.21958923339844
2025-01-13,RMD,227.69918823242188
2025-01-14,RMD,226.28509521484375
2025-01-15,RMD,230.78448486328125
2025-01-16,RMD,234.49276733398438
2025-01-17,RMD,237.11329650878906
2025-01-21,RMD,245.03421020507812
2025-01-22,RMD,244.579345703125
2025-01-23,RMD,246.1121063232422
2025-01-24,RMD,247.7239532470703
2025-01-27,RMD,251.8673553466797
2025-01-28,RMD,247.1603240966797
2025-01-29,RMD,250.04783630371094
2025-01-30,RMD,254.78456115722656
2025-01-31,RMD,233.55332946777344
2025-02-03,RMD,237.874755859375
2025-02-04,RMD,237.78573608398438
2025-02-05,RMD,239.8821563720703
2025-02-06,RMD,234.54222106933594
2025-02-07,RMD,234.30487060546875
2025-02-10,RMD,235.9068603515625
2025-02-11,RMD,234.7894287109375
2025-02-12,RMD,233.9686737060547
2025-02-13,RMD,237.34829711914062
2025-02-14,RMD,230.90618896484375
2025-02-18,RMD,228.52752685546875
2025-02-19,RMD,232.42254638671875
2025-02-20,RMD,230.7178497314453
2025-02-21,RMD,229.62767028808594
2025-02-24,RMD,227.60580444335938
2025-02-25,RMD,234.08758544921875
2025-02-26,RMD,232.52166748046875
2025-02-27,RMD,229.22128295898438
2025-02-28,RMD,231.44137573242188
2025-03-03,RMD,231.0251007080078
2025-03-04,RMD,229.4195098876953
2025-03-05,RMD,221.83761596679688
2025-03-06,RMD,223.02694702148438
2025-03-07,RMD,230.3709716796875
2025-03-10,RMD,234.523681640625
2025-03-11,RMD,223.78018188476562
2025-03-12,RMD,218.25975036621094
2025-03-13,RMD,217.7642059326172
2025-03-14,RMD,222.1646728515625
2025-03-17,RMD,222.73953247070312
2025-03-18,RMD,218.2895050048828
2025-03-19,RMD,220.07347106933594
2025-03-20,RMD,219.14181518554688
2025-03-21,RMD,217.744384765625
2025-03-24,RMD,220.9258270263672
2025-03-25,RMD,219.32022094726562
2025-03-26,RMD,219.90499877929688
2025-03-27,RMD,220.6383819580078
2025-03-28,RMD,217.9822540283203
2025-03-31,RMD,221.85743713378906
2025-04-01,RMD,220.32125854492188
2025-04-02,RMD,221.0150146484375
2025-04-03,RMD,211.45091247558594
2025-04-04,RMD,203.34371948242188
2025-04-07,RMD,211.10401916503906
2025-04-08,RMD,202.7193145751953
2025-04-09,RMD,214.51341247558594
2025-04-10,RMD,208.6758270263672
2025-04-11,RMD,212.08522033691406
2025-04-14,RMD,212.6204071044922
2025-04-15,RMD,212.06539916992188
2025-04-16,RMD,209.6074676513672
2025-04-17,RMD,211.01480102539062
2025-04-21,RMD,208.9929656982422
2025-04-22,RMD,212.17440795898438
2025-04-23,RMD,212.53121948242188
2025-04-24,RMD,233.99839782714844
2025-04-25,RMD,233.78036499023438
2025-04-28,RMD,232.05584716796875
2025-04-29,RMD,235.62380981445312
2025-04-30,RMD,234.48403930664062
2025-05-01,RMD,234.3849334716797
2025-05-02,RMD,237.81411743164062
2025-05-05,RMD,238.51780700683594
2025-05-06,RMD,239.79632568359375
2025-05-07,RMD,242.52183532714844
2025-05-08,RMD,241.44912719726562
2025-05-09,RMD,243.38595581054688
2025-05-12,RMD,245.98829650878906
2025-05-13,RMD,245.9783477783203
2025-05-14,RMD,245.3228302001953
2025-05-15,RMD,246.90208435058594
2025-05-16,RMD,249.99110412597656
2025-05-19,RMD,251.63987731933594
2025-05-20,RMD,246.46502685546875
2025-05-21,RMD,244.12098693847656
2025-05-22,RMD,243.83294677734375
2025-05-23,RMD,241.20082092285156
2025-05-27,RMD,244.55799865722656
2025-05-28,RMD,243.10784912109375
2025-05-29,RMD,243.46542358398438
2025-05-30,RMD,243.1376495361328
2025-06-02,RMD,242.38278198242188
2025-06-03,RMD,245.38241577148438
2025-06-04,RMD,248.25289916992188
2025-06-05,RMD,248.0045928955078
2025-06-06,RMD,250.49765014648438
2025-06-09,RMD,249.28587341308594
2025-06-10,RMD,250.9545440673828
2025-06-11,RMD,249.66331481933594
2025-06-12,RMD,250.50758361816406
2025-06-13,RMD,247.65695190429688
2025-06-16,RMD,249.98114013671875
2025-06-17,RMD,248.40188598632812
2025-06-18,RMD,249.18653869628906
2025-06-20,RMD,251.96763610839844
2025-06-23,RMD,252.80198669433594
2025-06-24,RMD,254.1826171875
2025-06-25,RMD,256.16912841796875
2025-06-26,RMD,254.48056030273438
2025-06-27,RMD,253.43765258789062
2025-06-30,RMD,256.25848388671875
2025-07-01,RMD,254.53025817871094
2025-07-02,RMD,254.15281677246094
2025-07-03,RMD,255.2255096435547
2025-07-07,RMD,254.67922973632812
2025-07-08,RMD,254.85800170898438
2025-07-09,RMD,254.2521209716797
2025-07-10,RMD,256.3280334472656
2025-07-11,RMD,252.6827850341797
2025-07-14,RMD,252.39474487304688
2025-07-15,RMD,250.3089141845703
2025-07-16,RMD,252.5338134765625
2025-07-17,RMD,254.6891632080078
2025-07-18,RMD,256.1790466308594
2025-07-21,RMD,259.30780029296875
2025-07-22,RMD,265.59503173828125
2025-07-23,RMD,271.5247497558594
2025-07-24,RMD,271.6538391113281
2025-07-25,RMD,273.3027038574219
2025-07-28,RMD,271.6538391113281
2025-07-29,RMD,275.8255310058594
2025-07-30,RMD,275.5672912597656
2025-07-31,RMD,270.1043701171875
2025-08-01,RMD,277.3153991699219
2025-08-04,RMD,289.4727783203125
2025-08-05,RMD,283.07623291015625
2025-08-06,RMD,278.56689453125
2025-08-07,RMD,278.2788391113281
2025-08-08,RMD,281.9836730957031
2025-08-11,RMD,282.4008483886719
2025-08-12,RMD,281.3778076171875
2025-08-13,RMD,286.3341064453125
2025-08-14,RMD,283.3879699707031
2025-08-15,RMD,283.55718994140625
2025-08-18,RMD,284.7814025878906
2025-08-19,RMD,284.7018127441406
2025-08-20,RMD,287.7076416015625
2025-08-21,RMD,286.9909973144531
2025-08-22,RMD,292.3558044433594
2025-08-25,RMD,284.462890625
2025-08-26,RMD,283.8358459472656
2025-08-27,RMD,280.640869140625
2025-08-28,RMD,274.0916748046875
2025-08-29,RMD,273.2257385253906
2025-09-02,RMD,269.72216796875
2025-09-03,RMD,267.95050048828125
2025-09-04,RMD,272.52899169921875
2025-09-05,RMD,275.7538146972656
2025-09-08,RMD,278.1525573730469
2025-09-09,RMD,277.8838195800781
2025-09-10,RMD,269.20465087890625
2025-09-11,RMD,273.3252258300781
2025-09-12,RMD,268.8761901855469
2025-09-15,RMD,269.9212646484375
2025-09-16,RMD,271.32464599609375
2025-09-17,RMD,270.4388122558594
2025-09-18,RMD,272.0114440917969
2025-09-19,RMD,271.9118957519531
2025-09-22,RMD,273.1261901855469
2025-09-23,RMD,274.320556640625
2025-09-24,RMD,272.9072265625
2025-09-25,RMD,266.0594177246094
2025-09-26,RMD,269.00555419921875
2025-09-29,RMD,269.78192138671875
2025-09-30,RMD,272.44940185546875
2025-10-01,RMD,269.5828552246094
2025-10-02,RMD,275.34576416015625
2025-10-03,RMD,277.2866516113281
2025-10-06,RMD,280.0635986328125
2025-10-07,RMD,281.9547119140625
2025-10-08,RMD,281.029052734375
2025-10-09,RMD,276.5799865722656
2025-10-10,RMD,270.72747802734375
2025-10-13,RMD,271.73272705078125
2025-10-14,RMD,268.8065185546875
2025-10-15,RMD,268.438232421875
2025-10-16,RMD,268.73681640625
2025-10-17,RMD,266.83575439453125
2025-10-20,RMD,270.1402587890625
2025-10-21,RMD,266.96514892578125
2025-10-22,RMD,265.2333068847656
2025-10-23,RMD,264.0190124511719
2025-10-24,RMD,258.2759704589844
2025-10-27,RMD,257.9972839355469
2025-10-28,RMD,255.3696746826172
2025-10-29,RMD,252.43344116210938
2025-10-30,RMD,251.07980346679688
2025-10-31,RMD,245.72499084472656
2025-11-03,RMD,247.78530883789062
2025-11-04,RMD,245.24722290039062
2025-11-05,RMD,244.07276916503906
2025-11-06,RMD,248.48202514648438
2025-11-07,RMD,250.3134307861328
2025-11-10,RMD,248.929931640625
2025-11-11,RMD,251.2490234375
2025-11-12,RMD,251.67701721191406
2025-11-13,RMD,251.52735900878906
2025-11-14,RMD,243.89505004882812
2025-11-17,RMD,244.14447021484375
2025-11-18,RMD,245.65097045898438
2025-11-19,RMD,244.423828125
2025-11-20,RMD,243.35629272460938
2025-11-21,RMD,250.17050170898438
2025-11-24,RMD,249.9410400390625
2025-11-25,RMD,255.20883178710938
2025-11-26,RMD,254.45057678222656
2025-11-28,RMD,255.23876953125
2025-12-01,RMD,247.8059844970703
2025-12-02,RMD,250.27027893066406
2025-12-03,RMD,250.85891723632812
2025-12-04,RMD,250.92874145507812
2025-12-05,RMD,255.95709228515625
2025-12-08,RMD,249.46214294433594
2025-12-09,RMD,245.95028686523438
2025-12-10,RMD,250.9187774658203
2025-12-11,RMD,251.8067169189453
2025-12-12,RMD,251.68699645996094
2025-12-15,RMD,252.4851531982422
2025-12-16,RMD,246.7683868408203
2025-12-17,RMD,245.3716278076172
2025-12-18,RMD,241.9894561767578
2025-12-19,RMD,244.37393188476562
2025-12-22,RMD,246.0999298095703
2025-12-23,RMD,244.03472900390625
2025-12-24,RMD,243.87509155273438
2025-12-26,RMD,244.1943359375
2025-12-29,RMD,242.2887725830078
2025-12-30,RMD,242.5182342529297
2025-12-31,RMD,240.31333923339844
2026-01-02,RMD,244.24423217773438
2026-01-05,RMD,244.79296875
2026-01-06,RMD,248.61410522460938
2026-01-07,RMD,247.63638305664062
2026-01-08,RMD,250.34010314941406
2026-01-09,RMD,251.88653564453125
2026-01-12,RMD,257.2441101074219
2026-01-13,RMD,254.08143615722656
2026-01-14,RMD,258.9102783203125
2026-01-15,RMD,260.0975341796875
2026-01-16,RMD,256.9847106933594
2026-01-20,RMD,252.60487365722656
2026-01-21,RMD,258.6807861328125
2026-01-22,RMD,254.75987243652344
2026-01-23,RMD,251.79673767089844
2026-01-26,RMD,254.8795928955078
2026-01-27,RMD,254.90953063964844
2026-01-28,RMD,257.1243896484375
2026-01-29,RMD,257.0146484375
2026-01-30,RMD,257.7130432128906
2026-02-02,RMD,254.1512908935547
2026-02-03,RMD,250.8289794921875
2026-02-04,RMD,262.422119140625
2026-02-05,RMD,266.4328308105469
2026-02-06,RMD,271.00225830078125
2026-02-09,RMD,275.3222351074219
2026-02-10,RMD,262.93096923828125
2026-02-11,RMD,259.0199890136719
2026-02-12,RMD,245.72999572753906
2026-02-13,RMD,252.5500030517578
2026-02-17,RMD,255.82000732421875
2026-02-18,RMD,258.9100036621094
2026-02-19,RMD,256.2900085449219
2026-02-20,RMD,259.1199951171875
2026-02-23,RMD,260.7900085449219
2026-02-24,RMD,251.6300048828125
2026-02-25,RMD,252.52999877929688
2026-02-26,RMD,257.05999755859375
2026-02-27,RMD,256.260009765625
2026-03-02,RMD,257.3900146484375
2026-03-03,RMD,258.2799987792969
2026-03-04,RMD,259.04998779296875
2026-03-05,RMD,255.32000732421875
2026-03-06,RMD,252.8699951171875
2026-03-09,RMD,252.92999267578125
2026-03-10,RMD,247.11000061035156
2026-03-11,RMD,240.14999389648438
2026-03-12,RMD,232.41000366210938
2026-03-13,RMD,230.83999633789062
2026-03-16,RMD,230.61000061035156
2026-03-17,RMD,233.5
2026-03-18,RMD,227.8800048828125
2026-03-19,RMD,227.41000366210938
2026-03-20,RMD,225.99000549316406
2026-03-23,RMD,227.97000122070312
2026-03-24,RMD,228.19000244140625
2026-03-25,RMD,226.30999755859375
2026-03-26,RMD,222.5
2026-03-27,RMD,220.47000122070312
2026-03-30,RMD,220.02999877929688
2026-03-31,RMD,224.47999572753906
2026-04-01,RMD,222.85000610351562
2026-04-02,RMD,224.08999633789062
2026-04-06,RMD,224.92999267578125
2026-04-07,RMD,226.0500030517578
2026-04-08,RMD,230.6999969482422
2026-04-09,RMD,227.97999572753906
2026-04-10,RMD,228.8699951171875
2026-04-13,RMD,230.25999450683594
2026-04-14,RMD,230.69000244140625
2026-04-15,RMD,228.8000030517578
2026-04-16,RMD,224.72000122070312
2026-04-17,RMD,228.1199951171875
2026-04-20,RMD,226.13999938964844
2026-04-21,RMD,221.22000122070312
2026-04-22,RMD,222.0399932861328
2026-04-23,RMD,219.50999450683594
2026-04-24,RMD,219.85000610351562
2026-04-27,RMD,222.02000427246094
2026-04-28,RMD,217.13999938964844
2026-04-29,RMD,211.92999267578125
2026-04-30,RMD,213.80999755859375
2026-05-01,RMD,205.02000427246094
2025-01-02,ROP,508.3006286621094
2025-01-03,ROP,509.9604797363281
2025-01-06,ROP,502.4889831542969
2025-01-07,ROP,502.4889831542969
2025-01-08,ROP,505.6598815917969
2025-01-10,ROP,498.138916015625
2025-01-13,ROP,503.3808288574219
2025-01-14,ROP,506.0463562011719
2025-01-15,ROP,513.250244140625
2025-01-16,ROP,514.3798217773438
2025-01-17,ROP,517.570556640625
2025-01-21,ROP,525.9635620117188
2025-01-22,ROP,529.5902709960938
2025-01-23,ROP,528.391357421875
2025-01-24,ROP,526.5382690429688
2025-01-27,ROP,536.4077758789062
2025-01-28,ROP,544.6223754882812
2025-01-29,ROP,538.0823974609375
2025-01-30,ROP,565.4115600585938
2025-01-31,ROP,570.4155883789062
2025-02-03,ROP,571.7930297851562
2025-02-04,ROP,572.417236328125
2025-02-05,ROP,576.1331176757812
2025-02-06,ROP,578.114990234375
2025-02-07,ROP,567.5519409179688
2025-02-10,ROP,569.2959594726562
2025-02-11,ROP,576.0637817382812
2025-02-12,ROP,561.6065063476562
2025-02-13,ROP,568.2158203125
2025-02-14,ROP,568.3644409179688
2025-02-18,ROP,567.3241577148438
2025-02-19,ROP,571.7930297851562
2025-02-20,ROP,576.1331176757812
2025-02-21,ROP,568.8302612304688
2025-02-24,ROP,571.3372192382812
2025-02-25,ROP,581.9993896484375
2025-02-26,ROP,569.9202270507812
2025-02-27,ROP,567.2943115234375
2025-02-28,ROP,579.1851806640625
2025-03-03,ROP,580.4833374023438
2025-03-04,ROP,579.5122680664062
2025-03-05,ROP,588.4105224609375
2025-03-06,ROP,582.9407348632812
2025-03-07,ROP,583.0299072265625
2025-03-10,ROP,571.2083740234375
2025-03-11,ROP,560.6056518554688
2025-03-12,ROP,561.2695922851562
2025-03-13,ROP,557.7618408203125
2025-03-14,ROP,564.1134643554688
2025-03-17,ROP,570.3562622070312
2025-03-18,ROP,571.6146850585938
2025-03-19,ROP,572.575927734375
2025-03-20,ROP,570.217529296875
2025-03-21,ROP,566.9772338867188
2025-03-24,ROP,571.4066162109375
2025-03-25,ROP,573.8045654296875
2025-03-26,ROP,577.4115600585938
2025-03-27,ROP,587.1619873046875
2025-03-28,ROP,577.3421630859375
2025-03-31,ROP,584.2190551757812
2025-04-01,ROP,585.4080810546875
2025-04-02,ROP,584.9918823242188
2025-04-03,ROP,574.4287719726562
2025-04-04,ROP,537.6386108398438
2025-04-07,ROP,528.44970703125
2025-04-08,ROP,515.2022705078125
2025-04-09,ROP,549.5066528320312
2025-04-10,ROP,545.378662109375
2025-04-11,ROP,555.8575439453125
2025-04-14,ROP,561.5336303710938
2025-04-15,ROP,562.7244873046875
2025-04-16,ROP,551.9974975585938
2025-04-17,ROP,552.9600219726562
2025-04-21,ROP,535.1281127929688
2025-04-22,ROP,547.065673828125
2025-04-23,ROP,546.8473510742188
2025-04-24,ROP,555.3613891601562
2025-04-25,ROP,553.41650390625
2025-04-28,ROP,547.7106323242188
2025-04-29,ROP,551.898193359375
2025-04-30,ROP,555.7782592773438
2025-05-01,ROP,553.3073120117188
2025-05-02,ROP,561.6923828125
2025-05-05,ROP,566.7432250976562
2025-05-06,ROP,565.3242797851562
2025-05-07,ROP,569.8790283203125
2025-05-08,ROP,570.563720703125
2025-05-09,ROP,566.0982666015625
2025-05-12,ROP,571.4171142578125
2025-05-13,ROP,572.6376953125
2025-05-14,ROP,561.5932006835938
2025-05-15,ROP,569.9882202148438
2025-05-16,ROP,578.403076171875
2025-05-19,ROP,576.0115356445312
2025-05-20,ROP,573.7689208984375
2025-05-21,ROP,568.4103393554688
2025-05-22,ROP,564.6990966796875
2025-05-23,ROP,562.6748657226562
2025-05-27,ROP,569.41259765625
2025-05-28,ROP,564.7586059570312
2025-05-29,ROP,559.9359741210938
2025-05-30,ROP,565.8899536132812
2025-06-02,ROP,562.33740234375
2025-06-03,ROP,563.5083618164062
2025-06-04,ROP,563.6473388671875
2025-06-05,ROP,565.1158447265625
2025-06-06,ROP,568.4699096679688
2025-06-09,ROP,568.6783447265625
2025-06-10,ROP,567.7852172851562
2025-06-11,ROP,565.1854248046875
2025-06-12,ROP,567.6364135742188
2025-06-13,ROP,556.4430541992188
2025-06-16,ROP,561.3153076171875
2025-06-17,ROP,558.259033203125
2025-06-18,ROP,551.4815063476562
2025-06-20,ROP,557.6735229492188
2025-06-23,ROP,561.831298828125
2025-06-24,ROP,566.6341552734375
2025-06-25,ROP,562.5855102539062
2025-06-26,ROP,560.968017578125
2025-06-27,ROP,559.181884765625
2025-06-30,ROP,562.4862670898438
2025-07-01,ROP,568.311279296875
2025-07-02,ROP,561.7321166992188
2025-07-03,ROP,568.5989990234375
2025-07-07,ROP,561.6527099609375
2025-07-08,ROP,561.0714111328125
2025-07-09,ROP,555.1585083007812
2025-07-10,ROP,546.37353515625
2025-07-11,ROP,544.048095703125
2025-07-14,ROP,544.9126586914062
2025-07-15,ROP,541.424560546875
2025-07-16,ROP,541.8319702148438
2025-07-17,ROP,542.9450073242188
2025-07-18,ROP,541.3947143554688
2025-07-21,ROP,548.4703369140625
2025-07-22,ROP,560.3260498046875
2025-07-23,ROP,553.5485229492188
2025-07-24,ROP,556.877685546875
2025-07-25,ROP,559.5211181640625
2025-07-28,ROP,555.5460205078125
2025-07-29,ROP,559.5509033203125
2025-07-30,ROP,548.897705078125
2025-07-31,ROP,546.9697875976562
2025-08-01,ROP,538.7314453125
2025-08-04,ROP,543.0145874023438
2025-08-05,ROP,534.5775146484375
2025-08-06,ROP,538.4631958007812
2025-08-07,ROP,533.3651123046875
2025-08-08,ROP,531.0496215820312
2025-08-11,ROP,524.192626953125
2025-08-12,ROP,516.2623901367188
2025-08-13,ROP,519.2734985351562
2025-08-14,ROP,521.6883544921875
2025-08-15,ROP,526.3391723632812
2025-08-18,ROP,528.9627075195312
2025-08-19,ROP,529.2708129882812
2025-08-20,ROP,537.1514282226562
2025-08-21,ROP,523.656005859375
2025-08-22,ROP,533.4943237304688
2025-08-25,ROP,526.9850463867188
2025-08-26,ROP,521.1815185546875
2025-08-27,ROP,525.365234375
2025-08-28,ROP,523.3081665039062
2025-08-29,ROP,523.0299682617188
2025-09-02,ROP,515.7555541992188
2025-09-03,ROP,520.863525390625
2025-09-04,ROP,523.8348999023438
2025-09-05,ROP,515.208984375
2025-09-08,ROP,520.1678466796875
2025-09-09,ROP,516.4312744140625
2025-09-10,ROP,510.03143310546875
2025-09-11,ROP,514.1555786132812
2025-09-12,ROP,509.3358154296875
2025-09-15,ROP,502.0813293457031
2025-09-16,ROP,499.30865478515625
2025-09-17,ROP,506.4737548828125
2025-09-18,ROP,505.8377380371094
2025-09-19,ROP,501.47509765625
2025-09-22,ROP,506.4538879394531
2025-09-23,ROP,500.8490295410156
2025-09-24,ROP,502.5284729003906
2025-09-25,ROP,491.9448547363281
2025-09-26,ROP,496.19818115234375
2025-09-29,ROP,497.837890625
2025-09-30,ROP,495.5820617675781
2025-10-01,ROP,494.8665466308594
2025-10-02,ROP,494.4888916015625
2025-10-03,ROP,497.6593017578125
2025-10-06,ROP,504.66705322265625
2025-10-07,ROP,508.23065185546875
2025-10-08,ROP,517.617431640625
2025-10-09,ROP,515.6962890625
2025-10-10,ROP,506.6678466796875
2025-10-13,ROP,510.3807373046875
2025-10-14,ROP,511.46575927734375
2025-10-15,ROP,497.4403076171875
2025-10-16,ROP,497.7886962890625
2025-10-17,ROP,502.2083435058594
2025-10-20,ROP,503.57208251953125
2025-10-21,ROP,512.16259765625
2025-10-22,ROP,506.6180725097656
2025-10-23,ROP,477.7608642578125
2025-10-24,ROP,476.606201171875
2025-10-27,ROP,461.60528564453125
2025-10-28,ROP,454.0699462890625
2025-10-29,ROP,444.2351989746094
2025-10-30,ROP,441.3683776855469
2025-10-31,ROP,444.1058044433594
2025-11-03,ROP,446.48486328125
2025-11-04,ROP,447.2513122558594
2025-11-05,ROP,443.7872619628906
2025-11-06,ROP,442.4434509277344
2025-11-07,ROP,445.0016784667969
2025-11-10,ROP,447.75897216796875
2025-11-11,ROP,441.2389831542969
2025-11-12,ROP,453.1143493652344
2025-11-13,ROP,445.698486328125
2025-11-14,ROP,447.4404602050781
2025-11-17,ROP,441.84619140625
2025-11-18,ROP,442.373779296875
2025-11-19,ROP,442.7420959472656
2025-11-20,ROP,438.8400573730469
2025-11-21,ROP,441.716796875
2025-11-24,ROP,437.6256408691406
2025-11-25,ROP,444.3646240234375
2025-11-26,ROP,444.0361022949219
2025-11-28,ROP,444.17547607421875
2025-12-01,ROP,441.54754638671875
2025-12-02,ROP,442.1149597167969
2025-12-03,ROP,443.8470153808594
2025-12-04,ROP,442.7420959472656
2025-12-05,ROP,445.50933837890625
2025-12-08,ROP,444.6632385253906
2025-12-09,ROP,438.6210632324219
2025-12-10,ROP,440.2535095214844
2025-12-11,ROP,443.7972106933594
2025-12-12,ROP,443.817138671875
2025-12-15,ROP,441.5675048828125
2025-12-16,ROP,441.7466735839844
2025-12-17,ROP,450.1678771972656
2025-12-18,ROP,448.4458312988281
2025-12-19,ROP,442.95111083984375
2025-12-22,ROP,447.1916198730469
2025-12-23,ROP,447.2811584472656
2025-12-24,ROP,449.11273193359375
2025-12-26,ROP,448.76434326171875
2025-12-29,ROP,448.7743225097656
2025-12-30,ROP,448.0177917480469
2025-12-31,ROP,443.0904846191406
2026-01-02,ROP,433.4350891113281
2026-01-05,ROP,430.5624084472656
2026-01-06,ROP,435.42999267578125
2026-01-07,ROP,436.4873046875
2026-01-08,ROP,433.3652648925781
2026-01-09,ROP,433.7043762207031
2026-01-12,ROP,431.2905578613281
2026-01-13,ROP,425.27587890625
2026-01-14,ROP,423.12139892578125
2026-01-15,ROP,413.1966857910156
2026-01-16,ROP,415.0818786621094
2026-01-20,ROP,402.7333679199219
2026-01-21,ROP,403.6310729980469
2026-01-22,ROP,406.44390869140625
2026-01-23,ROP,406.57354736328125
2026-01-26,ROP,407.630859375
2026-01-27,ROP,368.3310241699219
2026-01-28,ROP,359.45367431640625
2026-01-29,ROP,364.0718994140625
2026-01-30,ROP,370.28607177734375
2026-02-02,ROP,371.66253662109375
2026-02-03,ROP,347.93304443359375
2026-02-04,ROP,358.79534912109375
2026-02-05,ROP,350.1075134277344
2026-02-06,ROP,361.49847412109375
2026-02-09,ROP,350.815673828125
2026-02-10,ROP,347.9530029296875
2026-02-11,ROP,332.95123291015625
2026-02-12,ROP,319.00677490234375
2026-02-13,ROP,320.5927429199219
2026-02-17,ROP,314.7276916503906
2026-02-18,ROP,326.7669982910156
2026-02-19,ROP,331.15582275390625
2026-02-20,ROP,334.9361877441406
2026-02-23,ROP,334.8464050292969
2026-02-24,ROP,336.8413391113281
2026-02-25,ROP,343.36468505859375
2026-02-26,ROP,351.25457763671875
2026-02-27,ROP,348.8407287597656
2026-03-02,ROP,353.030029296875
2026-03-03,ROP,355.09478759765625
2026-03-04,ROP,360.35137939453125
2026-03-05,ROP,365.08929443359375
2026-03-06,ROP,366.5655517578125
2026-03-09,ROP,362.1368408203125
2026-03-10,ROP,352.9701843261719
2026-03-11,ROP,351.35430908203125
2026-03-12,ROP,345.8982238769531
2026-03-13,ROP,350.1075134277344
2026-03-16,ROP,351.3044738769531
2026-03-17,ROP,351.9927062988281
2026-03-18,ROP,349.8980407714844
2026-03-19,ROP,352.36175537109375
2026-03-20,ROP,352.7806701660156
2026-03-23,ROP,352.5812072753906
2026-03-24,ROP,345.0503845214844
2026-03-25,ROP,345.83837890625
2026-03-26,ROP,350.1773376464844
2026-03-27,ROP,343.54425048828125
2026-03-30,ROP,351.0650634765625
2026-03-31,ROP,352.960205078125
2026-04-01,ROP,354.9651184082031
2026-04-02,ROP,356.9700012207031
2026-04-06,ROP,360.19000244140625
2026-04-07,ROP,358.8299865722656
2026-04-08,ROP,355.8500061035156
2026-04-09,ROP,349.8800048828125
2026-04-10,ROP,343.1499938964844
2026-04-13,ROP,356.3500061035156
2026-04-14,ROP,354.0
2026-04-15,ROP,358.0899963378906
2026-04-16,ROP,361.8800048828125
2026-04-17,ROP,362.44000244140625
2026-04-20,ROP,359.8699951171875
2026-04-21,ROP,362.92999267578125
2026-04-22,ROP,364.7300109863281
2026-04-23,ROP,363.760009765625
2026-04-24,ROP,353.3999938964844
2026-04-27,ROP,352.45001220703125
2026-04-28,ROP,354.1199951171875
2026-04-29,ROP,355.9700012207031
2026-04-30,ROP,354.80999755859375
2026-05-01,ROP,358.2200012207031
2025-01-02,SLB,37.00339126586914
2025-01-03,SLB,37.18647766113281
2025-01-06,SLB,37.35029602050781
2025-01-07,SLB,37.9381103515625
2025-01-08,SLB,37.39848327636719
2025-01-10,SLB,37.21538543701172
2025-01-13,SLB,38.40065002441406
2025-01-14,SLB,38.419925689697266
2025-01-15,SLB,39.16191864013672
2025-01-16,SLB,39.59555435180664
2025-01-17,SLB,41.994991302490234
2025-01-21,SLB,42.14917755126953
2025-01-22,SLB,40.11591720581055
2025-01-23,SLB,40.50136947631836
2025-01-24,SLB,40.71336364746094
2025-01-27,SLB,40.99281692504883
2025-01-28,SLB,39.81719207763672
2025-01-29,SLB,39.45101547241211
2025-01-30,SLB,39.528106689453125
2025-01-31,SLB,38.81501388549805
2025-02-03,SLB,38.69938278198242
2025-02-04,SLB,39.720829010009766
2025-02-05,SLB,39.59953689575195
2025-02-06,SLB,38.86207580566406
2025-02-07,SLB,38.96881866455078
2025-02-10,SLB,39.987667083740234
2025-02-11,SLB,40.54076385498047
2025-02-12,SLB,40.22055435180664
2025-02-13,SLB,40.831871032714844
2025-02-14,SLB,40.511653900146484
2025-02-18,SLB,41.38496017456055
2025-02-19,SLB,40.928897857666016
2025-02-20,SLB,41.33644104003906
2025-02-21,SLB,40.501949310302734
2025-02-24,SLB,40.29817581176758
2025-02-25,SLB,39.793601989746094
2025-02-26,SLB,39.39576721191406
2025-02-27,SLB,39.69656753540039
2025-02-28,SLB,40.4243278503418
2025-03-03,SLB,38.63890075683594
2025-03-04,SLB,37.92084884643555
2025-03-05,SLB,38.260467529296875
2025-03-06,SLB,38.58068084716797
2025-03-07,SLB,40.142921447753906
2025-03-10,SLB,39.91974639892578
2025-03-11,SLB,38.89119338989258
2025-03-12,SLB,38.86207580566406
2025-03-13,SLB,38.74563980102539
2025-03-14,SLB,39.88093566894531
2025-03-17,SLB,40.20114517211914
2025-03-18,SLB,39.9100456237793
2025-03-19,SLB,39.86153030395508
2025-03-20,SLB,40.05559158325195
2025-03-21,SLB,39.774200439453125
2025-03-24,SLB,40.463134765625
2025-03-25,SLB,41.02593231201172
2025-03-26,SLB,41.161781311035156
2025-03-27,SLB,40.85127258300781
2025-03-28,SLB,40.63780212402344
2025-03-31,SLB,40.56017303466797
2025-04-01,SLB,40.948307037353516
2025-04-02,SLB,40.93860626220703
2025-04-03,SLB,38.046993255615234
2025-04-04,SLB,33.74839401245117
2025-04-07,SLB,32.15703582763672
2025-04-08,SLB,31.00233268737793
2025-04-09,SLB,34.91279220581055
2025-04-10,SLB,31.574832916259766
2025-04-11,SLB,32.95271301269531
2025-04-14,SLB,32.91389846801758
2025-04-15,SLB,32.758644104003906
2025-04-16,SLB,33.137081146240234
2025-04-17,SLB,34.068603515625
2025-04-21,SLB,33.5931396484375
2025-04-22,SLB,33.58343505859375
2025-04-23,SLB,33.020633697509766
2025-04-24,SLB,33.893943786621094
2025-04-25,SLB,33.4961051940918
2025-04-28,SLB,33.08856201171875
2025-04-29,SLB,33.098262786865234
2025-04-30,SLB,32.263771057128906
2025-05-01,SLB,32.73924255371094
2025-05-02,SLB,33.69987487792969
2025-05-05,SLB,32.758644104003906
2025-05-06,SLB,32.583988189697266
2025-05-07,SLB,32.5063591003418
2025-05-08,SLB,33.302032470703125
2025-05-09,SLB,33.525211334228516
2025-05-12,SLB,34.786651611328125
2025-05-13,SLB,35.038944244384766
2025-05-14,SLB,34.9419059753418
2025-05-15,SLB,34.6605110168457
2025-05-16,SLB,34.70902633666992
2025-05-19,SLB,34.068603515625
2025-05-20,SLB,33.544620513916016
2025-05-21,SLB,32.86538314819336
2025-05-22,SLB,32.74894332885742
2025-05-23,SLB,32.66161346435547
2025-05-27,SLB,32.92359924316406
2025-05-28,SLB,32.583988189697266
2025-05-29,SLB,32.68102264404297
2025-05-30,SLB,32.069705963134766
2025-06-02,SLB,32.35110092163086
2025-06-03,SLB,33.098262786865234
2025-06-04,SLB,32.52583312988281
2025-06-05,SLB,32.36927032470703
2025-06-06,SLB,33.142295837402344
2025-06-09,SLB,33.386924743652344
2025-06-10,SLB,34.7568473815918
2025-06-11,SLB,34.923194885253906
2025-06-12,SLB,34.86448669433594
2025-06-13,SLB,35.520084381103516
2025-06-16,SLB,35.138465881347656
2025-06-17,SLB,35.30481719970703
2025-06-18,SLB,35.07975387573242
2025-06-20,SLB,35.06997299194336
2025-06-23,SLB,33.005306243896484
2025-06-24,SLB,32.78024673461914
2025-06-25,SLB,32.46712112426758
2025-06-26,SLB,33.1031608581543
2025-06-27,SLB,33.2792854309082
2025-06-30,SLB,33.07379913330078
2025-07-01,SLB,34.44371795654297
2025-07-02,SLB,35.138465881347656
2025-07-03,SLB,34.884056091308594
2025-07-07,SLB,34.199092864990234
2025-07-08,SLB,35.75493240356445
2025-07-09,SLB,35.471160888671875
2025-07-10,SLB,35.862571716308594
2025-07-11,SLB,36.50838851928711
2025-07-14,SLB,35.44180679321289
2025-07-15,SLB,34.31651306152344
2025-07-16,SLB,33.84682846069336
2025-07-17,SLB,33.925106048583984
2025-07-18,SLB,32.6041145324707
2025-07-21,SLB,32.81938552856445
2025-07-22,SLB,33.61198043823242
2025-07-23,SLB,34.385009765625
2025-07-24,SLB,34.48286437988281
2025-07-25,SLB,34.707923889160156
2025-07-28,SLB,35.22653579711914
2025-07-29,SLB,34.86448669433594
2025-07-30,SLB,33.435848236083984
2025-07-31,SLB,33.07379913330078
2025-08-01,SLB,32.33991622924805
2025-08-04,SLB,32.1735725402832
2025-08-05,SLB,32.78024673461914
2025-08-06,SLB,32.153995513916016
2025-08-07,SLB,32.08550262451172
2025-08-08,SLB,32.163780212402344
2025-08-11,SLB,31.674524307250977
2025-08-12,SLB,32.232276916503906
2025-08-13,SLB,32.82917022705078
2025-08-14,SLB,32.506263732910156
2025-08-15,SLB,32.28120422363281
2025-08-18,SLB,32.58454513549805
2025-08-19,SLB,32.62368392944336
2025-08-20,SLB,32.64325714111328
2025-08-21,SLB,33.083587646484375
2025-08-22,SLB,34.844913482666016
2025-08-25,SLB,34.884056091308594
2025-08-26,SLB,34.5611457824707
2025-08-27,SLB,35.20695877075195
2025-08-28,SLB,35.69622039794922
2025-08-29,SLB,36.04848861694336
2025-09-02,SLB,35.128684997558594
2025-09-03,SLB,34.52207946777344
2025-09-04,SLB,35.518287658691406
2025-09-05,SLB,35.33088302612305
2025-09-08,SLB,35.29142761230469
2025-09-09,SLB,35.29142761230469
2025-09-10,SLB,35.66624069213867
2025-09-11,SLB,35.53801727294922
2025-09-12,SLB,35.08429718017578
2025-09-15,SLB,34.295223236083984
2025-09-16,SLB,34.75880432128906
2025-09-17,SLB,34.31494903564453
2025-09-18,SLB,34.26563262939453
2025-09-19,SLB,33.959861755371094
2025-09-22,SLB,33.456825256347656
2025-09-23,SLB,34.019046783447266
2025-09-24,SLB,34.13740921020508
2025-09-25,SLB,34.117679595947266
2025-09-26,SLB,35.03498077392578
2025-09-29,SLB,34.630577087402344
2025-09-30,SLB,33.90068435668945
2025-10-01,SLB,34.6108512878418
2025-10-02,SLB,33.64423370361328
2025-10-03,SLB,33.79218673706055
2025-10-06,SLB,34.117679595947266
2025-10-07,SLB,33.94013977050781
2025-10-08,SLB,33.50614929199219
2025-10-09,SLB,32.677616119384766
2025-10-10,SLB,31.286869049072266
2025-10-13,SLB,31.829360961914062
2025-10-14,SLB,32.12525939941406
2025-10-15,SLB,32.12525939941406
2025-10-16,SLB,32.470481872558594
2025-10-17,SLB,32.184444427490234
2025-10-20,SLB,32.97351837158203
2025-10-21,SLB,33.06229019165039
2025-10-22,SLB,34.4234504699707
2025-10-23,SLB,35.518287658691406
2025-10-24,SLB,35.34075164794922
2025-10-27,SLB,35.66624069213867
2025-10-28,SLB,35.370338439941406
2025-10-29,SLB,36.32709503173828
2025-10-30,SLB,35.82405471801758
2025-10-31,SLB,35.56760787963867
2025-11-03,SLB,36.51449966430664
2025-11-04,SLB,35.62678527832031
2025-11-05,SLB,36.0509147644043
2025-11-06,SLB,35.86351013183594
2025-11-07,SLB,36.1594123840332
2025-11-10,SLB,36.406002044677734
2025-11-11,SLB,37.09644317626953
2025-11-12,SLB,35.57747268676758
2025-11-13,SLB,35.81419372558594
2025-11-14,SLB,36.43558883666992
2025-11-17,SLB,35.311153411865234
2025-11-18,SLB,35.54787826538086
2025-11-19,SLB,35.370338439941406
2025-11-20,SLB,34.7094841003418
2025-11-21,SLB,35.695831298828125
2025-11-24,SLB,35.22238540649414
2025-11-25,SLB,35.409793853759766
2025-11-26,SLB,35.17306900024414
2025-11-28,SLB,35.745147705078125
2025-12-01,SLB,36.10023498535156
2025-12-02,SLB,35.86351013183594
2025-12-03,SLB,37.329864501953125
2025-12-04,SLB,37.896522521972656
2025-12-05,SLB,38.234527587890625
2025-12-08,SLB,38.01581954956055
2025-12-09,SLB,38.07546615600586
2025-12-10,SLB,39.6959114074707
2025-12-11,SLB,40.10350799560547
2025-12-12,SLB,39.218727111816406
2025-12-15,SLB,38.67195129394531
2025-12-16,SLB,37.38951110839844
2025-12-17,SLB,38.30411911010742
2025-12-18,SLB,37.906463623046875
2025-12-19,SLB,37.85675811767578
2025-12-22,SLB,38.10529327392578
2025-12-23,SLB,37.97605514526367
2025-12-24,SLB,37.74740219116211
2025-12-26,SLB,37.568458557128906
2025-12-29,SLB,37.67781448364258
2025-12-30,SLB,38.32400131225586
2025-12-31,SLB,38.154998779296875
2026-01-02,SLB,39.96432876586914
2026-01-05,SLB,43.5432243347168
2026-01-06,SLB,43.37422180175781
2026-01-07,SLB,42.121604919433594
2026-01-08,SLB,44.16952896118164
2026-01-09,SLB,44.93501663208008
2026-01-12,SLB,44.885311126708984
2026-01-13,SLB,45.63091278076172
2026-01-14,SLB,46.69464111328125
2026-01-15,SLB,46.2969856262207
2026-01-16,SLB,46.45604705810547
2026-01-20,SLB,46.17768859863281
2026-01-21,SLB,48.23555374145508
2026-01-22,SLB,49.030860900878906
2026-01-23,SLB,48.86186218261719
2026-01-26,SLB,49.408634185791016
2026-01-27,SLB,50.363006591796875
2026-01-28,SLB,48.583499908447266
2026-01-29,SLB,48.16596221923828
2026-01-30,SLB,48.09637451171875
2026-02-02,SLB,47.768306732177734
2026-02-03,SLB,49.46828079223633
2026-02-04,SLB,51.0489616394043
2026-02-05,SLB,49.21974563598633
2026-02-06,SLB,50.402774810791016
2026-02-09,SLB,50.243709564208984
2026-02-10,SLB,50.025001525878906
2026-02-11,SLB,51.560001373291016
2026-02-12,SLB,50.63999938964844
2026-02-13,SLB,50.38999938964844
2026-02-17,SLB,49.84000015258789
2026-02-18,SLB,51.59000015258789
2026-02-19,SLB,51.540000915527344
2026-02-20,SLB,50.849998474121094
2026-02-23,SLB,51.2400016784668
2026-02-24,SLB,51.849998474121094
2026-02-25,SLB,51.65999984741211
2026-02-26,SLB,51.4900016784668
2026-02-27,SLB,51.34000015258789
2026-03-02,SLB,51.27000045776367
2026-03-03,SLB,48.58000183105469
2026-03-04,SLB,47.88999938964844
2026-03-05,SLB,47.400001525878906
2026-03-06,SLB,46.900001525878906
2026-03-09,SLB,47.189998626708984
2026-03-10,SLB,48.11000061035156
2026-03-11,SLB,48.16999816894531
2026-03-12,SLB,44.560001373291016
2026-03-13,SLB,44.720001220703125
2026-03-16,SLB,44.959999084472656
2026-03-17,SLB,46.130001068115234
2026-03-18,SLB,45.31999969482422
2026-03-19,SLB,47.81999969482422
2026-03-20,SLB,46.630001068115234
2026-03-23,SLB,49.25
2026-03-24,SLB,50.5099983215332
2026-03-25,SLB,51.88999938964844
2026-03-26,SLB,52.310001373291016
2026-03-27,SLB,53.5
2026-03-30,SLB,51.529998779296875
2026-03-31,SLB,51.38999938964844
2026-04-01,SLB,50.029998779296875
2026-04-02,SLB,49.439998626708984
2026-04-06,SLB,49.779998779296875
2026-04-07,SLB,50.349998474121094
2026-04-08,SLB,51.880001068115234
2026-04-09,SLB,52.540000915527344
2026-04-10,SLB,51.91999816894531
2026-04-13,SLB,51.91999816894531
2026-04-14,SLB,51.4900016784668
2026-04-15,SLB,52.41999816894531
2026-04-16,SLB,51.72999954223633
2026-04-17,SLB,52.65999984741211
2026-04-20,SLB,52.20000076293945
2026-04-21,SLB,52.77000045776367
2026-04-22,SLB,54.349998474121094
2026-04-23,SLB,54.7400016784668
2026-04-24,SLB,56.150001525878906
2026-04-27,SLB,55.22999954223633
2026-04-28,SLB,55.650001525878906
2026-04-29,SLB,55.70000076293945
2026-04-30,SLB,56.880001068115234
2026-05-01,SLB,56.91999816894531
2025-01-02,SPY,576.2802734375
2025-01-03,SPY,583.4857788085938
2025-01-06,SPY,586.8469848632812
2025-01-07,SPY,580.2133178710938
2025-01-08,SPY,581.0609741210938
2025-01-10,SPY,572.1896362304688
2025-01-13,SPY,573.0768432617188
2025-01-14,SPY,573.8653564453125
2025-01-15,SPY,584.303955078125
2025-01-16,SPY,583.1802368164062
2025-01-17,SPY,589.0353393554688
2025-01-21,SPY,594.4270629882812
2025-01-22,SPY,597.7686157226562
2025-01-23,SPY,601.03125
2025-01-24,SPY,599.2767333984375
2025-01-27,SPY,590.7997436523438
2025-01-28,SPY,595.8760986328125
2025-01-29,SPY,593.204833984375
2025-01-30,SPY,596.3886108398438
2025-01-31,SPY,593.2146606445312
2025-02-03,SPY,589.2225341796875
2025-02-04,SPY,593.17529296875
2025-02-05,SPY,595.5803833007812
2025-02-06,SPY,597.650390625
2025-02-07,SPY,592.1797485351562
2025-02-10,SPY,596.2012939453125
2025-02-11,SPY,596.6547241210938
2025-02-12,SPY,594.732666015625
2025-02-13,SPY,601.0115356445312
2025-02-14,SPY,600.98193359375
2025-02-18,SPY,602.7463989257812
2025-02-19,SPY,604.1658325195312
2025-02-20,SPY,601.6522827148438
2025-02-21,SPY,591.361572265625
2025-02-24,SPY,588.6705932617188
2025-02-25,SPY,585.7431030273438
2025-02-26,SPY,586.0386962890625
2025-02-27,SPY,576.6843872070312
2025-02-28,SPY,585.6839599609375
2025-03-03,SPY,575.4227905273438
2025-03-04,SPY,568.611572265625
2025-03-05,SPY,574.722900390625
2025-03-06,SPY,564.52099609375
2025-03-07,SPY,567.6849975585938
2025-03-10,SPY,552.564453125
2025-03-11,SPY,547.970947265625
2025-03-12,SPY,550.8787841796875
2025-03-13,SPY,543.5353393554688
2025-03-14,SPY,554.7625122070312
2025-03-17,SPY,559.0404052734375
2025-03-18,SPY,552.998046875
2025-03-19,SPY,559.0206298828125
2025-03-20,SPY,557.4041137695312
2025-03-21,SPY,557.5880126953125
2025-03-24,SPY,567.5736083984375
2025-03-25,SPY,568.93798828125
2025-03-26,SPY,562.1458740234375
2025-03-27,SPY,560.6529541015625
2025-03-28,SPY,549.3623046875
2025-03-31,SPY,553.0501098632812
2025-04-01,SPY,554.6121826171875
2025-04-02,SPY,558.1219482421875
2025-04-03,SPY,530.6172485351562
2025-04-04,SPY,499.5533447265625
2025-04-07,SPY,498.66357421875
2025-04-08,SPY,490.8531188964844
2025-04-09,SPY,542.4021606445312
2025-04-10,SPY,518.6346435546875
2025-04-11,SPY,527.888427734375
2025-04-14,SPY,533.0098266601562
2025-04-15,SPY,531.5169067382812
2025-04-16,SPY,519.7023315429688
2025-04-17,SPY,520.44384765625
2025-04-21,SPY,508.0558776855469
2025-04-22,SPY,521.2743530273438
2025-04-23,SPY,529.3516845703125
2025-04-24,SPY,540.4940185546875
2025-04-25,SPY,544.3992919921875
2025-04-28,SPY,544.6068115234375
2025-04-29,SPY,548.0375366210938
2025-04-30,SPY,548.2550048828125
2025-05-01,SPY,552.1405029296875
2025-05-02,SPY,560.3365478515625
2025-05-05,SPY,557.1234741210938
2025-05-06,SPY,552.4667358398438
2025-05-07,SPY,554.7902221679688
2025-05-08,SPY,558.6558227539062
2025-05-09,SPY,557.9440307617188
2025-05-12,SPY,576.3826293945312
2025-05-13,SPY,580.1890258789062
2025-05-14,SPY,580.9304809570312
2025-05-15,SPY,583.7679443359375
2025-05-16,SPY,587.465576171875
2025-05-19,SPY,588.108154296875
2025-05-20,SPY,586.130859375
2025-05-21,SPY,576.2540893554688
2025-05-22,SPY,576.4814453125
2025-05-23,SPY,572.5465087890625
2025-05-27,SPY,584.4501342773438
2025-05-28,SPY,581.06884765625
2025-05-29,SPY,583.3626098632812
2025-05-30,SPY,582.7100830078125
2025-06-02,SPY,585.992431640625
2025-06-03,SPY,589.3341064453125
2025-06-04,SPY,589.1759643554688
2025-06-05,SPY,586.3285522460938
2025-06-06,SPY,592.3495483398438
2025-06-09,SPY,592.8834228515625
2025-06-10,SPY,596.2449340820312
2025-06-11,SPY,594.54443359375
2025-06-12,SPY,596.9072875976562
2025-06-13,SPY,590.23388671875
2025-06-16,SPY,595.8494262695312
2025-06-17,SPY,590.7578735351562
2025-06-18,SPY,590.6688232421875
2025-06-20,SPY,589.2816772460938
2025-06-23,SPY,595.1021728515625
2025-06-24,SPY,601.6764526367188
2025-06-25,SPY,602.0135498046875
2025-06-26,SPY,606.7236938476562
2025-06-27,SPY,609.7380981445312
2025-06-30,SPY,612.6533203125
2025-07-01,SPY,612.455078125
2025-07-02,SPY,615.2315063476562
2025-07-03,SPY,620.0804443359375
2025-07-07,SPY,615.4595336914062
2025-07-08,SPY,615.1224365234375
2025-07-09,SPY,618.8110961914062
2025-07-10,SPY,620.5562744140625
2025-07-11,SPY,618.3748168945312
2025-07-14,SPY,619.5548095703125
2025-07-15,SPY,616.9072875976562
2025-07-16,SPY,618.9697265625
2025-07-17,SPY,622.7576293945312
2025-07-18,SPY,622.301513671875
2025-07-21,SPY,623.4815063476562
2025-07-22,SPY,623.5707397460938
2025-07-23,SPY,628.875732421875
2025-07-24,SPY,629.083984375
2025-07-25,SPY,631.7413940429688
2025-07-28,SPY,631.5828247070312
2025-07-29,SPY,629.9169311523438
2025-07-30,SPY,629.1236572265625
2025-07-31,SPY,626.763671875
2025-08-01,SPY,616.4907836914062
2025-08-04,SPY,625.8612670898438
2025-08-05,SPY,622.688232421875
2025-08-06,SPY,627.4578247070312
2025-08-07,SPY,626.9322509765625
2025-08-08,SPY,631.82080078125
2025-08-11,SPY,630.5713500976562
2025-08-12,SPY,637.284423828125
2025-08-13,SPY,639.4659423828125
2025-08-14,SPY,639.5254516601562
2025-08-15,SPY,638.0281372070312
2025-08-18,SPY,637.8893432617188
2025-08-19,SPY,634.4286499023438
2025-08-20,SPY,632.742919921875
2025-08-21,SPY,630.2044677734375
2025-08-22,SPY,639.8823852539062
2025-08-25,SPY,637.0662231445312
2025-08-26,SPY,639.733642578125
2025-08-27,SPY,641.1912841796875
2025-08-28,SPY,643.4620361328125
2025-08-29,SPY,639.6245727539062
2025-09-02,SPY,634.884765625
2025-09-03,SPY,638.3255615234375
2025-09-04,SPY,643.660400390625
2025-09-05,SPY,641.7960815429688
2025-09-08,SPY,643.3728637695312
2025-09-09,SPY,644.8601684570312
2025-09-10,SPY,646.724365234375
2025-09-11,SPY,652.0987548828125
2025-09-12,SPY,651.8805541992188
2025-09-15,SPY,655.3511962890625
2025-09-16,SPY,654.4488525390625
2025-09-17,SPY,653.6357421875
2025-09-18,SPY,656.6898193359375
2025-09-19,SPY,659.9423217773438
2025-09-22,SPY,663.0645141601562
2025-09-23,SPY,659.4551391601562
2025-09-24,SPY,657.3569946289062
2025-09-25,SPY,654.3242797851562
2025-09-26,SPY,658.072998046875
2025-09-29,SPY,659.9224243164062
2025-09-30,SPY,662.4082641601562
2025-10-01,SPY,664.6654663085938
2025-10-02,SPY,665.4309692382812
2025-10-03,SPY,665.421142578125
2025-10-06,SPY,667.8074951171875
2025-10-07,SPY,665.3316040039062
2025-10-08,SPY,669.2990112304688
2025-10-09,SPY,667.3600463867188
2025-10-10,SPY,649.32275390625
2025-10-13,SPY,659.2860107421875
2025-10-14,SPY,658.4805908203125
2025-10-15,SPY,661.4039916992188
2025-10-16,SPY,656.899658203125
2025-10-17,SPY,660.62841796875
2025-10-20,SPY,667.499267578125
2025-10-21,SPY,667.4892578125
2025-10-22,SPY,664.0191040039062
2025-10-23,SPY,667.9566650390625
2025-10-24,SPY,673.4155883789062
2025-10-27,SPY,681.3603515625
2025-10-28,SPY,683.1700439453125
2025-10-29,SPY,683.4981689453125
2025-10-30,SPY,675.98095703125
2025-10-31,SPY,678.1983642578125
2025-11-03,SPY,679.4711303710938
2025-11-04,SPY,671.4169921875
2025-11-05,SPY,673.7437133789062
2025-11-06,SPY,666.514892578125
2025-11-07,SPY,667.1710815429688
2025-11-10,SPY,677.5819091796875
2025-11-11,SPY,679.1329956054688
2025-11-12,SPY,679.5108642578125
2025-11-13,SPY,668.2350463867188
2025-11-14,SPY,668.125732421875
2025-11-17,SPY,661.901123046875
2025-11-18,SPY,656.3428344726562
2025-11-19,SPY,658.87841796875
2025-11-20,SPY,648.8355712890625
2025-11-21,SPY,655.2987670898438
2025-11-24,SPY,664.9437866210938
2025-11-25,SPY,671.1981811523438
2025-11-26,SPY,675.8318481445312
2025-11-28,SPY,679.5208129882812
2025-12-01,SPY,676.4185180664062
2025-12-02,SPY,677.67138671875
2025-12-03,SPY,680.0180053710938
2025-12-04,SPY,680.51513671875
2025-12-05,SPY,681.8078002929688
2025-12-08,SPY,679.7594604492188
2025-12-09,SPY,679.1727294921875
2025-12-10,SPY,683.6771850585938
2025-12-11,SPY,685.26806640625
2025-12-12,SPY,677.9000244140625
2025-12-15,SPY,676.8758544921875
2025-12-16,SPY,675.0264282226562
2025-12-17,SPY,667.5986938476562
2025-12-18,SPY,672.6399536132812
2025-12-19,SPY,678.7363891601562
2025-12-22,SPY,682.96484375
2025-12-23,SPY,686.0863037109375
2025-12-24,SPY,688.4996948242188
2025-12-26,SPY,688.4298706054688
2025-12-29,SPY,685.9765625
2025-12-30,SPY,685.138916015625
2025-12-31,SPY,680.062744140625
2026-01-02,SPY,681.309326171875
2026-01-05,SPY,685.846923828125
2026-01-06,SPY,689.92578125
2026-01-07,SPY,687.701904296875
2026-01-08,SPY,687.632080078125
2026-01-09,SPY,692.1796264648438
2026-01-12,SPY,693.2666625976562
2026-01-13,SPY,691.8804931640625
2026-01-14,SPY,688.479736328125
2026-01-15,SPY,690.3546142578125
2026-01-16,SPY,689.7761840820312
2026-01-20,SPY,675.7345581054688
2026-01-21,SPY,683.5332641601562
2026-01-22,SPY,687.103515625
2026-01-23,SPY,687.352783203125
2026-01-26,SPY,690.84326171875
2026-01-27,SPY,693.5957641601562
2026-01-28,SPY,693.5259399414062
2026-01-29,SPY,692.1497192382812
2026-01-30,SPY,690.0853271484375
2026-02-02,SPY,693.5159912109375
2026-02-03,SPY,687.6520385742188
2026-02-04,SPY,684.3211059570312
2026-02-05,SPY,675.7744750976562
2026-02-06,SPY,688.739013671875
2026-02-09,SPY,692.0599975585938
2026-02-10,SPY,690.2349243164062
2026-02-11,SPY,690.075439453125
2026-02-12,SPY,679.41455078125
2026-02-13,SPY,679.8931884765625
2026-02-17,SPY,680.9901733398438
2026-02-18,SPY,684.4208374023438
2026-02-19,SPY,682.61572265625
2026-02-20,SPY,687.5523071289062
2026-02-23,SPY,680.531494140625
2026-02-24,SPY,685.4779052734375
2026-02-25,SPY,691.26220703125
2026-02-26,SPY,687.422607421875
2026-02-27,SPY,684.1216430664062
2026-03-02,SPY,684.5106201171875
2026-03-03,SPY,678.4771118164062
2026-03-04,SPY,683.2639770507812
2026-03-05,SPY,679.4544067382812
2026-03-06,SPY,670.5487060546875
2026-03-09,SPY,676.4227294921875
2026-03-10,SPY,675.3356323242188
2026-03-11,SPY,674.4879760742188
2026-03-12,SPY,664.2459106445312
2026-03-13,SPY,660.4862060546875
2026-03-16,SPY,667.2078857421875
2026-03-17,SPY,668.9630126953125
2026-03-18,SPY,659.6285400390625
2026-03-19,SPY,658.0029907226562
2026-03-20,SPY,648.5700073242188
2026-03-23,SPY,655.3800048828125
2026-03-24,SPY,653.1799926757812
2026-03-25,SPY,656.8200073242188
2026-03-26,SPY,645.0900268554688
2026-03-27,SPY,634.0900268554688
2026-03-30,SPY,631.969970703125
2026-03-31,SPY,650.3400268554688
2026-04-01,SPY,655.239990234375
2026-04-02,SPY,655.8300170898438
2026-04-06,SPY,658.9299926757812
2026-04-07,SPY,659.219970703125
2026-04-08,SPY,676.010009765625
2026-04-09,SPY,679.9099731445312
2026-04-10,SPY,679.4600219726562
2026-04-13,SPY,686.0999755859375
2026-04-14,SPY,694.4600219726562
2026-04-15,SPY,699.9400024414062
2026-04-16,SPY,701.6599731445312
2026-04-17,SPY,710.1400146484375
2026-04-20,SPY,708.719970703125
2026-04-21,SPY,704.0800170898438
2026-04-22,SPY,711.2100219726562
2026-04-23,SPY,708.4500122070312
2026-04-24,SPY,713.9400024414062
2026-04-27,SPY,715.1699829101562
2026-04-28,SPY,711.6900024414062
2026-04-29,SPY,711.5800170898438
2026-04-30,SPY,718.6599731445312
2026-05-01,SPY,720.6500244140625
2025-01-02,STLD,109.99003601074219
2025-01-03,STLD,111.18889617919922
2025-01-06,STLD,116.583740234375
2025-01-07,STLD,117.73345184326172
2025-01-08,STLD,114.46116638183594
2025-01-10,STLD,114.31377410888672
2025-01-13,STLD,121.13347625732422
2025-01-14,STLD,121.37915802001953
2025-01-15,STLD,122.97107696533203
2025-01-16,STLD,122.83350372314453
2025-01-17,STLD,123.64911651611328
2025-01-21,STLD,122.52887725830078
2025-01-22,STLD,120.76007080078125
2025-01-23,STLD,120.24909210205078
2025-01-24,STLD,120.22943878173828
2025-01-27,STLD,119.89533233642578
2025-01-28,STLD,124.84796905517578
2025-01-29,STLD,126.93122863769531
2025-01-30,STLD,128.44454956054688
2025-01-31,STLD,125.97804260253906
2025-02-03,STLD,125.70289611816406
2025-02-04,STLD,124.1895751953125
2025-02-05,STLD,127.1769027709961
2025-02-06,STLD,126.72486114501953
2025-02-07,STLD,124.51386260986328
2025-02-10,STLD,130.56710815429688
2025-02-11,STLD,132.52261352539062
2025-02-12,STLD,130.00697326660156
2025-02-13,STLD,130.57693481445312
2025-02-14,STLD,133.47579956054688
2025-02-18,STLD,136.64979553222656
2025-02-19,STLD,134.38967895507812
2025-02-20,STLD,132.72897338867188
2025-02-21,STLD,128.44454956054688
2025-02-24,STLD,130.84225463867188
2025-02-25,STLD,131.16653442382812
2025-02-26,STLD,131.16653442382812
2025-02-27,STLD,131.0093231201172
2025-02-28,STLD,132.72897338867188
2025-03-03,STLD,128.2381591796875
2025-03-04,STLD,124.17975616455078
2025-03-05,STLD,125.50636291503906
2025-03-06,STLD,123.07917022705078
2025-03-07,STLD,122.86297607421875
2025-03-10,STLD,117.33056640625
2025-03-11,STLD,118.66698455810547
2025-03-12,STLD,121.38898468017578
2025-03-13,STLD,121.11383056640625
2025-03-14,STLD,124.93641662597656
2025-03-17,STLD,122.7745361328125
2025-03-18,STLD,124.88726806640625
2025-03-19,STLD,126.29249572753906
2025-03-20,STLD,124.44507598876953
2025-03-21,STLD,120.54388427734375
2025-03-24,STLD,124.46472930908203
2025-03-25,STLD,125.78150939941406
2025-03-26,STLD,126.11560821533203
2025-03-27,STLD,125.77168273925781
2025-03-28,STLD,121.82135772705078
2025-03-31,STLD,123.40985107421875
2025-04-01,STLD,122.34427642822266
2025-04-02,STLD,125.65940856933594
2025-04-03,STLD,114.51028442382812
2025-04-04,STLD,107.75176239013672
2025-04-07,STLD,109.55731964111328
2025-04-08,STLD,108.75814056396484
2025-04-09,STLD,121.0123062133789
2025-04-10,STLD,115.92119598388672
2025-04-11,STLD,118.80221557617188
2025-04-14,STLD,117.16437530517578
2025-04-15,STLD,116.66118621826172
2025-04-16,STLD,115.64493560791016
2025-04-17,STLD,116.71051788330078
2025-04-21,STLD,112.0338134765625
2025-04-22,STLD,115.82254028320312
2025-04-23,STLD,120.85443115234375
2025-04-24,STLD,125.67913818359375
2025-04-25,STLD,125.63966369628906
2025-04-28,STLD,126.2316665649414
2025-04-29,STLD,127.55377960205078
2025-04-30,STLD,127.9780502319336
2025-05-01,STLD,128.55027770996094
2025-05-02,STLD,133.13819885253906
2025-05-05,STLD,131.34249877929688
2025-05-06,STLD,129.4185333251953
2025-05-07,STLD,128.95481872558594
2025-05-08,STLD,127.89910125732422
2025-05-09,STLD,128.76734924316406
2025-05-12,STLD,134.7069549560547
2025-05-13,STLD,133.61178588867188
2025-05-14,STLD,131.93447875976562
2025-05-15,STLD,132.013427734375
2025-05-16,STLD,132.98033142089844
2025-05-19,STLD,134.24322509765625
2025-05-20,STLD,133.57232666015625
2025-05-21,STLD,130.44464111328125
2025-05-22,STLD,128.15562438964844
2025-05-23,STLD,123.64664459228516
2025-05-27,STLD,127.02098083496094
2025-05-28,STLD,125.0279541015625
2025-05-29,STLD,123.47892761230469
2025-05-30,STLD,121.42668914794922
2025-06-02,STLD,133.89791870117188
2025-06-03,STLD,135.01283264160156
2025-06-04,STLD,133.16778564453125
2025-06-05,STLD,130.3361358642578
2025-06-06,STLD,131.77662658691406
2025-06-09,STLD,131.84568786621094
2025-06-10,STLD,132.02328491210938
2025-06-11,STLD,128.29376220703125
2025-06-12,STLD,130.0894775390625
2025-06-13,STLD,131.69769287109375
2025-06-16,STLD,130.35585021972656
2025-06-17,STLD,131.38197326660156
2025-06-18,STLD,128.3726806640625
2025-06-20,STLD,124.21891021728516
2025-06-23,STLD,125.72847747802734
2025-06-24,STLD,126.5079345703125
2025-06-25,STLD,126.76445770263672
2025-06-26,STLD,129.744140625
2025-06-27,STLD,129.45802307128906
2025-06-30,STLD,126.78385925292969
2025-07-01,STLD,128.9132843017578
2025-07-02,STLD,132.77590942382812
2025-07-03,STLD,131.96377563476562
2025-07-07,STLD,132.21139526367188
2025-07-08,STLD,134.73695373535156
2025-07-09,STLD,134.77658081054688
2025-07-10,STLD,136.05419921875
2025-07-11,STLD,133.7762451171875
2025-07-14,STLD,131.94395446777344
2025-07-15,STLD,127.62572479248047
2025-07-16,STLD,126.24903869628906
2025-07-17,STLD,129.89378356933594
2025-07-18,STLD,130.36920166015625
2025-07-21,STLD,133.2414093017578
2025-07-22,STLD,130.97335815429688
2025-07-23,STLD,129.46791076660156
2025-07-24,STLD,125.61517333984375
2025-07-25,STLD,129.5768585205078
2025-07-28,STLD,128.9825897216797
2025-07-29,STLD,126.2985610961914
2025-07-30,STLD,126.22923278808594
2025-07-31,STLD,126.33818054199219
2025-08-01,STLD,121.19789123535156
2025-08-04,STLD,120.19756317138672
2025-08-05,STLD,122.3467788696289
2025-08-06,STLD,121.05923461914062
2025-08-07,STLD,120.90076446533203
2025-08-08,STLD,121.84165954589844
2025-08-11,STLD,121.23751068115234
2025-08-12,STLD,124.3969497680664
2025-08-13,STLD,128.00209045410156
2025-08-14,STLD,126.25894165039062
2025-08-15,STLD,125.20909881591797
2025-08-18,STLD,124.70398712158203
2025-08-19,STLD,126.99185943603516
2025-08-20,STLD,124.24838256835938
2025-08-21,STLD,124.555419921875
2025-08-22,STLD,131.4091339111328
2025-08-25,STLD,132.00338745117188
2025-08-26,STLD,130.46823120117188
2025-08-27,STLD,131.42893981933594
2025-08-28,STLD,130.3097686767578
2025-08-29,STLD,129.66598510742188
2025-09-02,STLD,127.78418731689453
2025-09-03,STLD,128.34872436523438
2025-09-04,STLD,129.60655212402344
2025-09-05,STLD,133.34046936035156
2025-09-08,STLD,133.25131225585938
2025-09-09,STLD,129.04202270507812
2025-09-10,STLD,131.44874572753906
2025-09-11,STLD,132.70660400390625
2025-09-12,STLD,129.39857482910156
2025-09-15,STLD,130.3196563720703
2025-09-16,STLD,138.3321990966797
2025-09-17,STLD,135.53919982910156
2025-09-18,STLD,138.5005340576172
2025-09-19,STLD,137.93601989746094
2025-09-22,STLD,137.73793029785156
2025-09-23,STLD,135.3807373046875
2025-09-24,STLD,135.06378173828125
2025-09-25,STLD,134.78646850585938
2025-09-26,STLD,138.29257202148438
2025-09-29,STLD,137.5497589111328
2025-09-30,STLD,138.59344482421875
2025-10-01,STLD,140.15403747558594
2025-10-02,STLD,143.523681640625
2025-10-03,STLD,144.219482421875
2025-10-06,STLD,140.78025817871094
2025-10-07,STLD,141.87364196777344
2025-10-08,STLD,145.67074584960938
2025-10-09,STLD,146.8933563232422
2025-10-10,STLD,140.3826446533203
2025-10-13,STLD,144.66677856445312
2025-10-14,STLD,146.09814453125
2025-10-15,STLD,145.17373657226562
2025-10-16,STLD,141.7941131591797
2025-10-17,STLD,141.89352416992188
2025-10-20,STLD,145.40234375
2025-10-21,STLD,152.89712524414062
2025-10-22,STLD,147.66867065429688
2025-10-23,STLD,149.8157196044922
2025-10-24,STLD,152.03233337402344
2025-10-27,STLD,157.07191467285156
2025-10-28,STLD,160.10362243652344
2025-10-29,STLD,162.4892120361328
2025-10-30,STLD,157.23094177246094
2025-10-31,STLD,155.85923767089844
2025-11-03,STLD,155.03421020507812
2025-11-04,STLD,150.71031188964844
2025-11-05,STLD,153.20526123046875
2025-11-06,STLD,152.0025177001953
2025-11-07,STLD,151.0283966064453
2025-11-10,STLD,151.51544189453125
2025-11-11,STLD,151.46575927734375
2025-11-12,STLD,156.90293884277344
2025-11-13,STLD,153.66249084472656
2025-11-14,STLD,154.47756958007812
2025-11-17,STLD,154.13961791992188
2025-11-18,STLD,153.682373046875
2025-11-19,STLD,154.52728271484375
2025-11-20,STLD,152.19137573242188
2025-11-21,STLD,157.21107482910156
2025-11-24,STLD,160.222900390625
2025-11-25,STLD,163.26454162597656
2025-11-26,STLD,165.6203155517578
2025-11-28,STLD,166.82305908203125
2025-12-01,STLD,166.6143035888672
2025-12-02,STLD,166.62425231933594
2025-12-03,STLD,170.47103881835938
2025-12-04,STLD,167.10137939453125
2025-12-05,STLD,164.22872924804688
2025-12-08,STLD,165.14320373535156
2025-12-09,STLD,164.43743896484375
2025-12-10,STLD,170.20265197753906
2025-12-11,STLD,171.97198486328125
2025-12-12,STLD,170.93821716308594
2025-12-15,STLD,167.9363250732422
2025-12-16,STLD,168.11526489257812
2025-12-17,STLD,171.70359802246094
2025-12-18,STLD,173.53256225585938
2025-12-19,STLD,173.23435974121094
2025-12-22,STLD,174.70545959472656
2025-12-23,STLD,176.13682556152344
2025-12-24,STLD,174.3277587890625
2025-12-26,STLD,174.40728759765625
2025-12-29,STLD,171.84275817871094
2025-12-30,STLD,170.0038604736328
2025-12-31,STLD,168.92718505859375
2026-01-02,STLD,175.5167999267578
2026-01-05,STLD,171.2998504638672
2026-01-06,STLD,172.20704650878906
2026-01-07,STLD,167.31219482421875
2026-01-08,STLD,171.6288299560547
2026-01-09,STLD,168.7477569580078
2026-01-12,STLD,168.8275146484375
2026-01-13,STLD,169.31597900390625
2026-01-14,STLD,170.2730255126953
2026-01-15,STLD,174.56973266601562
2026-01-16,STLD,173.04444885253906
2026-01-20,STLD,171.2799072265625
2026-01-21,STLD,179.27517700195312
2026-01-22,STLD,178.25831604003906
2026-01-23,STLD,180.7605743408203
2026-01-26,STLD,172.78526306152344
2026-01-27,STLD,175.10806274414062
2026-01-28,STLD,173.84197998046875
2026-01-29,STLD,181.4085693359375
2026-01-30,STLD,179.01597595214844
2026-02-02,STLD,185.9744415283203
2026-02-03,STLD,192.3546905517578
2026-02-04,STLD,198.2664031982422
2026-02-05,STLD,192.4244842529297
2026-02-06,STLD,201.76556396484375
2026-02-09,STLD,202.12445068359375
2026-02-10,STLD,200.49948120117188
2026-02-11,STLD,205.1450958251953
2026-02-12,STLD,198.89443969726562
2026-02-13,STLD,191.08859252929688
2026-02-17,STLD,191.32786560058594
2026-02-18,STLD,192.1453399658203
2026-02-19,STLD,189.99200439453125
2026-02-20,STLD,192.7933349609375
2026-02-23,STLD,195.40524291992188
2026-02-24,STLD,190.28109741210938
2026-02-25,STLD,190.93907165527344
2026-02-26,STLD,191.926025390625
2026-02-27,STLD,192.5341339111328
2026-03-02,STLD,200.88827514648438
2026-03-03,STLD,196.84080505371094
2026-03-04,STLD,193.31173706054688
2026-03-05,STLD,189.3938446044922
2026-03-06,STLD,181.0496826171875
2026-03-09,STLD,181.79736328125
2026-03-10,STLD,181.6278839111328
2026-03-11,STLD,183.69149780273438
2026-03-12,STLD,174.5597686767578
2026-03-13,STLD,170.0736541748047
2026-03-16,STLD,173.74229431152344
2026-03-17,STLD,172.09738159179688
2026-03-18,STLD,168.22935485839844
2026-03-19,STLD,167.0430145263672
2026-03-20,STLD,163.44415283203125
2026-03-23,STLD,166.12586975097656
2026-03-24,STLD,169.17642211914062
2026-03-25,STLD,172.93479919433594
2026-03-26,STLD,173.88185119628906
2026-03-27,STLD,170.4425048828125
2026-03-30,STLD,171.25
2026-03-31,STLD,180.0
2026-04-01,STLD,182.85000610351562
2026-04-02,STLD,180.1999969482422
2026-04-06,STLD,176.52999877929688
2026-04-07,STLD,177.19000244140625
2026-04-08,STLD,187.55999755859375
2026-04-09,STLD,190.0
2026-04-10,STLD,190.57000732421875
2026-04-13,STLD,195.47000122070312
2026-04-14,STLD,195.3000030517578
2026-04-15,STLD,194.11000061035156
2026-04-16,STLD,195.75
2026-04-17,STLD,200.32000732421875
2026-04-20,STLD,209.35000610351562
2026-04-21,STLD,220.2100067138672
2026-04-22,STLD,227.4600067138672
2026-04-23,STLD,225.0500030517578
2026-04-24,STLD,226.7899932861328
2026-04-27,STLD,225.0399932861328
2026-04-28,STLD,226.9600067138672
2026-04-29,STLD,224.3699951171875
2026-04-30,STLD,228.66000366210938
2026-05-01,STLD,229.27000427246094
2025-01-02,TAP,54.58588409423828
2025-01-03,TAP,52.74408721923828
2025-01-06,TAP,53.402549743652344
2025-01-07,TAP,52.66774368286133
2025-01-08,TAP,53.04945755004883
2025-01-10,TAP,50.043418884277344
2025-01-13,TAP,51.35081481933594
2025-01-14,TAP,51.713443756103516
2025-01-15,TAP,51.980648040771484
2025-01-16,TAP,52.46733856201172
2025-01-17,TAP,52.70591354370117
2025-01-21,TAP,53.19260787963867
2025-01-22,TAP,52.371910095214844
2025-01-23,TAP,51.5703010559082
2025-01-24,TAP,52.63911437988281
2025-01-27,TAP,54.070560455322266
2025-01-28,TAP,52.390995025634766
2025-01-29,TAP,52.438716888427734
2025-01-30,TAP,52.70591354370117
2025-01-31,TAP,52.24784469604492
2025-02-03,TAP,50.95000076293945
2025-02-04,TAP,50.530113220214844
2025-02-05,TAP,50.84503173828125
2025-02-06,TAP,51.86613082885742
2025-02-07,TAP,51.780242919921875
2025-02-10,TAP,51.198123931884766
2025-02-11,TAP,51.532127380371094
2025-02-12,TAP,51.00726318359375
2025-02-13,TAP,55.86464309692383
2025-02-14,TAP,57.601463317871094
2025-02-18,TAP,57.859127044677734
2025-02-19,TAP,57.39151382446289
2025-02-20,TAP,57.6396369934082
2025-02-21,TAP,57.572845458984375
2025-02-24,TAP,58.403072357177734
2025-02-25,TAP,58.040443420410156
2025-02-26,TAP,59.22377014160156
2025-02-27,TAP,59.175697326660156
2025-02-28,TAP,58.935298919677734
2025-03-03,TAP,58.935298919677734
2025-03-04,TAP,57.290992736816406
2025-03-05,TAP,57.021751403808594
2025-03-06,TAP,57.11791229248047
2025-03-07,TAP,59.483402252197266
2025-03-10,TAP,60.49305725097656
2025-03-11,TAP,58.07949447631836
2025-03-12,TAP,57.09867858886719
2025-03-13,TAP,56.502498626708984
2025-03-14,TAP,57.32945251464844
2025-03-17,TAP,57.08905792236328
2025-03-18,TAP,56.67558288574219
2025-03-19,TAP,56.05055618286133
2025-03-20,TAP,56.723663330078125
2025-03-21,TAP,56.62750244140625
2025-03-24,TAP,56.99290466308594
2025-03-25,TAP,56.502498626708984
2025-03-26,TAP,58.23334884643555
2025-03-27,TAP,58.617977142333984
2025-03-28,TAP,58.20449447631836
2025-03-31,TAP,58.53143310546875
2025-04-01,TAP,58.88722229003906
2025-04-02,TAP,59.569942474365234
2025-04-03,TAP,60.06034851074219
2025-04-04,TAP,58.80067825317383
2025-04-07,TAP,58.04102325439453
2025-04-08,TAP,56.26210021972656
2025-04-09,TAP,58.25257873535156
2025-04-10,TAP,57.64677810668945
2025-04-11,TAP,58.35834503173828
2025-04-14,TAP,58.32950210571289
2025-04-15,TAP,57.22368621826172
2025-04-16,TAP,56.45442199707031
2025-04-17,TAP,56.492881774902344
2025-04-21,TAP,55.704383850097656
2025-04-22,TAP,56.7332763671875
2025-04-23,TAP,56.44480514526367
2025-04-24,TAP,56.10824966430664
2025-04-25,TAP,54.6177978515625
2025-04-28,TAP,54.52164077758789
2025-04-29,TAP,54.86781311035156
2025-04-30,TAP,55.31975173950195
2025-05-01,TAP,55.050514221191406
2025-05-02,TAP,55.348602294921875
2025-05-05,TAP,55.23320770263672
2025-05-06,TAP,54.713958740234375
2025-05-07,TAP,54.65626525878906
2025-05-08,TAP,52.175384521484375
2025-05-09,TAP,52.53117370605469
2025-05-12,TAP,52.8388786315918
2025-05-13,TAP,53.06003952026367
2025-05-14,TAP,53.358131408691406
2025-05-15,TAP,54.10816192626953
2025-05-16,TAP,54.66587448120117
2025-05-19,TAP,54.435096740722656
2025-05-20,TAP,54.76203536987305
2025-05-21,TAP,53.50236511230469
2025-05-22,TAP,52.22346496582031
2025-05-23,TAP,51.93498611450195
2025-05-27,TAP,52.108070373535156
2025-05-28,TAP,50.925331115722656
2025-05-29,TAP,51.636898040771484
2025-05-30,TAP,51.5311279296875
2025-06-02,TAP,50.83878707885742
2025-06-03,TAP,50.74263000488281
2025-06-04,TAP,50.74263000488281
2025-06-05,TAP,49.867591857910156
2025-06-06,TAP,50.45951843261719
2025-06-09,TAP,50.556556701660156
2025-06-10,TAP,50.663299560546875
2025-06-11,TAP,50.22662353515625
2025-06-12,TAP,49.99374008178711
2025-06-13,TAP,49.09129333496094
2025-06-16,TAP,48.1500244140625
2025-06-17,TAP,47.87832260131836
2025-06-18,TAP,47.3640251159668
2025-06-20,TAP,46.62653350830078
2025-06-23,TAP,46.62653350830078
2025-06-24,TAP,46.791500091552734
2025-06-25,TAP,45.84053421020508
2025-06-26,TAP,45.84053421020508
2025-06-27,TAP,46.03460693359375
2025-06-30,TAP,46.66535186767578
2025-07-01,TAP,47.61631774902344
2025-07-02,TAP,48.0723991394043
2025-07-03,TAP,47.97535705566406
2025-07-07,TAP,47.54839324951172
2025-07-08,TAP,47.917137145996094
2025-07-09,TAP,48.08210372924805
2025-07-10,TAP,48.33440399169922
2025-07-11,TAP,48.518768310546875
2025-07-14,TAP,48.00447082519531
2025-07-15,TAP,47.59690856933594
2025-07-16,TAP,48.208248138427734
2025-07-17,TAP,48.84870147705078
2025-07-18,TAP,48.576995849609375
2025-07-21,TAP,48.47995376586914
2025-07-22,TAP,50.11018753051758
2025-07-23,TAP,50.53715133666992
2025-07-24,TAP,49.36299514770508
2025-07-25,TAP,49.67351150512695
2025-07-28,TAP,48.441139221191406
2025-07-29,TAP,49.12040328979492
2025-07-30,TAP,47.85891342163086
2025-07-31,TAP,47.27669143676758
2025-08-01,TAP,46.781795501708984
2025-08-04,TAP,47.16994857788086
2025-08-05,TAP,47.761878967285156
2025-08-06,TAP,48.7225456237793
2025-08-07,TAP,48.03358459472656
2025-08-08,TAP,49.18832778930664
2025-08-11,TAP,48.81958770751953
2025-08-12,TAP,49.527957916259766
2025-08-13,TAP,50.1781120300293
2025-08-14,TAP,49.71232986450195
2025-08-15,TAP,49.89670181274414
2025-08-18,TAP,49.6055908203125
2025-08-19,TAP,50.02284622192383
2025-08-20,TAP,49.79966354370117
2025-08-21,TAP,50.20722198486328
2025-08-22,TAP,51.245521545410156
2025-08-25,TAP,50.08107376098633
2025-08-26,TAP,48.83899688720703
2025-08-27,TAP,49.61529541015625
2025-08-28,TAP,48.73225402832031
2025-08-29,TAP,48.99425506591797
2025-09-02,TAP,48.7613639831543
2025-09-03,TAP,48.33440399169922
2025-09-04,TAP,48.431434631347656
2025-09-05,TAP,49.36205291748047
2025-09-08,TAP,48.862457275390625
2025-09-09,TAP,48.44123077392578
2025-09-10,TAP,48.04938888549805
2025-09-11,TAP,48.12775802612305
2025-09-12,TAP,47.43224334716797
2025-09-15,TAP,46.844482421875
2025-09-16,TAP,46.46243667602539
2025-09-17,TAP,45.9040641784668
2025-09-18,TAP,45.9432487487793
2025-09-19,TAP,45.6199836730957
2025-09-22,TAP,44.17017364501953
2025-09-23,TAP,43.190574645996094
2025-09-24,TAP,44.385684967041016
2025-09-25,TAP,43.50404739379883
2025-09-26,TAP,43.91547775268555
2025-09-29,TAP,44.826507568359375
2025-09-30,TAP,44.326908111572266
2025-10-01,TAP,45.090999603271484
2025-10-02,TAP,45.237937927246094
2025-10-03,TAP,45.44365310668945
2025-10-06,TAP,44.71875
2025-10-07,TAP,45.237937927246094
2025-10-08,TAP,44.669769287109375
2025-10-09,TAP,45.071407318115234
2025-10-10,TAP,45.032222747802734
2025-10-13,TAP,45.090999603271484
2025-10-14,TAP,45.77671813964844
2025-10-15,TAP,45.4240608215332
2025-10-16,TAP,46.08039474487305
2025-10-17,TAP,46.36448287963867
2025-10-20,TAP,45.64936828613281
2025-10-21,TAP,45.59059524536133
2025-10-22,TAP,45.63957214355469
2025-10-23,TAP,44.689361572265625
2025-10-24,TAP,44.51303482055664
2025-10-27,TAP,44.346500396728516
2025-10-28,TAP,44.30731964111328
2025-10-29,TAP,42.622406005859375
2025-10-30,TAP,42.75954818725586
2025-10-31,TAP,42.828121185302734
2025-11-03,TAP,42.338321685791016
2025-11-04,TAP,42.77914047241211
2025-11-05,TAP,44.258338928222656
2025-11-06,TAP,43.190574645996094
2025-11-07,TAP,45.38488006591797
2025-11-10,TAP,45.88447570800781
2025-11-11,TAP,46.19794464111328
2025-11-12,TAP,45.032222747802734
2025-11-13,TAP,45.92365646362305
2025-11-14,TAP,45.49263381958008
2025-11-17,TAP,44.689361572265625
2025-11-18,TAP,45.5024299621582
2025-11-19,TAP,44.346500396728516
2025-11-20,TAP,44.542423248291016
2025-11-21,TAP,45.16936492919922
2025-11-24,TAP,45.28691864013672
2025-11-25,TAP,45.44365310668945
2025-11-26,TAP,45.65916442871094
2025-11-28,TAP,45.56120681762695
2025-12-01,TAP,45.95304489135742
2025-12-02,TAP,45.55141067504883
2025-12-03,TAP,45.296714782714844
2025-12-04,TAP,44.640380859375
2025-12-05,TAP,44.67007827758789
2025-12-08,TAP,46.14488983154297
2025-12-09,TAP,44.759159088134766
2025-12-10,TAP,46.3725471496582
2025-12-11,TAP,46.58041000366211
2025-12-12,TAP,47.11490249633789
2025-12-15,TAP,47.18418884277344
2025-12-16,TAP,47.3227653503418
2025-12-17,TAP,47.57021713256836
2025-12-18,TAP,47.20398712158203
2025-12-19,TAP,47.194087982177734
2025-12-22,TAP,46.07560348510742
2025-12-23,TAP,45.5609016418457
2025-12-24,TAP,45.85784912109375
2025-12-26,TAP,45.946929931640625
2025-12-29,TAP,46.13499450683594
2025-12-30,TAP,46.323055267333984
2025-12-31,TAP,46.204280853271484
2026-01-02,TAP,46.91694259643555
2026-01-05,TAP,45.838050842285156
2026-01-06,TAP,45.71927261352539
2026-01-07,TAP,45.47182083129883
2026-01-08,TAP,46.768470764160156
2026-01-09,TAP,47.639503479003906
2026-01-12,TAP,48.35216522216797
2026-01-13,TAP,48.69860076904297
2026-01-14,TAP,49.9754524230957
2026-01-15,TAP,50.123924255371094
2026-01-16,TAP,48.451148986816406
2026-01-20,TAP,49.49044418334961
2026-01-21,TAP,49.91606521606445
2026-01-22,TAP,49.252891540527344
2026-01-23,TAP,48.847068786621094
2026-01-26,TAP,48.63920974731445
2026-01-27,TAP,47.96614074707031
2026-01-28,TAP,47.25347900390625
2026-01-29,TAP,47.085208892822266
2026-01-30,TAP,47.55042266845703
2026-02-02,TAP,47.93644714355469
2026-02-03,TAP,48.81737518310547
2026-02-04,TAP,50.7870979309082
2026-02-05,TAP,50.60893249511719
2026-02-06,TAP,51.23250961303711
2026-02-09,TAP,50.35157775878906
2026-02-10,TAP,51.499755859375
2026-02-11,TAP,52.72712326049805
2026-02-12,TAP,53.825809478759766
2026-02-13,TAP,52.67763137817383
2026-02-17,TAP,50.38127517700195
2026-02-18,TAP,50.30208969116211
2026-02-19,TAP,47.85725784301758
2026-02-20,TAP,49.351871490478516
2026-02-23,TAP,48.96584701538086
2026-02-24,TAP,49.38156509399414
2026-02-25,TAP,47.025821685791016
2026-02-26,TAP,47.55042266845703
2026-02-27,TAP,48.49074172973633
2026-03-02,TAP,48.09481430053711
2026-03-03,TAP,47.57021713256836
2026-03-04,TAP,46.84765625
2026-03-05,TAP,46.619998931884766
2026-03-06,TAP,46.63999938964844
2026-03-09,TAP,46.0099983215332
2026-03-10,TAP,45.869998931884766
2026-03-11,TAP,44.970001220703125
2026-03-12,TAP,43.689998626708984
2026-03-13,TAP,43.61000061035156
2026-03-16,TAP,42.099998474121094
2026-03-17,TAP,42.599998474121094
2026-03-18,TAP,41.900001525878906
2026-03-19,TAP,42.279998779296875
2026-03-20,TAP,41.400001525878906
2026-03-23,TAP,41.939998626708984
2026-03-24,TAP,41.15999984741211
2026-03-25,TAP,41.27000045776367
2026-03-26,TAP,41.90999984741211
2026-03-27,TAP,43.400001525878906
2026-03-30,TAP,42.91999816894531
2026-03-31,TAP,43.060001373291016
2026-04-01,TAP,42.900001525878906
2026-04-02,TAP,44.040000915527344
2026-04-06,TAP,44.459999084472656
2026-04-07,TAP,45.04999923706055
2026-04-08,TAP,43.900001525878906
2026-04-09,TAP,44.68000030517578
2026-04-10,TAP,45.04999923706055
2026-04-13,TAP,44.650001525878906
2026-04-14,TAP,43.65999984741211
2026-04-15,TAP,44.310001373291016
2026-04-16,TAP,44.16999816894531
2026-04-17,TAP,44.59000015258789
2026-04-20,TAP,44.290000915527344
2026-04-21,TAP,43.59000015258789
2026-04-22,TAP,42.70000076293945
2026-04-23,TAP,42.869998931884766
2026-04-24,TAP,42.439998626708984
2026-04-27,TAP,42.59000015258789
2026-04-28,TAP,42.560001373291016
2026-04-29,TAP,42.40999984741211
2026-04-30,TAP,42.7400016784668
2026-05-01,TAP,42.13999938964844
2025-01-02,TMO,520.2142333984375
2025-01-03,TMO,529.6216430664062
2025-01-06,TMO,534.768310546875
2025-01-07,TMO,543.190185546875
2025-01-08,TMO,542.4734497070312
2025-01-10,TMO,539.865234375
2025-01-13,TMO,553.0157470703125
2025-01-14,TMO,554.4790649414062
2025-01-15,TMO,548.9840087890625
2025-01-16,TMO,559.1777954101562
2025-01-17,TMO,557.1270751953125
2025-01-21,TMO,570.4766845703125
2025-01-22,TMO,571.999755859375
2025-01-23,TMO,572.258544921875
2025-01-24,TMO,572.2286376953125
2025-01-27,TMO,581.0089721679688
2025-01-28,TMO,581.6559448242188
2025-01-29,TMO,565.6683959960938
2025-01-30,TMO,604.0047607421875
2025-01-31,TMO,595.0552978515625
2025-02-03,TMO,591.0733642578125
2025-02-04,TMO,577.9527587890625
2025-02-05,TMO,579.7545776367188
2025-02-06,TMO,570.1282348632812
2025-02-07,TMO,568.8937377929688
2025-02-10,TMO,550.3675537109375
2025-02-11,TMO,542.7720336914062
2025-02-12,TMO,535.57470703125
2025-02-13,TMO,530.23876953125
2025-02-14,TMO,529.4523315429688
2025-02-18,TMO,520.7318725585938
2025-02-19,TMO,528.4669189453125
2025-02-20,TMO,535.4054565429688
2025-02-21,TMO,530.1492919921875
2025-02-24,TMO,533.1356811523438
2025-02-25,TMO,537.11767578125
2025-02-26,TMO,530.8858642578125
2025-02-27,TMO,520.8712158203125
2025-02-28,TMO,526.575439453125
2025-03-03,TMO,521.2794189453125
2025-03-04,TMO,514.2413330078125
2025-03-05,TMO,521.826904296875
2025-03-06,TMO,525.2613525390625
2025-03-07,TMO,529.31298828125
2025-03-10,TMO,524.4251098632812
2025-03-11,TMO,511.8819885253906
2025-03-12,TMO,510.3389587402344
2025-03-13,TMO,506.6058349609375
2025-03-14,TMO,520.135986328125
2025-03-17,TMO,517.6651611328125
2025-03-18,TMO,519.5880737304688
2025-03-19,TMO,516.5093383789062
2025-03-20,TMO,516.7385864257812
2025-03-21,TMO,515.8218994140625
2025-03-24,TMO,517.9940185546875
2025-03-25,TMO,512.454345703125
2025-03-26,TMO,511.7867431640625
2025-03-27,TMO,509.8040466308594
2025-03-28,TMO,498.3262939453125
2025-03-31,TMO,495.77569580078125
2025-04-01,TMO,481.1993408203125
2025-04-02,TMO,487.2669982910156
2025-04-03,TMO,468.3067932128906
2025-04-04,TMO,436.3045349121094
2025-04-07,TMO,436.2646789550781
2025-04-08,TMO,417.7727355957031
2025-04-09,TMO,451.88720703125
2025-04-10,TMO,425.8729248046875
2025-04-11,TMO,436.54364013671875
2025-04-14,TMO,447.6826171875
2025-04-15,TMO,439.38323974609375
2025-04-16,TMO,435.1886291503906
2025-04-17,TMO,425.9327087402344
2025-04-21,TMO,420.303466796875
2025-04-22,TMO,433.1361999511719
2025-04-23,TMO,430.05755615234375
2025-04-24,TMO,425.0957946777344
2025-04-25,TMO,422.6846618652344
2025-04-28,TMO,419.7952880859375
2025-04-29,TMO,425.96258544921875
2025-04-30,TMO,427.42718505859375
2025-05-01,TMO,418.3506164550781
2025-05-02,TMO,421.9971923828125
2025-05-05,TMO,420.7218322753906
2025-05-06,TMO,405.5277404785156
2025-05-07,TMO,406.3547668457031
2025-05-08,TMO,409.2740173339844
2025-05-09,TMO,401.65203857421875
2025-05-12,TMO,431.0040588378906
2025-05-13,TMO,427.3774108886719
2025-05-14,TMO,404.56134033203125
2025-05-15,TMO,403.4454345703125
2025-05-16,TMO,410.5492858886719
2025-05-19,TMO,412.4024658203125
2025-05-20,TMO,412.2331237792969
2025-05-21,TMO,396.81982421875
2025-05-22,TMO,399.01177978515625
2025-05-23,TMO,392.2167663574219
2025-05-27,TMO,402.07049560546875
2025-05-28,TMO,400.6557312011719
2025-05-29,TMO,402.2697448730469
2025-05-30,TMO,401.3431701660156
2025-06-02,TMO,395.0164794921875
2025-06-03,TMO,398.4637451171875
2025-06-04,TMO,402.18011474609375
2025-06-05,TMO,396.8995361328125
2025-06-06,TMO,400.4265441894531
2025-06-09,TMO,407.0322570800781
2025-06-10,TMO,413.02020263671875
2025-06-11,TMO,413.6279602050781
2025-06-12,TMO,413.8073425292969
2025-06-13,TMO,401.69927978515625
2025-06-16,TMO,404.0131530761719
2025-06-17,TMO,389.23223876953125
2025-06-18,TMO,391.526123046875
2025-06-20,TMO,396.8321228027344
2025-06-23,TMO,399.156005859375
2025-06-24,TMO,403.3050537109375
2025-06-25,TMO,409.5685119628906
2025-06-26,TMO,411.03460693359375
2025-06-27,TMO,407.20477294921875
2025-06-30,TMO,404.3921813964844
2025-07-01,TMO,420.3600158691406
2025-07-02,TMO,426.6334533691406
2025-07-03,TMO,428.19927978515625
2025-07-07,TMO,417.5972900390625
2025-07-08,TMO,425.04766845703125
2025-07-09,TMO,418.7742004394531
2025-07-10,TMO,429.5956115722656
2025-07-11,TMO,433.7147521972656
2025-07-14,TMO,424.2198486328125
2025-07-15,TMO,416.88916015625
2025-07-16,TMO,415.2135925292969
2025-07-17,TMO,423.86077880859375
2025-07-18,TMO,413.6576843261719
2025-07-21,TMO,403.8735656738281
2025-07-22,TMO,426.49383544921875
2025-07-23,TMO,465.4808654785156
2025-07-24,TMO,473.7789611816406
2025-07-25,TMO,477.060302734375
2025-07-28,TMO,483.68280029296875
2025-07-29,TMO,480.89019775390625
2025-07-30,TMO,476.0230407714844
2025-07-31,TMO,466.44830322265625
2025-08-01,TMO,461.8205871582031
2025-08-04,TMO,465.34124755859375
2025-08-05,TMO,465.191650390625
2025-08-06,TMO,447.7576904296875
2025-08-07,TMO,453.5423889160156
2025-08-08,TMO,459.5066833496094
2025-08-11,TMO,461.17230224609375
2025-08-12,TMO,476.1526794433594
2025-08-13,TMO,483.5132751464844
2025-08-14,TMO,483.76263427734375
2025-08-15,TMO,487.72216796875
2025-08-18,TMO,486.25604248046875
2025-08-19,TMO,496.97772216796875
2025-08-20,TMO,493.5068359375
2025-08-21,TMO,482.4859924316406
2025-08-22,TMO,498.6732482910156
2025-08-25,TMO,489.45758056640625
2025-08-26,TMO,487.19354248046875
2025-08-27,TMO,486.8345031738281
2025-08-28,TMO,488.4501953125
2025-08-29,TMO,491.4223937988281
2025-09-02,TMO,486.24603271484375
2025-09-03,TMO,483.27386474609375
2025-09-04,TMO,488.20086669921875
2025-09-05,TMO,491.3027038574219
2025-09-08,TMO,486.36572265625
2025-09-09,TMO,481.1395263671875
2025-09-10,TMO,475.2850036621094
2025-09-11,TMO,490.1158142089844
2025-09-12,TMO,478.1972961425781
2025-09-15,TMO,473.63525390625
2025-09-16,TMO,479.9043273925781
2025-09-17,TMO,471.8184509277344
2025-09-18,TMO,480.2637023925781
2025-09-19,TMO,478.746337890625
2025-09-22,TMO,474.1643371582031
2025-09-23,TMO,468.9334411621094
2025-09-24,TMO,467.1864929199219
2025-09-25,TMO,458.4217529296875
2025-09-26,TMO,463.4330139160156
2025-09-29,TMO,461.2368469238281
2025-09-30,TMO,484.1768798828125
2025-10-01,TMO,529.8074340820312
2025-10-02,TMO,524.0474853515625
2025-10-03,TMO,542.3755493164062
2025-10-06,TMO,543.0044555664062
2025-10-07,TMO,538.2327270507812
2025-10-08,TMO,535.2579956054688
2025-10-09,TMO,533.7505493164062
2025-10-10,TMO,523.8877563476562
2025-10-13,TMO,523.6681518554688
2025-10-14,TMO,524.9159545898438
2025-10-15,TMO,526.952392578125
2025-10-16,TMO,535.846923828125
2025-10-17,TMO,537.983154296875
2025-10-20,TMO,542.8947143554688
2025-10-21,TMO,557.0200805664062
2025-10-22,TMO,566.2140502929688
2025-10-23,TMO,570.9158325195312
2025-10-24,TMO,571.5048217773438
2025-10-27,TMO,562.7999877929688
2025-10-28,TMO,556.6607055664062
2025-10-29,TMO,557.3395385742188
2025-10-30,TMO,555.2530517578125
2025-10-31,TMO,566.4037475585938
2025-11-03,TMO,563.8980712890625
2025-11-04,TMO,564.2573852539062
2025-11-05,TMO,566.6533203125
2025-11-06,TMO,564.9961547851562
2025-11-07,TMO,571.4149169921875
2025-11-10,TMO,575.34814453125
2025-11-11,TMO,585.4705200195312
2025-11-12,TMO,586.9978637695312
2025-11-13,TMO,579.12158203125
2025-11-14,TMO,577.7041015625
2025-11-17,TMO,566.174072265625
2025-11-18,TMO,575.0287475585938
2025-11-19,TMO,572.7925415039062
2025-11-20,TMO,571.744384765625
2025-11-21,TMO,586.4588012695312
2025-11-24,TMO,585.0512084960938
2025-11-25,TMO,596.7409057617188
2025-11-26,TMO,592.21875
2025-11-28,TMO,589.802978515625
2025-12-01,TMO,584.1328735351562
2025-12-02,TMO,579.3611450195312
2025-12-03,TMO,579.4409790039062
2025-12-04,TMO,574.2400512695312
2025-12-05,TMO,571.7744140625
2025-12-08,TMO,567.2222900390625
2025-12-09,TMO,562.0912475585938
2025-12-10,TMO,572.8125610351562
2025-12-11,TMO,577.8936767578125
2025-12-12,TMO,571.2852783203125
2025-12-15,TMO,575.3411865234375
2025-12-16,TMO,569.5968627929688
2025-12-17,TMO,562.00439453125
2025-12-18,TMO,561.8345947265625
2025-12-19,TMO,567.2692260742188
2025-12-22,TMO,575.1314086914062
2025-12-23,TMO,579.3672485351562
2025-12-24,TMO,578.5480346679688
2025-12-26,TMO,580.1664428710938
2025-12-29,TMO,584.4921875
2025-12-30,TMO,582.873779296875
2025-12-31,TMO,578.8777465820312
2026-01-02,TMO,591.9248046875
2026-01-05,TMO,610.5963745117188
2026-01-06,TMO,620.10693359375
2026-01-07,TMO,616.54052734375
2026-01-08,TMO,605.9010009765625
2026-01-09,TMO,618.248779296875
2026-01-12,TMO,614.8421630859375
2026-01-13,TMO,606.4804077148438
2026-01-14,TMO,621.2158813476562
2026-01-15,TMO,624.0330810546875
2026-01-16,TMO,618.10888671875
2026-01-20,TMO,618.3986206054688
2026-01-21,TMO,635.6715698242188
2026-01-22,TMO,638.8184814453125
2026-01-23,TMO,625.3617553710938
2026-01-26,TMO,626.0010986328125
2026-01-27,TMO,623.2937622070312
2026-01-28,TMO,607.4194946289062
2026-01-29,TMO,591.5751342773438
2026-01-30,TMO,578.0385131835938
2026-02-02,TMO,581.1954345703125
2026-02-03,TMO,569.5269775390625
2026-02-04,TMO,564.6617431640625
2026-02-05,TMO,541.8243408203125
2026-02-06,TMO,542.2938842773438
2026-02-09,TMO,546.2200317382812
2026-02-10,TMO,539.266845703125
2026-02-11,TMO,526.6493530273438
2026-02-12,TMO,509.3164978027344
2026-02-13,TMO,504.3214111328125
2026-02-17,TMO,501.0946044921875
2026-02-18,TMO,513.0527954101562
2026-02-19,TMO,514.6112670898438
2026-02-20,TMO,510.4253845214844
2026-02-23,TMO,515.929931640625
2026-02-24,TMO,515.0907592773438
2026-02-25,TMO,513.1726684570312
2026-02-26,TMO,519.6063232421875
2026-02-27,TMO,520.5953369140625
2026-03-02,TMO,508.07769775390625
2026-03-03,TMO,507.5981750488281
2026-03-04,TMO,512.1836547851562
2026-03-05,TMO,518.3275756835938
2026-03-06,TMO,501.4742431640625
2026-03-09,TMO,509.4663391113281
2026-03-10,TMO,499.5860900878906
2026-03-11,TMO,495.23040771484375
2026-03-12,TMO,475.4200134277344
2026-03-13,TMO,464.3699951171875
2026-03-16,TMO,470.0
2026-03-17,TMO,472.7099914550781
2026-03-18,TMO,464.69000244140625
2026-03-19,TMO,470.2099914550781
2026-03-20,TMO,474.3900146484375
2026-03-23,TMO,478.1199951171875
2026-03-24,TMO,490.2900085449219
2026-03-25,TMO,490.7699890136719
2026-03-26,TMO,488.8500061035156
2026-03-27,TMO,473.3599853515625
2026-03-30,TMO,480.04998779296875
2026-03-31,TMO,491.5299987792969
2026-04-01,TMO,494.5400085449219
2026-04-02,TMO,491.4599914550781
2026-04-06,TMO,488.19000244140625
2026-04-07,TMO,489.5
2026-04-08,TMO,503.4599914550781
2026-04-09,TMO,500.4599914550781
2026-04-10,TMO,496.1099853515625
2026-04-13,TMO,514.22998046875
2026-04-14,TMO,527.219970703125
2026-04-15,TMO,531.6699829101562
2026-04-16,TMO,516.0
2026-04-17,TMO,526.5999755859375
2026-04-20,TMO,526.02001953125
2026-04-21,TMO,524.5700073242188
2026-04-22,TMO,513.97998046875
2026-04-23,TMO,466.70001220703125
2026-04-24,TMO,469.7099914550781
2026-04-27,TMO,468.0400085449219
2026-04-28,TMO,470.2200012207031
2026-04-29,TMO,466.260009765625
2026-04-30,TMO,478.9599914550781
2026-05-01,TMO,469.2099914550781
2025-01-02,VRT,118.10354614257812
2025-01-03,VRT,125.4613037109375
2025-01-06,VRT,133.8573455810547
2025-01-07,VRT,130.42306518554688
2025-01-08,VRT,129.05531311035156
2025-01-10,VRT,128.7158966064453
2025-01-13,VRT,123.80406188964844
2025-01-14,VRT,128.73583984375
2025-01-15,VRT,131.78079223632812
2025-01-16,VRT,132.36981201171875
2025-01-17,VRT,135.6543426513672
2025-01-21,VRT,142.89231872558594
2025-01-22,VRT,148.34323120117188
2025-01-23,VRT,153.235107421875
2025-01-24,VRT,146.0770263671875
2025-01-27,VRT,102.42961120605469
2025-01-28,VRT,106.373046875
2025-01-29,VRT,110.27655792236328
2025-01-30,VRT,114.40968322753906
2025-01-31,VRT,116.8256607055664
2025-02-03,VRT,112.41300201416016
2025-02-04,VRT,111.06525421142578
2025-02-05,VRT,118.8423080444336
2025-02-06,VRT,119.36144256591797
2025-02-07,VRT,121.17841339111328
2025-02-10,VRT,125.5511474609375
2025-02-11,VRT,123.04532623291016
2025-02-12,VRT,111.05525207519531
2025-02-13,VRT,109.09851837158203
2025-02-14,VRT,107.87055969238281
2025-02-18,VRT,109.77738952636719
2025-02-19,VRT,107.66090393066406
2025-02-20,VRT,104.65591430664062
2025-02-21,VRT,95.8305892944336
2025-02-24,VRT,90.86885070800781
2025-02-25,VRT,91.74738311767578
2025-02-26,VRT,98.44623565673828
2025-02-27,VRT,92.25653839111328
2025-02-28,VRT,95.01194763183594
2025-03-03,VRT,85.2681655883789
2025-03-04,VRT,86.24653625488281
2025-03-05,VRT,87.74404907226562
2025-03-06,VRT,81.90375518798828
2025-03-07,VRT,84.8987808227539
2025-03-10,VRT,77.89042663574219
2025-03-11,VRT,82.9819564819336
2025-03-12,VRT,85.23821258544922
2025-03-13,VRT,82.9520034790039
2025-03-14,VRT,87.30477142333984
2025-03-17,VRT,88.93206787109375
2025-03-18,VRT,84.55547332763672
2025-03-19,VRT,89.05990600585938
2025-03-20,VRT,88.97003173828125
2025-03-21,VRT,88.52057647705078
2025-03-24,VRT,93.57433319091797
2025-03-25,VRT,91.46693420410156
2025-03-26,VRT,81.51923370361328
2025-03-27,VRT,76.22577667236328
2025-03-28,VRT,74.1583251953125
2025-03-31,VRT,72.11085510253906
2025-04-01,VRT,75.17707061767578
2025-04-02,VRT,77.01480102539062
2025-04-03,VRT,67.38670349121094
2025-04-04,VRT,59.33665466308594
2025-04-07,VRT,63.741207122802734
2025-04-08,VRT,62.82234573364258
2025-04-09,VRT,72.73009490966797
2025-04-10,VRT,67.64637756347656
2025-04-11,VRT,69.52406311035156
2025-04-14,VRT,71.48163604736328
2025-04-15,VRT,72.62023162841797
2025-04-16,VRT,71.56153869628906
2025-04-17,VRT,73.11961364746094
2025-04-21,VRT,67.486572265625
2025-04-22,VRT,71.73133850097656
2025-04-23,VRT,77.90370178222656
2025-04-24,VRT,83.77644348144531
2025-04-25,VRT,86.84264373779297
2025-04-28,VRT,86.04364013671875
2025-04-29,VRT,86.0835952758789
2025-04-30,VRT,85.27458190917969
2025-05-01,VRT,92.43573760986328
2025-05-02,VRT,94.88270568847656
2025-05-05,VRT,94.71292114257812
2025-05-06,VRT,93.36458587646484
2025-05-07,VRT,95.40206909179688
2025-05-08,VRT,95.62179565429688
2025-05-09,VRT,93.94386291503906
2025-05-12,VRT,100.92524719238281
2025-05-13,VRT,105.44964599609375
2025-05-14,VRT,109.34483337402344
2025-05-15,VRT,105.24989318847656
2025-05-16,VRT,105.9090805053711
2025-05-19,VRT,106.26863861083984
2025-05-20,VRT,106.25865173339844
2025-05-21,VRT,103.48208618164062
2025-05-22,VRT,104.07134246826172
2025-05-23,VRT,104.01142883300781
2025-05-27,VRT,109.65444946289062
2025-05-28,VRT,109.08515930175781
2025-05-29,VRT,108.3360824584961
2025-05-30,VRT,107.7967529296875
2025-06-02,VRT,109.09514617919922
2025-06-03,VRT,112.20130157470703
2025-06-04,VRT,112.7106704711914
2025-06-05,VRT,112.0814437866211
2025-06-06,VRT,115.21756744384766
2025-06-09,VRT,111.8617172241211
2025-06-10,VRT,108.3360824584961
2025-06-11,VRT,110.45345306396484
2025-06-12,VRT,114.35863494873047
2025-06-13,VRT,110.8329849243164
2025-06-16,VRT,116.3460693359375
2025-06-17,VRT,116.50592803955078
2025-06-18,VRT,118.97371673583984
2025-06-20,VRT,118.4342041015625
2025-06-23,VRT,116.43598175048828
2025-06-24,VRT,122.21083068847656
2025-06-25,VRT,121.53143310546875
2025-06-26,VRT,123.68950653076172
2025-06-27,VRT,127.0465087890625
2025-06-30,VRT,128.29539489746094
2025-07-01,VRT,122.43063354492188
2025-07-02,VRT,124.21904754638672
2025-07-03,VRT,127.72589874267578
2025-07-07,VRT,126.14730834960938
2025-07-08,VRT,125.77764129638672
2025-07-09,VRT,128.25543212890625
2025-07-10,VRT,120.61225891113281
2025-07-11,VRT,123.1899642944336
2025-07-14,VRT,124.60868835449219
2025-07-15,VRT,127.2563247680664
2025-07-16,VRT,125.28807830810547
2025-07-17,VRT,131.00296020507812
2025-07-18,VRT,128.94480895996094
2025-07-21,VRT,126.09735870361328
2025-07-22,VRT,125.17818450927734
2025-07-23,VRT,130.0738067626953
2025-07-24,VRT,130.75320434570312
2025-07-25,VRT,137.34730529785156
2025-07-28,VRT,142.4227752685547
2025-07-29,VRT,142.5726318359375
2025-07-30,VRT,144.04132080078125
2025-07-31,VRT,145.47006225585938
2025-08-01,VRT,141.46363830566406
2025-08-04,VRT,140.0748748779297
2025-08-05,VRT,138.6361541748047
2025-08-06,VRT,139.62527465820312
2025-08-07,VRT,139.26559448242188
2025-08-08,VRT,139.80511474609375
2025-08-11,VRT,139.70521545410156
2025-08-12,VRT,143.59173583984375
2025-08-13,VRT,137.27735900878906
2025-08-14,VRT,132.4017333984375
2025-08-15,VRT,132.9512481689453
2025-08-18,VRT,135.56890869140625
2025-08-19,VRT,128.93482971191406
2025-08-20,VRT,127.4261703491211
2025-08-21,VRT,126.46702575683594
2025-08-22,VRT,125.8575668334961
2025-08-25,VRT,124.90841674804688
2025-08-26,VRT,127.81582641601562
2025-08-27,VRT,129.19459533691406
2025-08-28,VRT,134.1101837158203
2025-08-29,VRT,127.43616485595703
2025-09-02,VRT,123.89932250976562
2025-09-03,VRT,125.4779052734375
2025-09-04,VRT,125.58781433105469
2025-09-05,VRT,123.88933563232422
2025-09-08,VRT,121.71127319335938
2025-09-09,VRT,125.46792602539062
2025-09-10,VRT,136.6179656982422
2025-09-11,VRT,135.58888244628906
2025-09-12,VRT,134.71966552734375
2025-09-15,VRT,138.175537109375
2025-09-16,VRT,136.56651306152344
2025-09-17,VRT,136.7464141845703
2025-09-18,VRT,141.873291015625
2025-09-19,VRT,143.5122833251953
2025-09-22,VRT,151.86717224121094
2025-09-23,VRT,142.52288818359375
2025-09-24,VRT,141.5334930419922
2025-09-25,VRT,139.6846160888672
2025-09-26,VRT,138.53530883789062
2025-09-29,VRT,143.2224578857422
2025-09-30,VRT,150.76785278320312
2025-10-01,VRT,161.4912872314453
2025-10-02,VRT,161.541259765625
2025-10-03,VRT,160.10214233398438
2025-10-06,VRT,162.70054626464844
2025-10-07,VRT,158.77294921875
2025-10-08,VRT,167.2777557373047
2025-10-09,VRT,168.77685546875
2025-10-10,VRT,168.90675354003906
2025-10-13,VRT,178.89065551757812
2025-10-14,VRT,175.04299926757812
2025-10-15,VRT,180.39971923828125
2025-10-16,VRT,177.7113800048828
2025-10-17,VRT,173.8937225341797
2025-10-20,VRT,175.62265014648438
2025-10-21,VRT,174.69322204589844
2025-10-22,VRT,171.48516845703125
2025-10-23,VRT,183.0880889892578
2025-10-24,VRT,185.94635009765625
2025-10-27,VRT,192.78216552734375
2025-10-28,VRT,190.45359802246094
2025-10-29,VRT,199.14828491210938
2025-10-30,VRT,193.6416473388672
2025-10-31,VRT,192.74220275878906
2025-11-03,VRT,191.28306579589844
2025-11-04,VRT,180.7095489501953
2025-11-05,VRT,190.593505859375
2025-11-06,VRT,182.908203125
2025-11-07,VRT,179.69017028808594
2025-11-10,VRT,187.72525024414062
2025-11-11,VRT,178.9406280517578
2025-11-12,VRT,173.26409912109375
2025-11-13,VRT,163.5400390625
2025-11-14,VRT,170.86557006835938
2025-11-17,VRT,166.54818725585938
2025-11-18,VRT,164.75929260253906
2025-11-19,VRT,170.54574584960938
2025-11-20,VRT,159.5124969482422
2025-11-21,VRT,159.7323760986328
2025-11-24,VRT,168.80682373046875
2025-11-25,VRT,169.5296630859375
2025-11-26,VRT,171.9790802001953
2025-11-28,VRT,179.68722534179688
2025-12-01,VRT,179.17735290527344
2025-12-02,VRT,180.86695861816406
2025-12-03,VRT,178.8374481201172
2025-12-04,VRT,182.49656677246094
2025-12-05,VRT,188.9750213623047
2025-12-08,VRT,185.5658416748047
2025-12-09,VRT,178.33755493164062
2025-12-10,VRT,181.77674865722656
2025-12-11,VRT,178.61749267578125
2025-12-12,VRT,161.23162841796875
2025-12-15,VRT,161.70152282714844
2025-12-16,VRT,160.6217803955078
2025-12-17,VRT,149.7943572998047
2025-12-18,VRT,154.35325622558594
2025-12-19,VRT,159.781982421875
2025-12-22,VRT,166.21044921875
2025-12-23,VRT,166.22042846679688
2025-12-24,VRT,166.83029174804688
2025-12-26,VRT,167.54013061523438
2025-12-29,VRT,165.58058166503906
2025-12-30,VRT,164.30088806152344
2025-12-31,VRT,161.97145080566406
2026-01-02,VRT,175.56822204589844
2026-01-05,VRT,173.90859985351562
2026-01-06,VRT,174.9083709716797
2026-01-07,VRT,171.49917602539062
2026-01-08,VRT,160.7417449951172
2026-01-09,VRT,163.54107666015625
2026-01-12,VRT,169.9895477294922
2026-01-13,VRT,172.6789093017578
2026-01-14,VRT,170.81935119628906
2026-01-15,VRT,172.49893188476562
2026-01-16,VRT,176.8878936767578
2026-01-20,VRT,175.1383056640625
2026-01-21,VRT,181.42681884765625
2026-01-22,VRT,181.076904296875
2026-01-23,VRT,182.4465789794922
2026-01-26,VRT,181.18687438964844
2026-01-27,VRT,189.1649932861328
2026-01-28,VRT,193.71389770507812
2026-01-29,VRT,195.0535888671875
2026-01-30,VRT,186.1356964111328
2026-02-02,VRT,189.96478271484375
2026-02-03,VRT,190.10475158691406
2026-02-04,VRT,182.5165557861328
2026-02-05,VRT,177.70770263671875
2026-02-06,VRT,195.53346252441406
2026-02-09,VRT,201.95193481445312
2026-02-10,VRT,199.57249450683594
2026-02-11,VRT,248.45086669921875
2026-02-12,VRT,236.45372009277344
2026-02-13,VRT,234.4741973876953
2026-02-17,VRT,243.4720458984375
2026-02-18,VRT,243.15213012695312
2026-02-19,VRT,243.00216674804688
2026-02-20,VRT,243.69200134277344
2026-02-23,VRT,245.36160278320312
2026-02-24,VRT,253.08975219726562
2026-02-25,VRT,262.12762451171875
2026-02-26,VRT,259.1683349609375
2026-02-27,VRT,254.829345703125
2026-03-02,VRT,257.68865966796875
2026-03-03,VRT,244.3818359375
2026-03-04,VRT,251.22021484375
2026-03-05,VRT,249.69056701660156
2026-03-06,VRT,241.72247314453125
2026-03-09,VRT,264.287109375
2026-03-10,VRT,269.9957275390625
2026-03-11,VRT,268.1961669921875
2026-03-12,VRT,265.3168640136719
2026-03-13,VRT,258.81842041015625
2026-03-16,VRT,264.677001953125
2026-03-17,VRT,268.4100036621094
2026-03-18,VRT,264.7099914550781
2026-03-19,VRT,269.1700134277344
2026-03-20,VRT,255.8800048828125
2026-03-23,VRT,256.0
2026-03-24,VRT,270.8900146484375
2026-03-25,VRT,276.1600036621094
2026-03-26,VRT,252.39999389648438
2026-03-27,VRT,251.07000732421875
2026-03-30,VRT,234.22000122070312
2026-03-31,VRT,250.5800018310547
2026-04-01,VRT,259.3699951171875
2026-04-02,VRT,261.2900085449219
2026-04-06,VRT,258.7300109863281
2026-04-07,VRT,262.29998779296875
2026-04-08,VRT,281.0299987792969
2026-04-09,VRT,287.6400146484375
2026-04-10,VRT,295.1099853515625
2026-04-13,VRT,299.9599914550781
2026-04-14,VRT,310.510009765625
2026-04-15,VRT,301.1600036621094
2026-04-16,VRT,294.1300048828125
2026-04-17,VRT,307.3399963378906
2026-04-20,VRT,314.4100036621094
2026-04-21,VRT,312.44000244140625
2026-04-22,VRT,305.1400146484375
2026-04-23,VRT,321.75
2026-04-24,VRT,323.4599914550781
2026-04-27,VRT,322.42999267578125
2026-04-28,VRT,305.0299987792969
2026-04-29,VRT,306.17999267578125
2026-04-30,VRT,328.489990234375
2026-05-01,VRT,328.30999755859375
