rank,ticker,sector,official_model_weighting,candidate_category,candidate_label,lbo_status,lbo_rating,final_score,nlp_stagnation_score,financial_feasibility_score,fcf_margin,fcf,debt_to_ebitda,interest_coverage,capex_to_ebitda,fcf_to_debt,has_market_data,market_pressure_score,validation_score,validation_label,strong_validation_label,relative_return_vs_spy,max_drawdown_since_ranking,volatility_since_ranking,event_type,event_score,event_date,event_summary,source,notes,model_explanation
1,MSI,Information Technology,70% NLP stagnation / 30% financial feasibility,Strong candidate,Strong candidate,Pass,Ideal,0.8863,0.8934,0.91,0.1795,1791000000.0,0.495,9.213,0.095,1.364,0,,1.0,1,0,,,,major_acquisition_buyer,1,2025-05-27,"Motorola Solutions agreed to acquire Silvus Technologies for about $4.4B. Buyer-side strategic acquisition, so weak validation only.",Reuters / company release,"Buyer-side event, not direct LBO evidence.",MSI ranks #1 under the official 70/30 NLP-finance model. NLP stagnation score is 0.893. Financial feasibility score is 0.910. Final score is 0.886. Manual event validation records 'major_acquisition_buyer' with event score 1. Market validation data is not currently available.
2,SNPS,Information Technology,70% NLP stagnation / 30% financial feasibility,Watchlist candidate,"High NLP signal, financial caution",Fail,Marginal,0.8863,0.8934,0.685,0.2846,1513656000.0,8.869,378.377,0.125,0.112,0,,2.0,1,1,,,,acquisition_divestiture,2,2025-03-05,"Synopsys Ansys acquisition required regulatory remedies and divestitures, showing major strategic portfolio activity.",Reuters / regulator releases,Strategic transaction with divestiture relevance.,SNPS ranks #2 under the official 70/30 NLP-finance model. NLP stagnation score is 0.893. Financial feasibility score is 0.685. Final score is 0.886. Manual event validation records 'acquisition_divestiture' with event score 2. Market validation data is not currently available.
3,EL,Consumer Staples,70% NLP stagnation / 30% financial feasibility,Watchlist candidate,Strong candidate,Pass,Attractive,0.8863,0.8934,0.73,0.0458,728000000.0,0.224,9.036,0.445,1.444,0,,2.0,1,1,,,,restructuring_layoffs,2,2025-02-04,Estee Lauder announced a major restructuring and job-cut program amid weak sales and business reset efforts.,Reuters / company releases,Clear restructuring evidence.,EL ranks #3 under the official 70/30 NLP-finance model. NLP stagnation score is 0.893. Financial feasibility score is 0.730. Final score is 0.886. Manual event validation records 'restructuring_layoffs' with event score 2. Market validation data is not currently available.
4,EME,Industrials,70% NLP stagnation / 30% financial feasibility,High-priority candidate,Strong candidate,Pass,Ideal,0.885,0.885,0.885,0.0653,821251000.0,0.0,50.919,0.085,,1,2.0,3.0,1,1,0.7298,-0.3619,0.4378,major_acquisition_buyer,1,2025-01-14,"EMCOR announced an agreement to acquire Miller Electric, expanding electrical capabilities.",EMCOR release,Buyer-side strategic acquisition.,EME ranks #4 under the official 70/30 NLP-finance model. NLP stagnation score is 0.885. Financial feasibility score is 0.885. Final score is 0.885. Manual event validation records 'major_acquisition_buyer' with event score 1. The company shows 2 market-pressure signal(s). Maximum drawdown was -36.2%. Relative return vs SPY was 73.0%.
5,COST,Consumer Staples,70% NLP stagnation / 30% financial feasibility,Strong candidate,Review candidate,Fail,Marginal,0.7887,0.7668,0.84,0.0278,6745000000.0,0.751,50.712,0.424,0.881,0,,1.0,1,0,,,,external_pressure,1,2025-01-28,Costco faced political and legal pressure over DEI policies and related shareholder scrutiny.,Reuters,"External governance pressure, not LBO-specific.",COST ranks #5 under the official 70/30 NLP-finance model. NLP stagnation score is 0.767. Financial feasibility score is 0.840. Final score is 0.789. Manual event validation records 'external_pressure' with event score 1. Market validation data is not currently available.
6,QCOM,Information Technology,70% NLP stagnation / 30% financial feasibility,Strong candidate,Review candidate,Pass,Ideal,0.7873,0.7155,0.955,0.275,9849000000.0,0.142,11.222,0.151,7.221,0,,1.0,1,0,,,,acquisition_exploration,1,2024-09-20,Qualcomm approached Intel about a possible takeover and explored acquiring parts of Intel.,Reuters,Buyer-side strategic activity.,QCOM ranks #6 under the official 70/30 NLP-finance model. NLP stagnation score is 0.715. Financial feasibility score is 0.955. Final score is 0.787. Manual event validation records 'acquisition_exploration' with event score 1. Market validation data is not currently available.
7,DOV,Industrials,70% NLP stagnation / 30% financial feasibility,Strong candidate,Review candidate,Pass,Ideal,0.7866,0.7551,0.86,0.1348,1036140000.0,1.921,11.469,0.12,0.354,0,,2.0,1,1,,,,restructuring,2,2025-12-31,Dover disclosed restructuring programs including headcount and cost-structure actions.,Dover annual report,Clear restructuring evidence.,DOV ranks #7 under the official 70/30 NLP-finance model. NLP stagnation score is 0.755. Financial feasibility score is 0.860. Final score is 0.787. Manual event validation records 'restructuring' with event score 2. Market validation data is not currently available.
8,DXCM,Health Care,70% NLP stagnation / 30% financial feasibility,Strong candidate,Review candidate,Pass,Attractive,0.7741,0.7523,0.825,0.1413,511900000.0,0.006,31.793,0.302,111.283,0,,2.0,1,1,,,,restructuring_market_pressure,2,2024-07-25,"Dexcom cut revenue guidance, citing sales-team restructuring and lower customer metrics; shares fell sharply.",Reuters,Market pressure plus restructuring.,DXCM ranks #8 under the official 70/30 NLP-finance model. NLP stagnation score is 0.752. Financial feasibility score is 0.825. Final score is 0.774. Manual event validation records 'restructuring_market_pressure' with event score 2. Market validation data is not currently available.
9,PLTR,Information Technology,70% NLP stagnation / 30% financial feasibility,Strong candidate,Review candidate,Pass,Ideal,0.7721,0.7045,0.93,0.3133,697069000.0,1.291,32.958,0.099,3.521,0,,0.0,0,0,,,,none,0,,"No clear restructuring, activist, divestiture, strategic review, or LBO-relevant pressure found in rapid validation scan.",Rapid news scan,Recent news mostly positive demand and contract momentum.,PLTR ranks #9 under the official 70/30 NLP-finance model. NLP stagnation score is 0.704. Financial feasibility score is 0.930. Final score is 0.772. Market validation data is not currently available.
10,KLAC,Information Technology,70% NLP stagnation / 30% financial feasibility,Strong candidate,Review candidate,Pass,Attractive,0.7709,0.752,0.815,0.3171,3328214000.0,4.108,6.46,0.239,0.566,0,,0.0,0,0,,,,none,0,,"No clear restructuring, activist, divestiture, strategic review, or LBO-relevant pressure found in rapid validation scan.",Rapid news scan,Recent news mostly positive AI-linked demand.,KLAC ranks #10 under the official 70/30 NLP-finance model. NLP stagnation score is 0.752. Financial feasibility score is 0.815. Final score is 0.771. Market validation data is not currently available.
11,MPC,Energy,70% NLP stagnation / 30% financial feasibility,Strong candidate,Review candidate,Pass,Ideal,0.7705,0.7193,0.89,0.0824,12227000000.0,0.171,27.646,0.106,4.01,0,,1.0,1,0,,,,management_change,1,2024-05-13,"Marathon Petroleum named Maryann Mannen CEO, with prior CEO moving to executive chairman.",Reuters,Management transition.,MPC ranks #11 under the official 70/30 NLP-finance model. NLP stagnation score is 0.719. Financial feasibility score is 0.890. Final score is 0.771. Manual event validation records 'management_change' with event score 1. Market validation data is not currently available.
12,DHR,Health Care,70% NLP stagnation / 30% financial feasibility,Watchlist candidate,Review candidate,Pass,Ideal,0.7674,0.6999,0.925,0.242,5781000000.0,0.086,22.519,0.235,11.448,0,,1.0,1,0,,,,legal_market_pressure,1,2026-04-23,Danaher reached a large shareholder settlement over allegations tied to post-pandemic demand statements.,Reuters,Legal and market pressure.,DHR ranks #12 under the official 70/30 NLP-finance model. NLP stagnation score is 0.700. Financial feasibility score is 0.925. Final score is 0.767. Manual event validation records 'legal_market_pressure' with event score 1. Market validation data is not currently available.
13,TDY,Information Technology,70% NLP stagnation / 30% financial feasibility,Strong candidate,Review candidate,Pass,Attractive,0.766,0.7429,0.82,0.128,721200000.0,1.961,11.392,0.085,0.272,0,,1.0,1,0,,,,financial_pressure,1,2024-04-24,Teledyne cut its 2024 profit forecast after missing Q1 estimates due to weak sales.,Reuters,Financial pressure.,TDY ranks #13 under the official 70/30 NLP-finance model. NLP stagnation score is 0.743. Financial feasibility score is 0.820. Final score is 0.766. Manual event validation records 'financial_pressure' with event score 1. Market validation data is not currently available.
14,UNH,Health Care,70% NLP stagnation / 30% financial feasibility,Strong candidate,Review candidate,Fail,Situational,0.7634,0.7027,0.905,0.0691,25682000000.0,0.125,9.969,0.093,5.651,0,,2.0,1,1,,,,operational_pressure,2,2025-04-17,UnitedHealth lowered outlook due to higher medical costs and faced operational and regulatory scrutiny.,Reuters,Strong operational pressure.,UNH ranks #14 under the official 70/30 NLP-finance model. NLP stagnation score is 0.703. Financial feasibility score is 0.905. Final score is 0.763. Manual event validation records 'operational_pressure' with event score 2. Market validation data is not currently available.
15,MOS,Materials,70% NLP stagnation / 30% financial feasibility,Watchlist candidate,Review candidate,Fail,Marginal,0.7626,0.7831,0.715,0.0734,1004800000.0,1.661,7.08,0.61,0.263,0,,2.0,1,1,,,,restructuring_asset_action,2,2026-04-08,Mosaic faced demand and profit pressure and announced facility idling plus asset-sale actions.,Reuters / company release,Asset action and restructuring pressure.,MOS ranks #15 under the official 70/30 NLP-finance model. NLP stagnation score is 0.783. Financial feasibility score is 0.715. Final score is 0.763. Manual event validation records 'restructuring_asset_action' with event score 2. Market validation data is not currently available.
16,AMD,Information Technology,70% NLP stagnation / 30% financial feasibility,Strong candidate,Review candidate,Fail,Marginal,0.757,0.7471,0.78,0.0494,1121000000.0,0.392,3.783,0.648,3.397,0,,2.0,1,1,,,,layoffs_divestiture,2,2024-11-13,AMD cut about 4% of its workforce to focus on AI chips and later moved to sell ZT Systems manufacturing assets.,Reuters,Layoffs plus portfolio action.,AMD ranks #16 under the official 70/30 NLP-finance model. NLP stagnation score is 0.747. Financial feasibility score is 0.780. Final score is 0.757. Manual event validation records 'layoffs_divestiture' with event score 2. Market validation data is not currently available.
17,GILD,Health Care,70% NLP stagnation / 30% financial feasibility,Watchlist candidate,Review candidate,Pass,Ideal,0.7548,0.6755,0.94,0.2737,7421000000.0,0.228,7.597,0.074,4.089,0,,2.0,1,1,,,,restructuring_layoffs,2,2025-03-31,Gilead disclosed restructuring charges and had layoff rounds.,SEC filing / biotech news,Restructuring evidence.,GILD ranks #17 under the official 70/30 NLP-finance model. NLP stagnation score is 0.675. Financial feasibility score is 0.940. Final score is 0.755. Manual event validation records 'restructuring_layoffs' with event score 2. Market validation data is not currently available.
18,MCHP,Information Technology,70% NLP stagnation / 30% financial feasibility,Strong candidate,Review candidate,Pass,Ideal,0.7546,0.7051,0.87,0.3715,3134800000.0,1.458,12.125,0.118,0.522,0,,2.0,1,1,,,,restructuring_layoffs,2,2025-03-03,"Microchip Technology announced around 2,000 job cuts, about 9% of workforce, amid weak demand.",Reuters,Clear restructuring and layoff evidence.,MCHP ranks #18 under the official 70/30 NLP-finance model. NLP stagnation score is 0.705. Financial feasibility score is 0.870. Final score is 0.755. Manual event validation records 'restructuring_layoffs' with event score 2. Market validation data is not currently available.
19,NVDA,Information Technology,70% NLP stagnation / 30% financial feasibility,Watchlist candidate,Review candidate,Pass,Ideal,0.7534,0.6563,0.98,0.4435,27021000000.0,0.0,139.712,0.031,,1,2.0,3.0,1,1,0.1848,-0.3688,0.466,regulatory_pressure,1,2024-08-01,Nvidia faced antitrust and regulatory scrutiny over AI-chip dominance and related acquisitions.,Reuters,"Regulatory pressure, not restructuring.",NVDA ranks #19 under the official 70/30 NLP-finance model. NLP stagnation score is 0.656. Financial feasibility score is 0.980. Final score is 0.753. Manual event validation records 'regulatory_pressure' with event score 1. The company shows 2 market-pressure signal(s). Maximum drawdown was -36.9%. Relative return vs SPY was 18.5%.
20,FAST,Industrials,70% NLP stagnation / 30% financial feasibility,Watchlist candidate,Review candidate,Pass,Ideal,0.7516,0.6901,0.895,0.1715,1259900000.0,0.117,157.598,0.101,6.3,1,0.0,1.0,1,0,0.0535,-0.219,0.2604,market_pressure,1,2026-01-20,Fastenal missed revenue estimates as tariffs pressured demand.,Reuters,Market and financial pressure.,FAST ranks #20 under the official 70/30 NLP-finance model. NLP stagnation score is 0.690. Financial feasibility score is 0.895. Final score is 0.752. Manual event validation records 'market_pressure' with event score 1. No market-pressure signal is currently flagged. Maximum drawdown was -21.9%. Relative return vs SPY was 5.3%.
21,RCL,Consumer Discretionary,70% NLP stagnation / 30% financial feasibility,Watchlist candidate,Review candidate,Fail,Marginal,0.7514,0.827,0.575,0.0417,580000000.0,0.37,2.228,0.899,0.362,0,,1.0,1,0,,,,financial_pressure,1,2026-04-30,Royal Caribbean cut profit forecast due to higher fuel costs despite strong demand.,Reuters,Financial pressure.,RCL ranks #21 under the official 70/30 NLP-finance model. NLP stagnation score is 0.827. Financial feasibility score is 0.575. Final score is 0.751. Manual event validation records 'financial_pressure' with event score 1. Market validation data is not currently available.
22,CCI,Real Estate,70% NLP stagnation / 30% financial feasibility,Watchlist candidate,Review candidate,Fail,Situational,0.7498,0.6897,0.89,6.7325,2883000000.0,0.231,111.989,0.093,4.781,0,,2.0,1,1,,,,activist_restructuring,2,2024-06-11,"Crown Castle cut profit forecast, reduced workforce, and reviewed fiber business after activist pressure.",Reuters / company releases,Clear activist and restructuring validation.,CCI ranks #22 under the official 70/30 NLP-finance model. NLP stagnation score is 0.690. Financial feasibility score is 0.890. Final score is 0.750. Manual event validation records 'activist_restructuring' with event score 2. Market validation data is not currently available.
23,LEN,Consumer Discretionary,70% NLP stagnation / 30% financial feasibility,Watchlist candidate,"High NLP signal, financial caution",Fail,Insufficient data,0.7457,0.6603,0.945,0.1484,5079939000.0,1.68,67.391,0.04,1.213,0,,2.0,1,1,,,,spinoff_divestiture,2,2025-02-07,"Lennar completed the spin-off of Millrose Properties, separating land assets into a REIT-like vehicle.",Lennar investor release,Portfolio restructuring.,LEN ranks #23 under the official 70/30 NLP-finance model. NLP stagnation score is 0.660. Financial feasibility score is 0.945. Final score is 0.746. Manual event validation records 'spinoff_divestiture' with event score 2. Market validation data is not currently available.
24,HAL,Energy,70% NLP stagnation / 30% financial feasibility,Watchlist candidate,Review candidate,Pass,Attractive,0.7453,0.7262,0.79,0.088,2079000000.0,1.409,24.304,0.271,0.29,0,,2.0,1,1,,,,layoffs_restructuring,2,2025-09-05,Halliburton reduced workforce as oilfield activity slowed and sector pressure increased.,Reuters,Workforce reduction pressure.,HAL ranks #24 under the official 70/30 NLP-finance model. NLP stagnation score is 0.726. Financial feasibility score is 0.790. Final score is 0.745. Manual event validation records 'layoffs_restructuring' with event score 2. Market validation data is not currently available.
25,HLT,Consumer Discretionary,70% NLP stagnation / 30% financial feasibility,Watchlist candidate,Review candidate,Fail,Situational,0.7438,0.6854,0.88,0.1754,1795000000.0,0.014,5.361,0.064,54.394,0,,1.0,1,0,,,,major_acquisition_buyer,1,2024-03-14,"Hilton acquired Graduate Hotels, its first brand acquisition since 1999.",Reuters / Hilton release,Buyer-side strategic acquisition.,HLT ranks #25 under the official 70/30 NLP-finance model. NLP stagnation score is 0.685. Financial feasibility score is 0.880. Final score is 0.744. Manual event validation records 'major_acquisition_buyer' with event score 1. Market validation data is not currently available.
26,DPZ,Consumer Discretionary,70% NLP stagnation / 30% financial feasibility,Watchlist candidate,Review candidate,Fail,Marginal,0.7411,0.7351,0.755,0.1084,485468000.0,0.016,4.171,0.117,33.025,0,,0.0,0,0,,,,none,0,,,,,DPZ ranks #26 under the official 70/30 NLP-finance model. NLP stagnation score is 0.735. Financial feasibility score is 0.755. Final score is 0.741. Market validation data is not currently available.
27,AMAT,Information Technology,70% NLP stagnation / 30% financial feasibility,Lower-priority candidate,Review candidate,Pass,Ideal,0.7406,0.6487,0.955,0.2864,7594000000.0,0.65,32.432,0.135,1.429,0,,0.0,0,0,,,,none,0,,,,,AMAT ranks #27 under the official 70/30 NLP-finance model. NLP stagnation score is 0.649. Financial feasibility score is 0.955. Final score is 0.741. Market validation data is not currently available.
28,FTNT,Information Technology,70% NLP stagnation / 30% financial feasibility,Watchlist candidate,Review candidate,Pass,Ideal,0.7406,0.6572,0.935,0.3264,1731400000.0,0.734,59.1,0.151,1.741,0,,0.0,0,0,,,,none,0,,,,,FTNT ranks #28 under the official 70/30 NLP-finance model. NLP stagnation score is 0.657. Financial feasibility score is 0.935. Final score is 0.741. Market validation data is not currently available.
29,BF-B,Consumer Staples,70% NLP stagnation / 30% financial feasibility,Watchlist candidate,Review candidate,Pass,Marginal,0.7378,0.7604,0.685,0.1081,457000000.0,2.214,12.522,0.152,0.171,0,,0.0,0,0,,,,none,0,,,,,BF-B ranks #29 under the official 70/30 NLP-finance model. NLP stagnation score is 0.760. Financial feasibility score is 0.685. Final score is 0.738. Market validation data is not currently available.
30,TMO,Health Care,70% NLP stagnation / 30% financial feasibility,Watchlist candidate,Review candidate,Pass,Ideal,0.7374,0.6528,0.935,0.1616,6927000000.0,0.279,12.797,0.187,3.129,1,2.0,4.0,1,1,-0.3486,-0.3556,0.3228,divestiture,2,2026-04-27,Thermo Fisher agreed to sell its microbiology business to private equity firm Astorg for about $1.075B.,Thermo Fisher / Reuters,Directly relevant because it is a PE-backed divestiture and portfolio reshaping event.,TMO ranks #30 under the official 70/30 NLP-finance model. NLP stagnation score is 0.653. Financial feasibility score is 0.935. Final score is 0.737. Manual event validation records 'divestiture' with event score 2. The company shows 2 market-pressure signal(s). Maximum drawdown was -35.6%. Relative return vs SPY was -34.9%.
31,MO,Consumer Staples,70% NLP stagnation / 30% financial feasibility,Watchlist candidate,Review candidate,Fail,Situational,0.7364,0.6577,0.92,0.3713,9091000000.0,2.109,9.72,0.017,0.365,0,,0.0,0,0,,,,none,0,,,,,MO ranks #31 under the official 70/30 NLP-finance model. NLP stagnation score is 0.658. Financial feasibility score is 0.920. Final score is 0.736. Market validation data is not currently available.
32,CSCO,Information Technology,70% NLP stagnation / 30% financial feasibility,Lower-priority candidate,Review candidate,Fail,Situational,0.735,0.6278,0.98,0.334,19037000000.0,0.721,34.634,0.054,1.679,0,,0.0,0,0,,,,none,0,,,,,CSCO ranks #32 under the official 70/30 NLP-finance model. NLP stagnation score is 0.628. Financial feasibility score is 0.980. Final score is 0.735. Market validation data is not currently available.
33,MCD,Consumer Discretionary,70% NLP stagnation / 30% financial feasibility,Watchlist candidate,Review candidate,Pass,Attractive,0.7335,0.7199,0.765,0.2846,7255000000.0,3.194,8.558,0.196,0.189,0,,0.0,0,0,,,,none,0,,,,,MCD ranks #33 under the official 70/30 NLP-finance model. NLP stagnation score is 0.720. Financial feasibility score is 0.765. Final score is 0.733. Market validation data is not currently available.
34,LDOS,Industrials,70% NLP stagnation / 30% financial feasibility,Watchlist candidate,Review candidate,Pass,Attractive,0.7307,0.6903,0.825,0.0639,980000000.0,0.649,4.224,0.217,1.586,0,,0.0,0,0,,,,none,0,,,,,LDOS ranks #34 under the official 70/30 NLP-finance model. NLP stagnation score is 0.690. Financial feasibility score is 0.825. Final score is 0.731. Market validation data is not currently available.
35,HUBB,Industrials,70% NLP stagnation / 30% financial feasibility,Watchlist candidate,Review candidate,Pass,Ideal,0.7246,0.6687,0.855,0.1331,715100000.0,0.107,14.191,0.141,5.703,1,1.0,1.0,1,0,-0.0205,-0.306,0.3245,none,0,,,,,HUBB ranks #35 under the official 70/30 NLP-finance model. NLP stagnation score is 0.669. Financial feasibility score is 0.855. Final score is 0.725. The company shows 1 market-pressure signal(s). Maximum drawdown was -30.6%. Relative return vs SPY was -2.1%.
36,ODFL,Industrials,70% NLP stagnation / 30% financial feasibility,Watchlist candidate,Review candidate,Pass,Attractive,0.7243,0.6984,0.785,0.2731,811826000.0,0.023,1363.463,0.385,18.041,0,,0.0,0,0,,,,none,0,,,,,ODFL ranks #36 under the official 70/30 NLP-finance model. NLP stagnation score is 0.698. Financial feasibility score is 0.785. Final score is 0.724. Market validation data is not currently available.
37,NDSN,Industrials,70% NLP stagnation / 30% financial feasibility,Lower-priority candidate,Review candidate,Pass,Ideal,0.7242,0.6488,0.9,0.2308,606699000.0,2.986,26.392,0.047,0.277,0,,0.0,0,0,,,,none,0,,,,,NDSN ranks #37 under the official 70/30 NLP-finance model. NLP stagnation score is 0.649. Financial feasibility score is 0.900. Final score is 0.724. Market validation data is not currently available.
38,IEX,Industrials,70% NLP stagnation / 30% financial feasibility,Watchlist candidate,Review candidate,Pass,Attractive,0.724,0.6785,0.83,0.1915,626800000.0,2.496,17.866,0.114,0.318,0,,0.0,0,0,,,,none,0,,,,,IEX ranks #38 under the official 70/30 NLP-finance model. NLP stagnation score is 0.679. Financial feasibility score is 0.830. Final score is 0.724. Market validation data is not currently available.
39,FIX,Industrials,70% NLP stagnation / 30% financial feasibility,Watchlist candidate,Review candidate,Pass,Ideal,0.722,0.6564,0.875,0.1046,544730000.0,0.15,40.695,0.208,7.971,0,,0.0,0,0,,,,none,0,,,,,FIX ranks #39 under the official 70/30 NLP-finance model. NLP stagnation score is 0.656. Financial feasibility score is 0.875. Final score is 0.722. Market validation data is not currently available.
40,ITW,Industrials,70% NLP stagnation / 30% financial feasibility,Lower-priority candidate,Review candidate,Pass,Ideal,0.7207,0.646,0.895,0.1915,3084000000.0,0.36,20.0,0.105,1.983,1,1.0,1.0,1,0,-0.1965,-0.1994,0.2315,none,0,,,,,ITW ranks #40 under the official 70/30 NLP-finance model. NLP stagnation score is 0.646. Financial feasibility score is 0.895. Final score is 0.721. The company shows 1 market-pressure signal(s). Maximum drawdown was -19.9%. Relative return vs SPY was -19.6%.
41,NOW,Information Technology,70% NLP stagnation / 30% financial feasibility,Lower-priority candidate,Review candidate,Fail,Situational,0.7166,0.6487,0.875,0.3014,2704000000.0,0.069,23.091,0.524,29.391,0,,0.0,0,0,,,,none,0,,,,,NOW ranks #41 under the official 70/30 NLP-finance model. NLP stagnation score is 0.649. Financial feasibility score is 0.875. Final score is 0.717. Market validation data is not currently available.
42,WDAY,Information Technology,70% NLP stagnation / 30% financial feasibility,Watchlist candidate,"High NLP signal, financial caution",Fail,Marginal,0.7163,0.6869,0.785,0.2641,1917000000.0,7.71,10.765,0.601,0.644,0,,0.0,0,0,,,,none,0,,,,,WDAY ranks #42 under the official 70/30 NLP-finance model. NLP stagnation score is 0.687. Financial feasibility score is 0.785. Final score is 0.716. Market validation data is not currently available.
43,BA,Industrials,70% NLP stagnation / 30% financial feasibility,Watchlist candidate,"High NLP signal, financial caution",Fail,Marginal,0.7143,0.7162,0.71,0.057,4433000000.0,1.175,-0.314,1.403,3.469,0,,0.0,0,0,,,,none,0,,,,,BA ranks #43 under the official 70/30 NLP-finance model. NLP stagnation score is 0.716. Financial feasibility score is 0.710. Final score is 0.714. Market validation data is not currently available.
44,DELL,Information Technology,70% NLP stagnation / 30% financial feasibility,Watchlist candidate,Review candidate,Fail,Marginal,0.7136,0.6702,0.815,0.0669,5920000000.0,0.597,3.509,0.316,1.138,0,,0.0,0,0,,,,none,0,,,,,DELL ranks #44 under the official 70/30 NLP-finance model. NLP stagnation score is 0.670. Financial feasibility score is 0.815. Final score is 0.714. Market validation data is not currently available.
45,IDXX,Health Care,70% NLP stagnation / 30% financial feasibility,Lower-priority candidate,Review candidate,Pass,Ideal,0.7129,0.6349,0.895,0.2111,772879000.0,0.371,36.806,0.11,1.718,1,2.0,2.0,1,1,0.1374,-0.2778,0.4137,none,0,,,,,IDXX ranks #45 under the official 70/30 NLP-finance model. NLP stagnation score is 0.635. Financial feasibility score is 0.895. Final score is 0.713. The company shows 2 market-pressure signal(s). Maximum drawdown was -27.8%. Relative return vs SPY was 13.7%.
46,EBAY,Consumer Discretionary,70% NLP stagnation / 30% financial feasibility,Lower-priority candidate,Review candidate,Pass,Ideal,0.7109,0.6299,0.9,0.1948,1970000000.0,0.702,7.216,0.191,1.178,0,,0.0,0,0,,,,none,0,,,,,EBAY ranks #46 under the official 70/30 NLP-finance model. NLP stagnation score is 0.630. Financial feasibility score is 0.900. Final score is 0.711. Market validation data is not currently available.
47,PM,Consumer Staples,70% NLP stagnation / 30% financial feasibility,Lower-priority candidate,Review candidate,Fail,Situational,0.7106,0.6208,0.92,0.2241,7883000000.0,1.139,15.68,0.102,0.534,0,,0.0,0,0,,,,none,0,,,,,PM ranks #47 under the official 70/30 NLP-finance model. NLP stagnation score is 0.621. Financial feasibility score is 0.920. Final score is 0.711. Market validation data is not currently available.
48,CRM,Information Technology,70% NLP stagnation / 30% financial feasibility,Lower-priority candidate,Review candidate,Pass,Ideal,0.7099,0.6112,0.94,0.2725,9498000000.0,1.38,56.303,0.12,1.126,0,,0.0,0,0,,,,none,0,,,,,CRM ranks #48 under the official 70/30 NLP-finance model. NLP stagnation score is 0.611. Financial feasibility score is 0.940. Final score is 0.710. Market validation data is not currently available.
49,CTSH,Information Technology,70% NLP stagnation / 30% financial feasibility,Lower-priority candidate,Review candidate,Pass,Ideal,0.7098,0.6262,0.905,0.104,2013000000.0,0.003,298.778,0.098,223.667,0,,0.0,0,0,,,,none,0,,,,,CTSH ranks #49 under the official 70/30 NLP-finance model. NLP stagnation score is 0.626. Financial feasibility score is 0.905. Final score is 0.710. Market validation data is not currently available.
50,EQR,Real Estate,70% NLP stagnation / 30% financial feasibility,Watchlist candidate,"High NLP signal, financial caution",Fail,Insufficient data,0.7095,0.6707,0.8,0.6179,1527067000.0,3.214,1289.108,0.002,0.185,1,1.0,1.0,1,0,-0.2692,-0.1943,0.2286,none,0,,,,,EQR ranks #50 under the official 70/30 NLP-finance model. NLP stagnation score is 0.671. Financial feasibility score is 0.800. Final score is 0.709. The company shows 1 market-pressure signal(s). Maximum drawdown was -19.4%. Relative return vs SPY was -26.9%.
51,LYB,Materials,70% NLP stagnation / 30% financial feasibility,Watchlist candidate,Review candidate,Pass,Attractive,0.7083,0.654,0.835,0.1023,3411000000.0,1.01,5.25,0.359,0.793,0,,0.0,0,0,,,,none,0,,,,,LYB ranks #51 under the official 70/30 NLP-finance model. NLP stagnation score is 0.654. Financial feasibility score is 0.835. Final score is 0.708. Market validation data is not currently available.
52,EW,Health Care,70% NLP stagnation / 30% financial feasibility,Watchlist candidate,Review candidate,Pass,Attractive,0.7071,0.6587,0.82,0.1283,642800000.0,0.413,71.136,0.174,1.071,0,,0.0,0,0,,,,none,0,,,,,EW ranks #52 under the official 70/30 NLP-finance model. NLP stagnation score is 0.659. Financial feasibility score is 0.820. Final score is 0.707. Market validation data is not currently available.
53,CNC,Health Care,70% NLP stagnation / 30% financial feasibility,Watchlist candidate,Review candidate,Pass,Attractive,0.7054,0.6563,0.82,0.0518,7254000000.0,4.142,4.406,0.189,0.415,0,,0.0,0,0,,,,none,0,,,,,CNC ranks #53 under the official 70/30 NLP-finance model. NLP stagnation score is 0.656. Financial feasibility score is 0.820. Final score is 0.705. Market validation data is not currently available.
54,PH,Industrials,70% NLP stagnation / 30% financial feasibility,Lower-priority candidate,Review candidate,Fail,Situational,0.7025,0.6222,0.89,0.1363,2599000000.0,0.337,13.614,0.102,2.071,0,,0.0,0,0,,,,none,0,,,,,PH ranks #54 under the official 70/30 NLP-finance model. NLP stagnation score is 0.622. Financial feasibility score is 0.890. Final score is 0.703. Market validation data is not currently available.
55,DG,Consumer Staples,70% NLP stagnation / 30% financial feasibility,Watchlist candidate,Review candidate,Fail,Marginal,0.7025,0.7185,0.665,0.0179,691576000.0,1.254,15.529,0.516,0.167,0,,0.0,0,0,,,,none,0,,,,,DG ranks #55 under the official 70/30 NLP-finance model. NLP stagnation score is 0.719. Financial feasibility score is 0.665. Final score is 0.702. Market validation data is not currently available.
56,JNJ,Health Care,70% NLP stagnation / 30% financial feasibility,Lower-priority candidate,Review candidate,Pass,Ideal,0.7017,0.606,0.925,0.2143,18248000000.0,0.267,81.721,0.202,3.041,0,,0.0,0,0,,,,none,0,,,,,JNJ ranks #56 under the official 70/30 NLP-finance model. NLP stagnation score is 0.606. Financial feasibility score is 0.925. Final score is 0.702. Market validation data is not currently available.
57,KEYS,Information Technology,70% NLP stagnation / 30% financial feasibility,Lower-priority candidate,Review candidate,Pass,Ideal,0.7012,0.6074,0.92,0.2216,1211000000.0,1.211,17.41,0.133,0.677,0,,0.0,0,0,,,,none,0,,,,,KEYS ranks #57 under the official 70/30 NLP-finance model. NLP stagnation score is 0.607. Financial feasibility score is 0.920. Final score is 0.701. Market validation data is not currently available.
58,CSX,Industrials,70% NLP stagnation / 30% financial feasibility,Watchlist candidate,Review candidate,Fail,Marginal,0.7009,0.6563,0.805,0.2222,3257000000.0,1.3,10.108,0.318,0.352,0,,0.0,0,0,,,,none,0,,,,,CSX ranks #58 under the official 70/30 NLP-finance model. NLP stagnation score is 0.656. Financial feasibility score is 0.805. Final score is 0.701. Market validation data is not currently available.
59,APTV,Consumer Discretionary,70% NLP stagnation / 30% financial feasibility,Watchlist candidate,Review candidate,Pass,Marginal,0.7007,0.761,0.56,0.0494,990000000.0,3.097,5.47,0.367,0.129,0,,0.0,0,0,,,,none,0,,,,,APTV ranks #59 under the official 70/30 NLP-finance model. NLP stagnation score is 0.761. Financial feasibility score is 0.560. Final score is 0.701. Market validation data is not currently available.
60,BKNG,Consumer Discretionary,70% NLP stagnation / 30% financial feasibility,Lower-priority candidate,Lower priority,Pass,Ideal,0.6983,0.5882,0.955,0.3276,6999000000.0,2.618,17.47,0.054,0.422,0,,0.0,0,0,,,,none,0,,,,,BKNG ranks #60 under the official 70/30 NLP-finance model. NLP stagnation score is 0.588. Financial feasibility score is 0.955. Final score is 0.698. Market validation data is not currently available.
61,STZ,Consumer Staples,70% NLP stagnation / 30% financial feasibility,Watchlist candidate,Lower priority,Fail,Marginal,0.6975,0.7157,0.655,0.1517,1510900000.0,2.971,9.459,0.353,0.141,0,,0.0,0,0,,,,none,0,,,,,STZ ranks #61 under the official 70/30 NLP-finance model. NLP stagnation score is 0.716. Financial feasibility score is 0.655. Final score is 0.698. Market validation data is not currently available.
62,GE,Industrials,70% NLP stagnation / 30% financial feasibility,Watchlist candidate,Financial caution,Fail,Marginal,0.6967,0.6911,0.71,0.1224,4327000000.0,0.078,1.406,0.033,2.122,0,,0.0,0,0,,,,none,0,,,,,GE ranks #62 under the official 70/30 NLP-finance model. NLP stagnation score is 0.691. Financial feasibility score is 0.710. Final score is 0.697. Market validation data is not currently available.
63,T,Communication Services,70% NLP stagnation / 30% financial feasibility,Watchlist candidate,Lower priority,Fail,Marginal,0.6947,0.6538,0.79,0.1671,20461000000.0,0.12,3.493,0.423,4.021,0,,0.0,0,0,,,,none,0,,,,,T ranks #63 under the official 70/30 NLP-finance model. NLP stagnation score is 0.654. Financial feasibility score is 0.790. Final score is 0.695. Market validation data is not currently available.
64,AVGO,Information Technology,70% NLP stagnation / 30% financial feasibility,Lower-priority candidate,Lower priority,Pass,Ideal,0.6945,0.5829,0.955,0.4923,17633000000.0,2.453,9.33,0.027,0.43,0,,0.0,0,0,,,,none,0,,,,,AVGO ranks #64 under the official 70/30 NLP-finance model. NLP stagnation score is 0.583. Financial feasibility score is 0.955. Final score is 0.695. Market validation data is not currently available.
65,PAYX,Industrials,70% NLP stagnation / 30% financial feasibility,Lower-priority candidate,Lower priority,Pass,Ideal,0.6927,0.591,0.93,0.3185,1563200000.0,0.361,55.549,0.065,1.957,0,,0.0,0,0,,,,none,0,,,,,PAYX ranks #65 under the official 70/30 NLP-finance model. NLP stagnation score is 0.591. Financial feasibility score is 0.930. Final score is 0.693. Market validation data is not currently available.
66,TECH,Health Care,70% NLP stagnation / 30% financial feasibility,Lower-priority candidate,Lower priority,Pass,Ideal,0.6917,0.6238,0.85,0.1902,216149000.0,0.031,21.427,0.094,17.292,0,,0.0,0,0,,,,none,0,,,,,TECH ranks #66 under the official 70/30 NLP-finance model. NLP stagnation score is 0.624. Financial feasibility score is 0.850. Final score is 0.692. Market validation data is not currently available.
67,ADBE,Information Technology,70% NLP stagnation / 30% financial feasibility,Lower-priority candidate,Lower priority,Pass,Ideal,0.6899,0.557,0.98,0.3577,6942000000.0,0.199,58.85,0.048,4.631,0,,0.0,0,0,,,,none,0,,,,,ADBE ranks #67 under the official 70/30 NLP-finance model. NLP stagnation score is 0.557. Financial feasibility score is 0.980. Final score is 0.690. Market validation data is not currently available.
68,LRCX,Information Technology,70% NLP stagnation / 30% financial feasibility,Lower-priority candidate,Lower priority,Pass,Ideal,0.6897,0.5781,0.95,0.2684,4677370000.0,0.9,24.808,0.091,0.942,0,,0.0,0,0,,,,none,0,,,,,LRCX ranks #68 under the official 70/30 NLP-finance model. NLP stagnation score is 0.578. Financial feasibility score is 0.950. Final score is 0.690. Market validation data is not currently available.
69,PEP,Consumer Staples,70% NLP stagnation / 30% financial feasibility,Lower-priority candidate,Lower priority,Fail,Marginal,0.6893,0.6375,0.81,0.0866,7924000000.0,0.474,14.635,0.369,1.119,0,,0.0,0,0,,,,none,0,,,,,PEP ranks #69 under the official 70/30 NLP-finance model. NLP stagnation score is 0.638. Financial feasibility score is 0.810. Final score is 0.689. Market validation data is not currently available.
70,HUM,Health Care,70% NLP stagnation / 30% financial feasibility,Lower-priority candidate,Lower priority,Pass,Attractive,0.689,0.6264,0.835,0.028,2977000000.0,0.12,12.31,0.21,5.159,0,,0.0,0,0,,,,none,0,,,,,HUM ranks #70 under the official 70/30 NLP-finance model. NLP stagnation score is 0.626. Financial feasibility score is 0.835. Final score is 0.689. Market validation data is not currently available.
71,ULTA,Consumer Discretionary,70% NLP stagnation / 30% financial feasibility,Lower-priority candidate,Lower priority,Pass,Attractive,0.6888,0.6325,0.82,0.0929,1040999000.0,0.032,1363.463,0.226,16.713,0,,0.0,0,0,,,,none,0,,,,,ULTA ranks #71 under the official 70/30 NLP-finance model. NLP stagnation score is 0.633. Financial feasibility score is 0.820. Final score is 0.689. Market validation data is not currently available.
72,GDDY,Information Technology,70% NLP stagnation / 30% financial feasibility,Lower-priority candidate,Financial caution,Fail,Marginal,0.6888,0.6411,0.8,0.2364,1005600000.0,5.28,4.344,0.058,0.265,0,,0.0,0,0,,,,none,0,,,,,GDDY ranks #72 under the official 70/30 NLP-finance model. NLP stagnation score is 0.641. Financial feasibility score is 0.800. Final score is 0.689. Market validation data is not currently available.
73,HSIC,Health Care,70% NLP stagnation / 30% financial feasibility,Watchlist candidate,Lower priority,Pass,Attractive,0.6886,0.658,0.76,0.0286,353000000.0,0.952,7.069,0.17,0.429,0,,0.0,0,0,,,,none,0,,,,,HSIC ranks #73 under the official 70/30 NLP-finance model. NLP stagnation score is 0.658. Financial feasibility score is 0.760. Final score is 0.689. Market validation data is not currently available.
74,BDX,Health Care,70% NLP stagnation / 30% financial feasibility,Lower-priority candidate,Lower priority,Pass,Attractive,0.6874,0.6348,0.81,0.1092,2116000000.0,0.493,4.67,0.199,0.975,0,,0.0,0,0,,,,none,0,,,,,BDX ranks #74 under the official 70/30 NLP-finance model. NLP stagnation score is 0.635. Financial feasibility score is 0.810. Final score is 0.687. Market validation data is not currently available.
75,EFX,Industrials,70% NLP stagnation / 30% financial feasibility,Watchlist candidate,Lower priority,Fail,Marginal,0.6858,0.6776,0.705,0.0979,515500000.0,0.443,6.412,0.387,0.75,0,,0.0,0,0,,,,none,0,,,,,EFX ranks #75 under the official 70/30 NLP-finance model. NLP stagnation score is 0.678. Financial feasibility score is 0.705. Final score is 0.686. Market validation data is not currently available.
76,A,Health Care,70% NLP stagnation / 30% financial feasibility,Lower-priority candidate,Lower priority,Pass,Ideal,0.6846,0.5966,0.89,0.2157,1474000000.0,2.064,14.211,0.184,0.441,0,,0.0,0,0,,,,none,0,,,,,A ranks #76 under the official 70/30 NLP-finance model. NLP stagnation score is 0.597. Financial feasibility score is 0.890. Final score is 0.685. Market validation data is not currently available.
77,INVH,Real Estate,70% NLP stagnation / 30% financial feasibility,Watchlist candidate,Financial caution,Fail,Insufficient data,0.684,0.7093,0.625,0.4543,1105057000.0,10.626,0.354,0.003,0.132,0,,0.0,0,0,,,,none,0,,,,,INVH ranks #77 under the official 70/30 NLP-finance model. NLP stagnation score is 0.709. Financial feasibility score is 0.625. Final score is 0.684. Market validation data is not currently available.
78,MCK,Health Care,70% NLP stagnation / 30% financial feasibility,Lower-priority candidate,Lower priority,Fail,Situational,0.6839,0.6041,0.87,0.0172,4769000000.0,1.21,24.612,0.084,0.847,0,,0.0,0,0,,,,none,0,,,,,MCK ranks #78 under the official 70/30 NLP-finance model. NLP stagnation score is 0.604. Financial feasibility score is 0.870. Final score is 0.684. Market validation data is not currently available.
79,PANW,Information Technology,70% NLP stagnation / 30% financial feasibility,Lower-priority candidate,Financial caution,Fail,Marginal,0.6838,0.634,0.8,0.3817,2631200000.0,5.492,14.135,0.219,0.716,1,3.0,3.0,1,1,-0.2486,-0.3601,0.3702,none,0,,,,,PANW ranks #79 under the official 70/30 NLP-finance model. NLP stagnation score is 0.634. Financial feasibility score is 0.800. Final score is 0.684. The company shows 3 market-pressure signal(s). Maximum drawdown was -36.0%. Relative return vs SPY was -24.9%.
80,ORCL,Information Technology,70% NLP stagnation / 30% financial feasibility,Watchlist candidate,Lower priority,Fail,Marginal,0.6837,0.6574,0.745,0.1696,8470000000.0,0.679,3.736,0.557,0.799,0,,0.0,0,0,,,,none,0,,,,,ORCL ranks #80 under the official 70/30 NLP-finance model. NLP stagnation score is 0.657. Financial feasibility score is 0.745. Final score is 0.684. Market validation data is not currently available.
81,HPE,Information Technology,70% NLP stagnation / 30% financial feasibility,Watchlist candidate,Lower priority,Fail,Marginal,0.6824,0.6835,0.68,0.0549,1600000000.0,1.008,2.946,0.601,0.337,0,,0.0,0,0,,,,none,0,,,,,HPE ranks #81 under the official 70/30 NLP-finance model. NLP stagnation score is 0.683. Financial feasibility score is 0.680. Final score is 0.682. Market validation data is not currently available.
82,TT,Industrials,70% NLP stagnation / 30% financial feasibility,Lower-priority candidate,Lower priority,Pass,Ideal,0.6821,0.5866,0.905,0.1182,2088900000.0,0.147,12.341,0.098,4.619,0,,0.0,0,0,,,,none,0,,,,,TT ranks #82 under the official 70/30 NLP-finance model. NLP stagnation score is 0.587. Financial feasibility score is 0.905. Final score is 0.682. Market validation data is not currently available.
83,NXPI,Information Technology,70% NLP stagnation / 30% financial feasibility,Lower-priority candidate,Lower priority,Pass,Ideal,0.6816,0.5966,0.88,0.2023,2686000000.0,0.105,8.358,0.173,5.372,0,,0.0,0,0,,,,none,0,,,,,NXPI ranks #83 under the official 70/30 NLP-finance model. NLP stagnation score is 0.597. Financial feasibility score is 0.880. Final score is 0.682. Market validation data is not currently available.
84,PG,Consumer Staples,70% NLP stagnation / 30% financial feasibility,Lower-priority candidate,Lower priority,Fail,Situational,0.6811,0.5809,0.915,0.1681,13786000000.0,0.345,36.124,0.147,1.917,0,,0.0,0,0,,,,none,0,,,,,PG ranks #84 under the official 70/30 NLP-finance model. NLP stagnation score is 0.581. Financial feasibility score is 0.915. Final score is 0.681. Market validation data is not currently available.
85,POOL,Consumer Discretionary,70% NLP stagnation / 30% financial feasibility,Lower-priority candidate,Lower priority,Pass,Ideal,0.6808,0.5847,0.905,0.1494,828133000.0,0.064,77.228,0.077,16.739,0,,0.0,0,0,,,,none,0,,,,,POOL ranks #85 under the official 70/30 NLP-finance model. NLP stagnation score is 0.585. Financial feasibility score is 0.905. Final score is 0.681. Market validation data is not currently available.
86,TRMB,Information Technology,70% NLP stagnation / 30% financial feasibility,Lower-priority candidate,Lower priority,Pass,Ideal,0.6808,0.5997,0.87,0.1461,555100000.0,1.988,247.682,0.06,0.399,0,,0.0,0,0,,,,none,0,,,,,TRMB ranks #86 under the official 70/30 NLP-finance model. NLP stagnation score is 0.600. Financial feasibility score is 0.870. Final score is 0.681. Market validation data is not currently available.
87,YUM,Consumer Discretionary,70% NLP stagnation / 30% financial feasibility,Lower-priority candidate,Lower priority,Pass,Ideal,0.6799,0.5963,0.875,0.1863,1318000000.0,0.011,19.644,0.115,48.815,0,,0.0,0,0,,,,none,0,,,,,YUM ranks #87 under the official 70/30 NLP-finance model. NLP stagnation score is 0.596. Financial feasibility score is 0.875. Final score is 0.680. Market validation data is not currently available.
88,SBUX,Consumer Discretionary,70% NLP stagnation / 30% financial feasibility,Watchlist candidate,Lower priority,Fail,Marginal,0.6772,0.6546,0.73,0.1022,3675100000.0,2.127,10.672,0.319,0.236,0,,0.0,0,0,,,,none,0,,,,,SBUX ranks #88 under the official 70/30 NLP-finance model. NLP stagnation score is 0.655. Financial feasibility score is 0.730. Final score is 0.677. Market validation data is not currently available.
89,BBY,Consumer Discretionary,70% NLP stagnation / 30% financial feasibility,Lower-priority candidate,Lower priority,Pass,Attractive,0.6764,0.6341,0.775,0.0155,675000000.0,0.467,30.269,0.318,0.579,0,,0.0,0,0,,,,none,0,,,,,BBY ranks #89 under the official 70/30 NLP-finance model. NLP stagnation score is 0.634. Financial feasibility score is 0.775. Final score is 0.676. Market validation data is not currently available.
90,APP,Information Technology,70% NLP stagnation / 30% financial feasibility,Lower-priority candidate,Lower priority,Pass,Attractive,0.6758,0.6033,0.845,0.576,1060848000.0,2.782,2.824,0.001,0.302,0,,0.0,0,0,,,,none,0,,,,,APP ranks #90 under the official 70/30 NLP-finance model. NLP stagnation score is 0.603. Financial feasibility score is 0.845. Final score is 0.676. Market validation data is not currently available.
91,CTAS,Industrials,70% NLP stagnation / 30% financial feasibility,Lower-priority candidate,Lower priority,Pass,Ideal,0.6756,0.5988,0.855,0.1424,1255119000.0,0.916,18.355,0.15,0.62,0,,0.0,0,0,,,,none,0,,,,,CTAS ranks #91 under the official 70/30 NLP-finance model. NLP stagnation score is 0.599. Financial feasibility score is 0.855. Final score is 0.676. Market validation data is not currently available.
92,IR,Industrials,70% NLP stagnation / 30% financial feasibility,Lower-priority candidate,Lower priority,Pass,Ideal,0.6754,0.5684,0.925,0.185,1272000000.0,0.002,13.276,0.065,249.798,0,,0.0,0,0,,,,none,0,,,,,IR ranks #92 under the official 70/30 NLP-finance model. NLP stagnation score is 0.568. Financial feasibility score is 0.925. Final score is 0.675. Market validation data is not currently available.
93,RTX,Industrials,70% NLP stagnation / 30% financial feasibility,Watchlist candidate,Financial caution,Fail,Marginal,0.6752,0.7225,0.565,0.0793,5468000000.0,5.615,2.791,0.311,0.125,0,,0.0,0,0,,,,none,0,,,,,RTX ranks #93 under the official 70/30 NLP-finance model. NLP stagnation score is 0.722. Financial feasibility score is 0.565. Final score is 0.675. Market validation data is not currently available.
94,BALL,Materials,70% NLP stagnation / 30% financial feasibility,Watchlist candidate,Lower priority,Fail,Marginal,0.6744,0.6698,0.685,0.1023,818000000.0,0.19,2.807,0.551,2.266,0,,0.0,0,0,,,,none,0,,,,,BALL ranks #94 under the official 70/30 NLP-finance model. NLP stagnation score is 0.670. Financial feasibility score is 0.685. Final score is 0.674. Market validation data is not currently available.
95,VLO,Energy,70% NLP stagnation / 30% financial feasibility,Lower-priority candidate,Lower priority,Pass,Ideal,0.674,0.5985,0.85,,6492000000.0,0.062,20.03,0.23,8.738,0,,0.0,0,0,,,,none,0,,,,,VLO ranks #95 under the official 70/30 NLP-finance model. NLP stagnation score is 0.599. Financial feasibility score is 0.850. Final score is 0.674. Market validation data is not currently available.
96,ACN,Information Technology,70% NLP stagnation / 30% financial feasibility,Lower-priority candidate,Lower priority,Pass,Ideal,0.6737,0.5574,0.945,0.1403,8996096000.0,0.1,185.374,0.056,9.507,0,,0.0,0,0,,,,none,0,,,,,ACN ranks #96 under the official 70/30 NLP-finance model. NLP stagnation score is 0.557. Financial feasibility score is 0.945. Final score is 0.674. Market validation data is not currently available.
97,LIN,Materials,70% NLP stagnation / 30% financial feasibility,Lower-priority candidate,Lower priority,Fail,Marginal,0.6735,0.6107,0.82,0.168,5518000000.0,1.47,211.158,0.32,0.317,0,,0.0,0,0,,,,none,0,,,,,LIN ranks #97 under the official 70/30 NLP-finance model. NLP stagnation score is 0.611. Financial feasibility score is 0.820. Final score is 0.673. Market validation data is not currently available.
98,HST,Real Estate,70% NLP stagnation / 30% financial feasibility,Lower-priority candidate,Financial caution,Fail,Insufficient data,0.6731,0.5951,0.855,0.2162,1148000000.0,0.588,4.33,0.192,1.281,0,,0.0,0,0,,,,none,0,,,,,HST ranks #98 under the official 70/30 NLP-finance model. NLP stagnation score is 0.595. Financial feasibility score is 0.855. Final score is 0.673. Market validation data is not currently available.
99,GD,Industrials,70% NLP stagnation / 30% financial feasibility,Lower-priority candidate,Lower priority,Pass,Ideal,0.6723,0.594,0.855,0.09,3806000000.0,0.294,9.849,0.177,2.534,0,,0.0,0,0,,,,none,0,,,,,GD ranks #99 under the official 70/30 NLP-finance model. NLP stagnation score is 0.594. Financial feasibility score is 0.855. Final score is 0.672. Market validation data is not currently available.
100,VRSK,Industrials,70% NLP stagnation / 30% financial feasibility,Lower-priority candidate,Lower priority,Fail,Situational,0.6718,0.5889,0.865,0.3098,830700000.0,0.384,8.153,0.172,1.616,0,,0.0,0,0,,,,none,0,,,,,VRSK ranks #100 under the official 70/30 NLP-finance model. NLP stagnation score is 0.589. Financial feasibility score is 0.865. Final score is 0.672. Market validation data is not currently available.
101,ROK,Industrials,70% NLP stagnation / 30% financial feasibility,Lower-priority candidate,Lower priority,Pass,Ideal,0.6703,0.5847,0.87,0.1339,1213000000.0,1.036,20.391,0.074,0.537,0,,0.0,0,0,,,,none,0,,,,,ROK ranks #101 under the official 70/30 NLP-finance model. NLP stagnation score is 0.585. Financial feasibility score is 0.870. Final score is 0.670. Market validation data is not currently available.
102,RL,Consumer Discretionary,70% NLP stagnation / 30% financial feasibility,Lower-priority candidate,Lower priority,Pass,Attractive,0.6696,0.6394,0.74,0.03,193500000.0,0.289,17.431,0.235,0.725,0,,0.0,0,0,,,,none,0,,,,,RL ranks #102 under the official 70/30 NLP-finance model. NLP stagnation score is 0.639. Financial feasibility score is 0.740. Final score is 0.670. Market validation data is not currently available.
103,SWKS,Information Technology,70% NLP stagnation / 30% financial feasibility,Lower-priority candidate,Lower priority,Pass,Ideal,0.6695,0.5558,0.935,0.3449,1646100000.0,0.0,17.469,0.139,,0,,0.0,0,0,,,,none,0,,,,,SWKS ranks #103 under the official 70/30 NLP-finance model. NLP stagnation score is 0.556. Financial feasibility score is 0.935. Final score is 0.670. Market validation data is not currently available.
104,D,Utilities,70% NLP stagnation / 30% financial feasibility,Watchlist candidate,Financial caution,Fail,Marginal,0.6686,0.8416,0.265,0.0792,1068000000.0,7.73,2.033,0.918,0.023,0,,0.0,0,0,,,,none,0,,,,,D ranks #104 under the official 70/30 NLP-finance model. NLP stagnation score is 0.842. Financial feasibility score is 0.265. Final score is 0.669. Market validation data is not currently available.
105,MSFT,Information Technology,70% NLP stagnation / 30% financial feasibility,Lower-priority candidate,Lower priority,Pass,Ideal,0.6685,0.5822,0.87,0.2807,59475000000.0,0.452,42.91,0.282,1.324,0,,0.0,0,0,,,,none,0,,,,,MSFT ranks #105 under the official 70/30 NLP-finance model. NLP stagnation score is 0.582. Financial feasibility score is 0.870. Final score is 0.669. Market validation data is not currently available.
106,AMZN,Consumer Discretionary,70% NLP stagnation / 30% financial feasibility,Lower-priority candidate,Lower priority,Fail,Marginal,0.6675,0.6215,0.775,0.0561,32217000000.0,0.678,20.371,0.617,0.555,0,,0.0,0,0,,,,none,0,,,,,AMZN ranks #106 under the official 70/30 NLP-finance model. NLP stagnation score is 0.621. Financial feasibility score is 0.775. Final score is 0.668. Market validation data is not currently available.
107,LH,Health Care,70% NLP stagnation / 30% financial feasibility,Lower-priority candidate,Lower priority,Pass,Attractive,0.6674,0.6213,0.775,0.0719,874100000.0,0.767,3.635,0.348,0.874,0,,0.0,0,0,,,,none,0,,,,,LH ranks #107 under the official 70/30 NLP-finance model. NLP stagnation score is 0.621. Financial feasibility score is 0.775. Final score is 0.667. Market validation data is not currently available.
108,AME,Industrials,70% NLP stagnation / 30% financial feasibility,Lower-priority candidate,Lower priority,Pass,Ideal,0.667,0.5542,0.93,0.2424,1599047000.0,0.32,21.242,0.067,2.444,0,,0.0,0,0,,,,none,0,,,,,AME ranks #108 under the official 70/30 NLP-finance model. NLP stagnation score is 0.554. Financial feasibility score is 0.930. Final score is 0.667. Market validation data is not currently available.
109,KIM,Real Estate,70% NLP stagnation / 30% financial feasibility,Watchlist candidate,Financial caution,Fail,Insufficient data,0.666,0.6708,0.655,0.5906,1053207000.0,6.95,2.553,0.016,0.132,0,,0.0,0,0,,,,none,0,,,,,KIM ranks #109 under the official 70/30 NLP-finance model. NLP stagnation score is 0.671. Financial feasibility score is 0.655. Final score is 0.666. Market validation data is not currently available.
110,ABBV,Health Care,70% NLP stagnation / 30% financial feasibility,Lower-priority candidate,Lower priority,Fail,Situational,0.6652,0.5859,0.85,0.4062,22062000000.0,4.775,5.736,0.058,0.342,1,0.0,0.0,0,0,-0.0393,-0.2074,0.264,none,0,,,,,ABBV ranks #110 under the official 70/30 NLP-finance model. NLP stagnation score is 0.586. Financial feasibility score is 0.850. Final score is 0.665. No market-pressure signal is currently flagged. Maximum drawdown was -20.7%. Relative return vs SPY was -3.9%.
111,CSGP,Real Estate,70% NLP stagnation / 30% financial feasibility,Lower-priority candidate,Lower priority,Pass,Ideal,0.6651,0.5815,0.86,0.1515,372000000.0,0.359,31.285,0.303,2.657,0,,0.0,0,0,,,,none,0,,,,,CSGP ranks #111 under the official 70/30 NLP-finance model. NLP stagnation score is 0.582. Financial feasibility score is 0.860. Final score is 0.665. Market validation data is not currently available.
112,LHX,Industrials,70% NLP stagnation / 30% financial feasibility,Lower-priority candidate,Lower priority,Pass,Attractive,0.6649,0.5964,0.825,0.0848,1647000000.0,1.432,8.388,0.173,0.444,0,,0.0,0,0,,,,none,0,,,,,LHX ranks #112 under the official 70/30 NLP-finance model. NLP stagnation score is 0.596. Financial feasibility score is 0.825. Final score is 0.665. Market validation data is not currently available.
113,VRT,Industrials,70% NLP stagnation / 30% financial feasibility,Lower-priority candidate,Lower priority,Pass,Attractive,0.6641,0.6145,0.78,0.1126,772600000.0,2.561,4.843,0.112,0.264,1,2.0,2.0,1,1,1.2356,-0.5669,0.642,none,0,,,,,VRT ranks #113 under the official 70/30 NLP-finance model. NLP stagnation score is 0.614. Financial feasibility score is 0.780. Final score is 0.664. The company shows 2 market-pressure signal(s). Maximum drawdown was -56.7%. Relative return vs SPY was 123.6%.
114,XYL,Industrials,70% NLP stagnation / 30% financial feasibility,Lower-priority candidate,Lower priority,Pass,Attractive,0.664,0.6121,0.785,0.0769,566000000.0,1.796,8.579,0.249,0.29,0,,0.0,0,0,,,,none,0,,,,,XYL ranks #114 under the official 70/30 NLP-finance model. NLP stagnation score is 0.612. Financial feasibility score is 0.785. Final score is 0.664. Market validation data is not currently available.
115,GIS,Consumer Staples,70% NLP stagnation / 30% financial feasibility,Lower-priority candidate,Lower priority,Fail,Marginal,0.661,0.5972,0.81,0.104,2089100000.0,1.351,8.987,0.173,0.389,0,,0.0,0,0,,,,none,0,,,,,GIS ranks #115 under the official 70/30 NLP-finance model. NLP stagnation score is 0.597. Financial feasibility score is 0.810. Final score is 0.661. Market validation data is not currently available.
116,J,Industrials,70% NLP stagnation / 30% financial feasibility,Lower-priority candidate,Lower priority,Pass,Ideal,0.6609,0.5713,0.87,0.294,837277000.0,2.846,9.303,0.176,0.377,0,,0.0,0,0,,,,none,0,,,,,J ranks #116 under the official 70/30 NLP-finance model. NLP stagnation score is 0.571. Financial feasibility score is 0.870. Final score is 0.661. Market validation data is not currently available.
117,CRH,Materials,70% NLP stagnation / 30% financial feasibility,Lower-priority candidate,Lower priority,Pass,Attractive,0.6606,0.5987,0.805,0.0916,3200000000.0,0.515,13.289,0.312,1.067,0,,0.0,0,0,,,,none,0,,,,,CRH ranks #117 under the official 70/30 NLP-finance model. NLP stagnation score is 0.599. Financial feasibility score is 0.805. Final score is 0.661. Market validation data is not currently available.
118,PPG,Materials,70% NLP stagnation / 30% financial feasibility,Lower-priority candidate,Lower priority,Pass,Ideal,0.6596,0.5672,0.875,0.1167,1895000000.0,0.35,17.942,0.192,2.018,0,,0.0,0,0,,,,none,0,,,,,PPG ranks #118 under the official 70/30 NLP-finance model. NLP stagnation score is 0.567. Financial feasibility score is 0.875. Final score is 0.660. Market validation data is not currently available.
119,AOS,Industrials,70% NLP stagnation / 30% financial feasibility,Lower-priority candidate,Lower priority,Pass,Ideal,0.6591,0.5538,0.905,0.1551,597700000.0,0.235,62.125,0.088,3.094,0,,0.0,0,0,,,,none,0,,,,,AOS ranks #119 under the official 70/30 NLP-finance model. NLP stagnation score is 0.554. Financial feasibility score is 0.905. Final score is 0.659. Market validation data is not currently available.
120,PNR,Industrials,70% NLP stagnation / 30% financial feasibility,Lower-priority candidate,Lower priority,Pass,Attractive,0.6588,0.5876,0.825,0.1323,543200000.0,2.052,8.467,0.095,0.331,1,2.0,2.0,1,1,-0.4502,-0.2919,0.3019,none,0,,,,,PNR ranks #120 under the official 70/30 NLP-finance model. NLP stagnation score is 0.588. Financial feasibility score is 0.825. Final score is 0.659. The company shows 2 market-pressure signal(s). Maximum drawdown was -29.2%. Relative return vs SPY was -45.0%.
121,BIIB,Health Care,70% NLP stagnation / 30% financial feasibility,Lower-priority candidate,Lower priority,Pass,Attractive,0.6588,0.5854,0.83,0.1291,1270200000.0,0.232,28.524,0.037,0.726,0,,0.0,0,0,,,,none,0,,,,,BIIB ranks #121 under the official 70/30 NLP-finance model. NLP stagnation score is 0.585. Financial feasibility score is 0.830. Final score is 0.659. Market validation data is not currently available.
122,VRSN,Information Technology,70% NLP stagnation / 30% financial feasibility,Lower-priority candidate,Lower priority,Fail,Situational,0.6582,0.5439,0.925,0.5412,808000000.0,0.096,13.288,0.044,8.08,0,,0.0,0,0,,,,none,0,,,,,VRSN ranks #122 under the official 70/30 NLP-finance model. NLP stagnation score is 0.544. Financial feasibility score is 0.925. Final score is 0.658. Market validation data is not currently available.
123,CRL,Health Care,70% NLP stagnation / 30% financial feasibility,Lower-priority candidate,Lower priority,Pass,Attractive,0.6569,0.6256,0.73,0.0885,365370000.0,1.166,8.352,0.342,0.336,0,,0.0,0,0,,,,none,0,,,,,CRL ranks #123 under the official 70/30 NLP-finance model. NLP stagnation score is 0.626. Financial feasibility score is 0.730. Final score is 0.657. Market validation data is not currently available.
124,AEP,Utilities,70% NLP stagnation / 30% financial feasibility,Watchlist candidate,Financial caution,Fail,Marginal,0.6565,0.6658,0.635,0.2496,4857000000.0,6.578,2.966,0.024,0.114,0,,0.0,0,0,,,,none,0,,,,,AEP ranks #124 under the official 70/30 NLP-finance model. NLP stagnation score is 0.666. Financial feasibility score is 0.635. Final score is 0.657. Market validation data is not currently available.
125,TJX,Consumer Discretionary,70% NLP stagnation / 30% financial feasibility,Lower-priority candidate,Lower priority,Pass,Ideal,0.6564,0.567,0.865,0.1401,4335000000.0,0.549,51.924,0.33,1.513,0,,0.0,0,0,,,,none,0,,,,,TJX ranks #125 under the official 70/30 NLP-finance model. NLP stagnation score is 0.567. Financial feasibility score is 0.865. Final score is 0.656. Market validation data is not currently available.
126,RMD,Health Care,70% NLP stagnation / 30% financial feasibility,Lower-priority candidate,Lower priority,Pass,Ideal,0.6559,0.5727,0.85,0.1358,573627000.0,0.538,31.305,0.092,0.823,1,2.0,2.0,1,1,-0.3431,-0.2987,0.264,none,0,,,,,RMD ranks #126 under the official 70/30 NLP-finance model. NLP stagnation score is 0.573. Financial feasibility score is 0.850. Final score is 0.656. The company shows 2 market-pressure signal(s). Maximum drawdown was -29.9%. Relative return vs SPY was -34.3%.
127,STLD,Materials,70% NLP stagnation / 30% financial feasibility,Lower-priority candidate,Lower priority,Pass,Attractive,0.6555,0.5978,0.79,0.0991,1862023000.0,0.9,55.082,0.462,0.576,1,1.0,1.0,1,0,0.8339,-0.2115,0.3698,none,0,,,,,STLD ranks #127 under the official 70/30 NLP-finance model. NLP stagnation score is 0.598. Financial feasibility score is 0.790. Final score is 0.655. The company shows 1 market-pressure signal(s). Maximum drawdown was -21.1%. Relative return vs SPY was 83.4%.
128,WAB,Industrials,70% NLP stagnation / 30% financial feasibility,Lower-priority candidate,Lower priority,Pass,Attractive,0.6547,0.5817,0.825,0.1049,1015000000.0,2.215,79.209,0.104,0.255,0,,0.0,0,0,,,,none,0,,,,,WAB ranks #128 under the official 70/30 NLP-finance model. NLP stagnation score is 0.582. Financial feasibility score is 0.825. Final score is 0.655. Market validation data is not currently available.
129,AAPL,Information Technology,70% NLP stagnation / 30% financial feasibility,Lower-priority candidate,Lower priority,Fail,Situational,0.6538,0.5268,0.95,0.2598,60477000000.0,0.768,43.214,0.087,1.03,0,,0.0,0,0,,,,none,0,,,,,AAPL ranks #129 under the official 70/30 NLP-finance model. NLP stagnation score is 0.527. Financial feasibility score is 0.950. Final score is 0.654. Market validation data is not currently available.
130,TSCO,Consumer Discretionary,70% NLP stagnation / 30% financial feasibility,Lower-priority candidate,Lower priority,Pass,Attractive,0.6535,0.6208,0.73,0.0399,580150000.0,0.08,31.798,0.403,3.868,0,,0.0,0,0,,,,none,0,,,,,TSCO ranks #130 under the official 70/30 NLP-finance model. NLP stagnation score is 0.621. Financial feasibility score is 0.730. Final score is 0.654. Market validation data is not currently available.
131,KR,Consumer Staples,70% NLP stagnation / 30% financial feasibility,Watchlist candidate,Lower priority,Fail,Marginal,0.6532,0.6503,0.66,0.0192,2884000000.0,2.557,5.422,0.628,0.181,0,,0.0,0,0,,,,none,0,,,,,KR ranks #131 under the official 70/30 NLP-finance model. NLP stagnation score is 0.650. Financial feasibility score is 0.660. Final score is 0.653. Market validation data is not currently available.
132,GNRC,Industrials,70% NLP stagnation / 30% financial feasibility,Lower-priority candidate,Lower priority,Pass,Attractive,0.6527,0.6217,0.725,0.0976,392610000.0,1.635,3.956,0.233,0.434,0,,0.0,0,0,,,,none,0,,,,,GNRC ranks #132 under the official 70/30 NLP-finance model. NLP stagnation score is 0.622. Financial feasibility score is 0.725. Final score is 0.653. Market validation data is not currently available.
133,VZ,Communication Services,70% NLP stagnation / 30% financial feasibility,Lower-priority candidate,Lower priority,Fail,Marginal,0.6521,0.5801,0.82,0.1524,20416000000.0,0.559,6.564,0.421,0.902,0,,0.0,0,0,,,,none,0,,,,,VZ ranks #133 under the official 70/30 NLP-finance model. NLP stagnation score is 0.580. Financial feasibility score is 0.820. Final score is 0.652. Market validation data is not currently available.
134,ANET,Information Technology,70% NLP stagnation / 30% financial feasibility,Lower-priority candidate,Lower priority,Pass,Ideal,0.6518,0.5112,0.98,0.3412,1999600000.0,0.042,719.802,0.015,20.24,1,2.0,2.0,1,1,0.2943,-0.5042,0.5693,none,0,,,,,ANET ranks #134 under the official 70/30 NLP-finance model. NLP stagnation score is 0.511. Financial feasibility score is 0.980. Final score is 0.652. The company shows 2 market-pressure signal(s). Maximum drawdown was -50.4%. Relative return vs SPY was 29.4%.
135,CMCSA,Communication Services,70% NLP stagnation / 30% financial feasibility,Lower-priority candidate,Lower priority,Fail,Marginal,0.6504,0.5862,0.8,0.1337,16259000000.0,0.13,5.446,0.325,3.313,0,,0.0,0,0,,,,none,0,,,,,CMCSA ranks #135 under the official 70/30 NLP-finance model. NLP stagnation score is 0.586. Financial feasibility score is 0.800. Final score is 0.650. Market validation data is not currently available.
136,FSLR,Information Technology,70% NLP stagnation / 30% financial feasibility,Watchlist candidate,Financial caution,Fail,Marginal,0.6503,0.8004,0.3,-0.2364,-784515000.0,0.218,65.405,1.281,-3.318,0,,0.0,0,0,,,,none,0,,,,,FSLR ranks #136 under the official 70/30 NLP-finance model. NLP stagnation score is 0.800. Financial feasibility score is 0.300. Final score is 0.650. Market validation data is not currently available.
137,PTC,Information Technology,70% NLP stagnation / 30% financial feasibility,Lower-priority candidate,Lower priority,Fail,Situational,0.6502,0.5625,0.855,0.2799,587047000.0,2.179,3.543,0.042,0.478,0,,0.0,0,0,,,,none,0,,,,,PTC ranks #137 under the official 70/30 NLP-finance model. NLP stagnation score is 0.562. Financial feasibility score is 0.855. Final score is 0.650. Market validation data is not currently available.
138,JCI,Industrials,70% NLP stagnation / 30% financial feasibility,Lower-priority candidate,Financial caution,Fail,Marginal,0.6483,0.6625,0.615,0.0631,1410000000.0,5.881,2.967,0.306,0.165,0,,0.0,0,0,,,,none,0,,,,,JCI ranks #138 under the official 70/30 NLP-finance model. NLP stagnation score is 0.663. Financial feasibility score is 0.615. Final score is 0.648. Market validation data is not currently available.
139,KDP,Consumer Staples,70% NLP stagnation / 30% financial feasibility,Lower-priority candidate,Lower priority,Fail,Marginal,0.6465,0.6086,0.735,0.061,904000000.0,0.735,6.384,0.118,0.342,0,,0.0,0,0,,,,none,0,,,,,KDP ranks #139 under the official 70/30 NLP-finance model. NLP stagnation score is 0.609. Financial feasibility score is 0.735. Final score is 0.647. Market validation data is not currently available.
140,CVS,Health Care,70% NLP stagnation / 30% financial feasibility,Lower-priority candidate,Lower priority,Fail,Marginal,0.6452,0.5831,0.79,0.0291,10395000000.0,1.491,5.491,0.167,0.385,1,0.0,0.0,0,0,0.7183,-0.1644,0.335,none,0,,,,,CVS ranks #140 under the official 70/30 NLP-finance model. NLP stagnation score is 0.583. Financial feasibility score is 0.790. Final score is 0.645. No market-pressure signal is currently flagged. Maximum drawdown was -16.4%. Relative return vs SPY was 71.8%.
141,WST,Health Care,70% NLP stagnation / 30% financial feasibility,Lower-priority candidate,Lower priority,Pass,Attractive,0.6451,0.598,0.755,0.1405,414500000.0,0.249,82.439,0.445,2.046,0,,0.0,0,0,,,,none,0,,,,,WST ranks #141 under the official 70/30 NLP-finance model. NLP stagnation score is 0.598. Financial feasibility score is 0.755. Final score is 0.645. Market validation data is not currently available.
142,UBER,Industrials,70% NLP stagnation / 30% financial feasibility,Lower-priority candidate,Financial caution,Fail,Marginal,0.6436,0.6152,0.71,0.0902,3362000000.0,5.484,2.298,0.115,0.317,0,,0.0,0,0,,,,none,0,,,,,UBER ranks #142 under the official 70/30 NLP-finance model. NLP stagnation score is 0.615. Financial feasibility score is 0.710. Final score is 0.644. Market validation data is not currently available.
143,HD,Consumer Discretionary,70% NLP stagnation / 30% financial feasibility,Lower-priority candidate,Lower priority,Pass,Ideal,0.6434,0.5484,0.865,0.1175,17946000000.0,1.996,16.102,0.13,0.363,0,,0.0,0,0,,,,none,0,,,,,HD ranks #143 under the official 70/30 NLP-finance model. NLP stagnation score is 0.548. Financial feasibility score is 0.865. Final score is 0.643. Market validation data is not currently available.
144,UHS,Health Care,70% NLP stagnation / 30% financial feasibility,Lower-priority candidate,Lower priority,Pass,Marginal,0.6434,0.6877,0.54,0.0367,524742000.0,2.584,5.687,0.426,0.116,0,,0.0,0,0,,,,none,0,,,,,UHS ranks #144 under the official 70/30 NLP-finance model. NLP stagnation score is 0.688. Financial feasibility score is 0.540. Final score is 0.643. Market validation data is not currently available.
145,MGM,Consumer Discretionary,70% NLP stagnation / 30% financial feasibility,Lower-priority candidate,Lower priority,Pass,Attractive,0.6427,0.6075,0.725,0.1088,1758964000.0,2.351,2.366,0.344,0.276,0,,0.0,0,0,,,,none,0,,,,,MGM ranks #145 under the official 70/30 NLP-finance model. NLP stagnation score is 0.607. Financial feasibility score is 0.725. Final score is 0.643. Market validation data is not currently available.
146,KO,Consumer Staples,70% NLP stagnation / 30% financial feasibility,Lower-priority candidate,Lower priority,Pass,Attractive,0.6424,0.5555,0.845,0.213,9747000000.0,2.957,7.407,0.149,0.265,1,0.0,0.0,0,0,0.0667,-0.1262,0.1987,none,0,,,,,KO ranks #146 under the official 70/30 NLP-finance model. NLP stagnation score is 0.556. Financial feasibility score is 0.845. Final score is 0.642. No market-pressure signal is currently flagged. Maximum drawdown was -12.6%. Relative return vs SPY was 6.7%.
147,APH,Information Technology,70% NLP stagnation / 30% financial feasibility,Validation signal despite lower model score,Lower priority,Pass,Ideal,0.6413,0.5389,0.88,0.1717,2155900000.0,1.015,22.161,0.126,0.716,1,2.0,2.0,1,1,0.8315,-0.2819,0.4138,none,0,,,,,APH ranks #147 under the official 70/30 NLP-finance model. NLP stagnation score is 0.539. Financial feasibility score is 0.880. Final score is 0.641. The company shows 2 market-pressure signal(s). Maximum drawdown was -28.2%. Relative return vs SPY was 83.1%.
148,FICO,Information Technology,70% NLP stagnation / 30% financial feasibility,Lower-priority candidate,Lower priority,Pass,Attractive,0.641,0.5878,0.765,0.307,464678000.0,3.36,9.321,0.006,0.21,0,,0.0,0,0,,,,none,0,,,,,FICO ranks #148 under the official 70/30 NLP-finance model. NLP stagnation score is 0.588. Financial feasibility score is 0.765. Final score is 0.641. Market validation data is not currently available.
149,HRL,Consumer Staples,70% NLP stagnation / 30% financial feasibility,Lower-priority candidate,Lower priority,Pass,Attractive,0.6405,0.5915,0.755,0.0839,777636000.0,2.157,24.755,0.204,0.272,0,,0.0,0,0,,,,none,0,,,,,HRL ranks #149 under the official 70/30 NLP-finance model. NLP stagnation score is 0.591. Financial feasibility score is 0.755. Final score is 0.641. Market validation data is not currently available.
150,TEL,Information Technology,70% NLP stagnation / 30% financial feasibility,Lower-priority candidate,Lower priority,Pass,Ideal,0.6398,0.5455,0.86,0.1497,2400000000.0,0.281,41.143,0.236,2.755,0,,0.0,0,0,,,,none,0,,,,,TEL ranks #150 under the official 70/30 NLP-finance model. NLP stagnation score is 0.545. Financial feasibility score is 0.860. Final score is 0.640. Market validation data is not currently available.
151,TXN,Information Technology,70% NLP stagnation / 30% financial feasibility,Lower-priority candidate,Lower priority,Fail,Marginal,0.6384,0.6934,0.51,0.077,1349000000.0,1.598,20.768,0.596,0.099,0,,0.0,0,0,,,,none,0,,,,,TXN ranks #151 under the official 70/30 NLP-finance model. NLP stagnation score is 0.693. Financial feasibility score is 0.510. Final score is 0.638. Market validation data is not currently available.
152,ALLE,Industrials,70% NLP stagnation / 30% financial feasibility,Lower-priority candidate,Lower priority,Pass,Attractive,0.6381,0.5579,0.825,0.1414,516400000.0,0.027,7.609,0.103,23.58,0,,0.0,0,0,,,,none,0,,,,,ALLE ranks #152 under the official 70/30 NLP-finance model. NLP stagnation score is 0.558. Financial feasibility score is 0.825. Final score is 0.638. Market validation data is not currently available.
153,CPRT,Industrials,70% NLP stagnation / 30% financial feasibility,Lower-priority candidate,Lower priority,Pass,Attractive,0.6379,0.5685,0.8,1.8371,847574000.0,0.0,72.986,0.314,,0,,0.0,0,0,,,,none,0,,,,,CPRT ranks #153 under the official 70/30 NLP-finance model. NLP stagnation score is 0.568. Financial feasibility score is 0.800. Final score is 0.638. Market validation data is not currently available.
154,GPC,Consumer Discretionary,70% NLP stagnation / 30% financial feasibility,Lower-priority candidate,Lower priority,Pass,Marginal,0.6379,0.6242,0.67,0.04,922935000.0,2.712,19.78,0.325,0.215,0,,0.0,0,0,,,,none,0,,,,,GPC ranks #154 under the official 70/30 NLP-finance model. NLP stagnation score is 0.624. Financial feasibility score is 0.670. Final score is 0.638. Market validation data is not currently available.
155,NFLX,Communication Services,70% NLP stagnation / 30% financial feasibility,Lower-priority candidate,Lower priority,Pass,Ideal,0.6372,0.501,0.955,0.2054,6925749000.0,2.835,9.083,0.048,0.334,0,,0.0,0,0,,,,none,0,,,,,NFLX ranks #155 under the official 70/30 NLP-finance model. NLP stagnation score is 0.501. Financial feasibility score is 0.955. Final score is 0.637. Market validation data is not currently available.
156,SYY,Consumer Staples,70% NLP stagnation / 30% financial feasibility,Lower-priority candidate,Lower priority,Pass,Marginal,0.636,0.6193,0.675,0.0272,2075000000.0,3.382,25.696,0.208,0.161,0,,0.0,0,0,,,,none,0,,,,,SYY ranks #156 under the official 70/30 NLP-finance model. NLP stagnation score is 0.619. Financial feasibility score is 0.675. Final score is 0.636. Market validation data is not currently available.
157,MKC,Consumer Staples,70% NLP stagnation / 30% financial feasibility,Lower-priority candidate,Lower priority,Fail,Marginal,0.6354,0.597,0.725,0.1461,973400000.0,3.32,4.625,0.227,0.252,0,,0.0,0,0,,,,none,0,,,,,MKC ranks #157 under the official 70/30 NLP-finance model. NLP stagnation score is 0.597. Financial feasibility score is 0.725. Final score is 0.635. Market validation data is not currently available.
158,DRI,Consumer Discretionary,70% NLP stagnation / 30% financial feasibility,Lower-priority candidate,Lower priority,Fail,Marginal,0.6353,0.5691,0.79,0.0942,987900000.0,0.862,25.301,0.355,0.721,0,,0.0,0,0,,,,none,0,,,,,DRI ranks #158 under the official 70/30 NLP-finance model. NLP stagnation score is 0.569. Financial feasibility score is 0.790. Final score is 0.635. Market validation data is not currently available.
159,EXPE,Consumer Discretionary,70% NLP stagnation / 30% financial feasibility,Lower-priority candidate,Lower priority,Fail,Marginal,0.6351,0.5944,0.73,0.1436,1844000000.0,3.405,2.943,0.46,0.294,0,,0.0,0,0,,,,none,0,,,,,EXPE ranks #159 under the official 70/30 NLP-finance model. NLP stagnation score is 0.594. Financial feasibility score is 0.730. Final score is 0.635. Market validation data is not currently available.
160,CHD,Consumer Staples,70% NLP stagnation / 30% financial feasibility,Lower-priority candidate,Lower priority,Pass,Attractive,0.634,0.5457,0.84,0.1375,807100000.0,1.719,9.535,0.174,0.366,0,,0.0,0,0,,,,none,0,,,,,CHD ranks #160 under the official 70/30 NLP-finance model. NLP stagnation score is 0.546. Financial feasibility score is 0.840. Final score is 0.634. Market validation data is not currently available.
161,FTV,Industrials,70% NLP stagnation / 30% financial feasibility,Lower-priority candidate,Lower priority,Pass,Attractive,0.6318,0.5404,0.845,0.3258,1275000000.0,3.707,4.648,0.079,0.344,0,,0.0,0,0,,,,none,0,,,,,FTV ranks #161 under the official 70/30 NLP-finance model. NLP stagnation score is 0.540. Financial feasibility score is 0.845. Final score is 0.632. Market validation data is not currently available.
162,KMI,Energy,70% NLP stagnation / 30% financial feasibility,Lower-priority candidate,Lower priority,Fail,Marginal,0.6297,0.5718,0.765,0.3059,4174000000.0,0.308,2.987,0.356,2.078,0,,0.0,0,0,,,,none,0,,,,,KMI ranks #162 under the official 70/30 NLP-finance model. NLP stagnation score is 0.572. Financial feasibility score is 0.765. Final score is 0.630. Market validation data is not currently available.
163,WY,Real Estate,70% NLP stagnation / 30% financial feasibility,Lower-priority candidate,Lower priority,Pass,Marginal,0.6287,0.626,0.635,0.128,982000000.0,3.011,4.236,0.267,0.193,0,,0.0,0,0,,,,none,0,,,,,WY ranks #163 under the official 70/30 NLP-finance model. NLP stagnation score is 0.626. Financial feasibility score is 0.635. Final score is 0.629. Market validation data is not currently available.
164,ADI,Information Technology,70% NLP stagnation / 30% financial feasibility,Validation signal despite lower model score,Lower priority,Pass,Ideal,0.6281,0.5159,0.89,0.289,3556171000.0,0.124,20.685,0.303,6.883,1,2.0,4.0,1,1,0.6682,-0.322,0.3823,layoffs,2,2024-12-02,Reported major job cuts after a sharp fiscal 2024 revenue decline.,NBC Boston / Boston Business Journal,"Counts as pressure and workforce reduction, not LBO or take-private evidence.",ADI ranks #164 under the official 70/30 NLP-finance model. NLP stagnation score is 0.516. Financial feasibility score is 0.890. Final score is 0.628. Manual event validation records 'layoffs' with event score 2. The company shows 2 market-pressure signal(s). Maximum drawdown was -32.2%. Relative return vs SPY was 66.8%.
165,SLB,Energy,70% NLP stagnation / 30% financial feasibility,Validation signal despite lower model score,Lower priority,Pass,Attractive,0.6272,0.551,0.805,0.1418,4698000000.0,2.214,6.69,0.342,0.374,1,2.0,2.0,1,1,0.2877,-0.2645,0.372,none,0,,,,,SLB ranks #165 under the official 70/30 NLP-finance model. NLP stagnation score is 0.551. Financial feasibility score is 0.805. Final score is 0.627. The company shows 2 market-pressure signal(s). Maximum drawdown was -26.4%. Relative return vs SPY was 28.8%.
166,DVA,Health Care,70% NLP stagnation / 30% financial feasibility,Lower-priority candidate,Lower priority,Pass,Marginal,0.6267,0.606,0.675,0.1228,1491046000.0,3.598,4.022,0.243,0.177,0,,0.0,0,0,,,,none,0,,,,,DVA ranks #166 under the official 70/30 NLP-finance model. NLP stagnation score is 0.606. Financial feasibility score is 0.675. Final score is 0.627. Market validation data is not currently available.
167,ELV,Health Care,70% NLP stagnation / 30% financial feasibility,Lower-priority candidate,Lower priority,Pass,Attractive,0.6232,0.571,0.745,0.0395,6765000000.0,3.587,10.65,0.151,0.219,0,,0.0,0,0,,,,none,0,,,,,ELV ranks #167 under the official 70/30 NLP-finance model. NLP stagnation score is 0.571. Financial feasibility score is 0.745. Final score is 0.623. Market validation data is not currently available.
168,META,Communication Services,70% NLP stagnation / 30% financial feasibility,Lower-priority candidate,Lower priority,Pass,Ideal,0.6216,0.5195,0.86,0.3267,44068000000.0,0.498,1363.463,0.467,1.529,0,,0.0,0,0,,,,none,0,,,,,META ranks #168 under the official 70/30 NLP-finance model. NLP stagnation score is 0.519. Financial feasibility score is 0.860. Final score is 0.622. Market validation data is not currently available.
169,MDLZ,Consumer Staples,70% NLP stagnation / 30% financial feasibility,Lower-priority candidate,Lower priority,Fail,Marginal,0.6197,0.5981,0.67,0.1,3602000000.0,2.363,3.108,0.166,0.227,0,,0.0,0,0,,,,none,0,,,,,MDLZ ranks #169 under the official 70/30 NLP-finance model. NLP stagnation score is 0.598. Financial feasibility score is 0.670. Final score is 0.620. Market validation data is not currently available.
170,SHW,Materials,70% NLP stagnation / 30% financial feasibility,Lower-priority candidate,Lower priority,Fail,Marginal,0.6196,0.5424,0.8,0.1142,2633500000.0,2.807,9.213,0.263,0.278,0,,0.0,0,0,,,,none,0,,,,,SHW ranks #170 under the official 70/30 NLP-finance model. NLP stagnation score is 0.542. Financial feasibility score is 0.800. Final score is 0.620. Market validation data is not currently available.
171,SMCI,Information Technology,70% NLP stagnation / 30% financial feasibility,Lower-priority candidate,Lower priority,Pass,Ideal,0.6194,0.5077,0.88,0.088,626787000.0,0.187,306.295,0.047,4.246,0,,0.0,0,0,,,,none,0,,,,,SMCI ranks #171 under the official 70/30 NLP-finance model. NLP stagnation score is 0.508. Financial feasibility score is 0.880. Final score is 0.619. Market validation data is not currently available.
172,MAS,Industrials,70% NLP stagnation / 30% financial feasibility,Lower-priority candidate,Lower priority,Pass,Attractive,0.6191,0.5416,0.8,0.1469,1170000000.0,1.969,4.849,0.162,0.397,0,,0.0,0,0,,,,none,0,,,,,MAS ranks #172 under the official 70/30 NLP-finance model. NLP stagnation score is 0.542. Financial feasibility score is 0.800. Final score is 0.619. Market validation data is not currently available.
173,TYL,Information Technology,70% NLP stagnation / 30% financial feasibility,Lower-priority candidate,Lower priority,Pass,Ideal,0.6184,0.502,0.89,0.1844,359921000.0,1.605,9.249,0.055,0.602,0,,0.0,0,0,,,,none,0,,,,,TYL ranks #173 under the official 70/30 NLP-finance model. NLP stagnation score is 0.502. Financial feasibility score is 0.890. Final score is 0.618. Market validation data is not currently available.
174,ABT,Health Care,70% NLP stagnation / 30% financial feasibility,Validation signal despite lower model score,Lower priority,Pass,Ideal,0.6177,0.5181,0.85,0.1261,5059000000.0,1.821,12.154,0.284,0.358,1,2.0,2.0,1,1,-0.4378,-0.346,0.24,none,0,,,,,ABT ranks #174 under the official 70/30 NLP-finance model. NLP stagnation score is 0.518. Financial feasibility score is 0.850. Final score is 0.618. The company shows 2 market-pressure signal(s). Maximum drawdown was -34.6%. Relative return vs SPY was -43.8%.
175,ROP,Information Technology,70% NLP stagnation / 30% financial feasibility,Validation signal despite lower model score,Lower priority,Fail,Situational,0.6167,0.5082,0.87,0.3234,1997800000.0,3.049,7.461,0.015,0.262,1,2.0,2.0,1,1,-0.5174,-0.4651,0.2428,none,0,,,,,ROP ranks #175 under the official 70/30 NLP-finance model. NLP stagnation score is 0.508. Financial feasibility score is 0.870. Final score is 0.617. The company shows 2 market-pressure signal(s). Maximum drawdown was -46.5%. Relative return vs SPY was -51.7%.
176,CMI,Industrials,70% NLP stagnation / 30% financial feasibility,Validation signal despite lower model score,Lower priority,Pass,Attractive,0.6165,0.5314,0.815,0.0808,2753000000.0,0.008,4.696,0.436,119.696,1,1.0,3.0,1,1,0.6849,-0.3048,0.3355,restructuring,2,2025-02-04,Cummins recorded Accelera reorganization charges and later continued to report Accelera-related charges.,Cummins / Reuters,Counts as restructuring and strategic pressure.,CMI ranks #176 under the official 70/30 NLP-finance model. NLP stagnation score is 0.531. Financial feasibility score is 0.815. Final score is 0.617. Manual event validation records 'restructuring' with event score 2. The company shows 1 market-pressure signal(s). Maximum drawdown was -30.5%. Relative return vs SPY was 68.5%.
177,GEHC,Health Care,70% NLP stagnation / 30% financial feasibility,Lower-priority candidate,Lower priority,Pass,Marginal,0.6147,0.5846,0.685,0.0877,1714000000.0,3.336,4.493,0.144,0.191,0,,0.0,0,0,,,,none,0,,,,,GEHC ranks #177 under the official 70/30 NLP-finance model. NLP stagnation score is 0.585. Financial feasibility score is 0.685. Final score is 0.615. Market validation data is not currently available.
178,UNP,Industrials,70% NLP stagnation / 30% financial feasibility,Lower-priority candidate,Lower priority,Fail,Marginal,0.6084,0.5734,0.69,0.1979,4773000000.0,2.791,7.85,0.316,0.15,0,,0.0,0,0,,,,none,0,,,,,UNP ranks #178 under the official 70/30 NLP-finance model. NLP stagnation score is 0.573. Financial feasibility score is 0.690. Final score is 0.608. Market validation data is not currently available.
179,AZO,Consumer Discretionary,70% NLP stagnation / 30% financial feasibility,Lower-priority candidate,Lower priority,Fail,Marginal,0.6083,0.5218,0.81,0.1228,2144131000.0,1.094,17.17,0.201,0.494,0,,0.0,0,0,,,,none,0,,,,,AZO ranks #179 under the official 70/30 NLP-finance model. NLP stagnation score is 0.522. Financial feasibility score is 0.810. Final score is 0.608. Market validation data is not currently available.
180,LYV,Communication Services,70% NLP stagnation / 30% financial feasibility,Lower-priority candidate,Lower priority,Fail,Marginal,0.6075,0.5593,0.72,0.0407,924370000.0,1.081,3.098,0.274,0.534,0,,0.0,0,0,,,,none,0,,,,,LYV ranks #180 under the official 70/30 NLP-finance model. NLP stagnation score is 0.559. Financial feasibility score is 0.720. Final score is 0.607. Market validation data is not currently available.
181,BLDR,Industrials,70% NLP stagnation / 30% financial feasibility,Lower-priority candidate,Lower priority,Pass,Ideal,0.6059,0.4905,0.875,0.1071,1830537000.0,0.129,19.93,0.174,5.171,0,,0.0,0,0,,,,none,0,,,,,BLDR ranks #181 under the official 70/30 NLP-finance model. NLP stagnation score is 0.491. Financial feasibility score is 0.875. Final score is 0.606. Market validation data is not currently available.
182,TGT,Consumer Staples,70% NLP stagnation / 30% financial feasibility,Lower-priority candidate,Lower priority,Fail,Marginal,0.6054,0.5477,0.74,0.0355,3815000000.0,1.634,13.556,0.565,0.274,0,,0.0,0,0,,,,none,0,,,,,TGT ranks #182 under the official 70/30 NLP-finance model. NLP stagnation score is 0.548. Financial feasibility score is 0.740. Final score is 0.605. Market validation data is not currently available.
183,INCY,Health Care,70% NLP stagnation / 30% financial feasibility,Lower-priority candidate,Financial caution,Fail,Marginal,0.6053,0.6439,0.515,0.1212,447787000.0,20.988,325.223,0.069,0.023,0,,0.0,0,0,,,,none,0,,,,,INCY ranks #183 under the official 70/30 NLP-finance model. NLP stagnation score is 0.644. Financial feasibility score is 0.515. Final score is 0.605. Market validation data is not currently available.
184,BSX,Health Care,70% NLP stagnation / 30% financial feasibility,Lower-priority candidate,Lower priority,Pass,Attractive,0.603,0.5014,0.84,0.1258,1792000000.0,0.502,8.842,0.201,1.008,0,,0.0,0,0,,,,none,0,,,,,BSX ranks #184 under the official 70/30 NLP-finance model. NLP stagnation score is 0.501. Financial feasibility score is 0.840. Final score is 0.603. Market validation data is not currently available.
185,WM,Industrials,70% NLP stagnation / 30% financial feasibility,Lower-priority candidate,Lower priority,Fail,Marginal,0.6028,0.5504,0.725,0.0893,1824000000.0,0.241,7.107,0.513,1.342,0,,0.0,0,0,,,,none,0,,,,,WM ranks #185 under the official 70/30 NLP-finance model. NLP stagnation score is 0.550. Financial feasibility score is 0.725. Final score is 0.603. Market validation data is not currently available.
186,ON,Information Technology,70% NLP stagnation / 30% financial feasibility,Lower-priority candidate,Lower priority,Pass,Marginal,0.6026,0.6187,0.565,0.0531,438400000.0,1.063,19.469,0.489,0.131,0,,0.0,0,0,,,,none,0,,,,,ON ranks #186 under the official 70/30 NLP-finance model. NLP stagnation score is 0.619. Financial feasibility score is 0.565. Final score is 0.603. Market validation data is not currently available.
187,KHC,Consumer Staples,70% NLP stagnation / 30% financial feasibility,Lower-priority candidate,Lower priority,Pass,Attractive,0.6024,0.5113,0.815,0.1616,2963000000.0,0.001,5.013,0.183,249.798,0,,0.0,0,0,,,,none,0,,,,,KHC ranks #187 under the official 70/30 NLP-finance model. NLP stagnation score is 0.511. Financial feasibility score is 0.815. Final score is 0.602. Market validation data is not currently available.
188,LII,Industrials,70% NLP stagnation / 30% financial feasibility,Lower-priority candidate,Lower priority,Pass,Attractive,0.6016,0.5316,0.765,0.0976,486000000.0,0.358,15.309,0.285,1.545,0,,0.0,0,0,,,,none,0,,,,,LII ranks #188 under the official 70/30 NLP-finance model. NLP stagnation score is 0.532. Financial feasibility score is 0.765. Final score is 0.602. Market validation data is not currently available.
189,VTRS,Health Care,70% NLP stagnation / 30% financial feasibility,Lower-priority candidate,Financial caution,Fail,Marginal,0.6013,0.5075,0.82,0.164,2523000000.0,0.0,1.337,0.108,249.798,0,,0.0,0,0,,,,none,0,,,,,VTRS ranks #189 under the official 70/30 NLP-finance model. NLP stagnation score is 0.508. Financial feasibility score is 0.820. Final score is 0.601. Market validation data is not currently available.
190,CPB,Consumer Staples,70% NLP stagnation / 30% financial feasibility,Lower-priority candidate,Lower priority,Fail,Marginal,0.6002,0.5274,0.77,0.0826,773000000.0,0.838,6.979,0.218,0.543,0,,0.0,0,0,,,,none,0,,,,,CPB ranks #190 under the official 70/30 NLP-finance model. NLP stagnation score is 0.527. Financial feasibility score is 0.770. Final score is 0.600. Market validation data is not currently available.
191,PWR,Industrials,70% NLP stagnation / 30% financial feasibility,Lower-priority candidate,Lower priority,Pass,Attractive,0.6001,0.4973,0.84,0.0546,1141149000.0,0.043,16.371,0.299,18.206,0,,0.0,0,0,,,,none,0,,,,,PWR ranks #191 under the official 70/30 NLP-finance model. NLP stagnation score is 0.497. Financial feasibility score is 0.840. Final score is 0.600. Market validation data is not currently available.
192,TER,Information Technology,70% NLP stagnation / 30% financial feasibility,Lower-priority candidate,Lower priority,Pass,Attractive,0.5999,0.5035,0.825,0.159,425589000.0,0.305,131.652,0.261,2.28,0,,0.0,0,0,,,,none,0,,,,,TER ranks #192 under the official 70/30 NLP-finance model. NLP stagnation score is 0.503. Financial feasibility score is 0.825. Final score is 0.600. Market validation data is not currently available.
193,DIS,Communication Services,70% NLP stagnation / 30% financial feasibility,Lower-priority candidate,Lower priority,Fail,Marginal,0.5966,0.5908,0.61,0.0551,4897000000.0,2.513,6.52,0.273,0.107,0,,0.0,0,0,,,,none,0,,,,,DIS ranks #193 under the official 70/30 NLP-finance model. NLP stagnation score is 0.591. Financial feasibility score is 0.610. Final score is 0.597. Market validation data is not currently available.
194,CAH,Health Care,70% NLP stagnation / 30% financial feasibility,Lower-priority candidate,Lower priority,Fail,Situational,0.5962,0.4853,0.855,0.0115,2363000000.0,0.161,8.952,0.333,10.133,0,,0.0,0,0,,,,none,0,,,,,CAH ranks #194 under the official 70/30 NLP-finance model. NLP stagnation score is 0.485. Financial feasibility score is 0.855. Final score is 0.596. Market validation data is not currently available.
195,MAR,Consumer Discretionary,70% NLP stagnation / 30% financial feasibility,Lower-priority candidate,Lower priority,Fail,Situational,0.5921,0.4708,0.875,0.1146,2718000000.0,0.014,9.2,0.113,49.418,0,,0.0,0,0,,,,none,0,,,,,MAR ranks #195 under the official 70/30 NLP-finance model. NLP stagnation score is 0.471. Financial feasibility score is 0.875. Final score is 0.592. Market validation data is not currently available.
196,F,Consumer Discretionary,70% NLP stagnation / 30% financial feasibility,Lower-priority candidate,Financial caution,Fail,Marginal,0.5914,0.5449,0.7,0.0379,6682000000.0,0.036,1.188,0.626,14.217,0,,0.0,0,0,,,,none,0,,,,,F ranks #196 under the official 70/30 NLP-finance model. NLP stagnation score is 0.545. Financial feasibility score is 0.700. Final score is 0.591. Market validation data is not currently available.
197,COO,Health Care,70% NLP stagnation / 30% financial feasibility,Lower-priority candidate,Lower priority,Pass,Attractive,0.5876,0.5331,0.715,0.0598,215000000.0,0.037,23.078,0.436,6.456,0,,0.0,0,0,,,,none,0,,,,,COO ranks #197 under the official 70/30 NLP-finance model. NLP stagnation score is 0.533. Financial feasibility score is 0.715. Final score is 0.588. Market validation data is not currently available.
198,SBAC,Real Estate,70% NLP stagnation / 30% financial feasibility,Lower-priority candidate,Financial caution,Fail,Marginal,0.5868,0.5983,0.56,6.7182,1307695000.0,11.365,6.161,0.198,0.096,0,,0.0,0,0,,,,none,0,,,,,SBAC ranks #198 under the official 70/30 NLP-finance model. NLP stagnation score is 0.598. Financial feasibility score is 0.560. Final score is 0.587. Market validation data is not currently available.
199,RSG,Industrials,70% NLP stagnation / 30% financial feasibility,Lower-priority candidate,Lower priority,Fail,Marginal,0.5864,0.5784,0.605,0.1328,1987000000.0,3.203,8.837,0.381,0.145,0,,0.0,0,0,,,,none,0,,,,,RSG ranks #199 under the official 70/30 NLP-finance model. NLP stagnation score is 0.578. Financial feasibility score is 0.605. Final score is 0.586. Market validation data is not currently available.
200,GOOGL,Communication Services,70% NLP stagnation / 30% financial feasibility,Lower-priority candidate,Lower priority,Pass,Ideal,0.5862,0.456,0.89,0.2261,60477000000.0,0.51,243.621,0.335,1.416,0,,0.0,0,0,,,,none,0,,,,,GOOGL ranks #200 under the official 70/30 NLP-finance model. NLP stagnation score is 0.456. Financial feasibility score is 0.890. Final score is 0.586. Market validation data is not currently available.
201,GOOG,Communication Services,70% NLP stagnation / 30% financial feasibility,Lower-priority candidate,Lower priority,Pass,Ideal,0.5862,0.456,0.89,0.2261,60477000000.0,0.51,243.621,0.335,1.416,0,,0.0,0,0,,,,none,0,,,,,GOOG ranks #201 under the official 70/30 NLP-finance model. NLP stagnation score is 0.456. Financial feasibility score is 0.890. Final score is 0.586. Market validation data is not currently available.
202,MLM,Materials,70% NLP stagnation / 30% financial feasibility,Lower-priority candidate,Lower priority,Pass,Marginal,0.5845,0.5415,0.685,0.1501,878000000.0,2.932,8.079,0.352,0.162,0,,0.0,0,0,,,,none,0,,,,,MLM ranks #202 under the official 70/30 NLP-finance model. NLP stagnation score is 0.541. Financial feasibility score is 0.685. Final score is 0.585. Market validation data is not currently available.
203,APD,Materials,70% NLP stagnation / 30% financial feasibility,Lower-priority candidate,Financial caution,Fail,Marginal,0.5839,0.712,0.285,-0.1128,-1420700000.0,1.138,17.592,1.201,-0.324,0,,0.0,0,0,,,,none,0,,,,,APD ranks #203 under the official 70/30 NLP-finance model. NLP stagnation score is 0.712. Financial feasibility score is 0.285. Final score is 0.584. Market validation data is not currently available.
204,ATO,Utilities,70% NLP stagnation / 30% financial feasibility,Lower-priority candidate,Lower priority,Fail,Marginal,0.5836,0.5552,0.65,0.1529,653770000.0,1.637,12.772,1.679,0.239,0,,0.0,0,0,,,,none,0,,,,,ATO ranks #204 under the official 70/30 NLP-finance model. NLP stagnation score is 0.555. Financial feasibility score is 0.650. Final score is 0.584. Market validation data is not currently available.
205,HII,Industrials,70% NLP stagnation / 30% financial feasibility,Lower-priority candidate,Lower priority,Pass,Attractive,0.5828,0.5282,0.71,0.0592,678000000.0,2.924,8.221,0.259,0.206,0,,0.0,0,0,,,,none,0,,,,,HII ranks #205 under the official 70/30 NLP-finance model. NLP stagnation score is 0.528. Financial feasibility score is 0.710. Final score is 0.583. Market validation data is not currently available.
206,PODD,Health Care,70% NLP stagnation / 30% financial feasibility,Lower-priority candidate,Lower priority,Pass,Marginal,0.5819,0.6512,0.42,0.0413,70100000.0,4.349,3.567,0.258,0.055,0,,0.0,0,0,,,,none,0,,,,,PODD ranks #206 under the official 70/30 NLP-finance model. NLP stagnation score is 0.651. Financial feasibility score is 0.420. Final score is 0.582. Market validation data is not currently available.
207,HWM,Industrials,70% NLP stagnation / 30% financial feasibility,Lower-priority candidate,Lower priority,Pass,Marginal,0.5801,0.5308,0.695,0.1027,682000000.0,2.247,5.323,0.148,0.206,0,,0.0,0,0,,,,none,0,,,,,HWM ranks #207 under the official 70/30 NLP-finance model. NLP stagnation score is 0.531. Financial feasibility score is 0.695. Final score is 0.580. Market validation data is not currently available.
208,WMB,Energy,70% NLP stagnation / 30% financial feasibility,Lower-priority candidate,Lower priority,Fail,Marginal,0.5786,0.4944,0.775,0.2853,3422000000.0,0.003,3.656,0.394,201.294,0,,0.0,0,0,,,,none,0,,,,,WMB ranks #208 under the official 70/30 NLP-finance model. NLP stagnation score is 0.494. Financial feasibility score is 0.775. Final score is 0.579. Market validation data is not currently available.
209,FDX,Industrials,70% NLP stagnation / 30% financial feasibility,Lower-priority candidate,Lower priority,Fail,Marginal,0.5765,0.5772,0.575,0.0297,2674000000.0,2.19,7.129,0.679,0.134,0,,0.0,0,0,,,,none,0,,,,,FDX ranks #209 under the official 70/30 NLP-finance model. NLP stagnation score is 0.577. Financial feasibility score is 0.575. Final score is 0.577. Market validation data is not currently available.
210,CDW,Information Technology,70% NLP stagnation / 30% financial feasibility,Lower-priority candidate,Lower priority,Pass,Attractive,0.5762,0.5103,0.73,0.0679,1450500000.0,2.994,5.185,0.076,0.248,0,,0.0,0,0,,,,none,0,,,,,CDW ranks #210 under the official 70/30 NLP-finance model. NLP stagnation score is 0.510. Financial feasibility score is 0.730. Final score is 0.576. Market validation data is not currently available.
211,TSLA,Consumer Discretionary,70% NLP stagnation / 30% financial feasibility,Lower-priority candidate,Lower priority,Fail,Marginal,0.5761,0.508,0.735,0.045,4357000000.0,0.192,23.965,0.728,1.86,0,,0.0,0,0,,,,none,0,,,,,TSLA ranks #211 under the official 70/30 NLP-finance model. NLP stagnation score is 0.508. Financial feasibility score is 0.735. Final score is 0.576. Market validation data is not currently available.
212,COHR,Information Technology,70% NLP stagnation / 30% financial feasibility,Lower-priority candidate,Lower priority,Pass,Marginal,0.5749,0.592,0.535,0.0384,197965000.0,0.006,6.917,0.001,0.048,0,,0.0,0,0,,,,none,0,,,,,COHR ranks #212 under the official 70/30 NLP-finance model. NLP stagnation score is 0.592. Financial feasibility score is 0.535. Final score is 0.575. Market validation data is not currently available.
213,MMM,Industrials,70% NLP stagnation / 30% financial feasibility,Lower-priority candidate,Financial caution,Fail,Marginal,0.5735,0.4786,0.795,0.2058,5065000000.0,-0.022,-2.931,-0.018,2.639,0,,0.0,0,0,,,,none,0,,,,,MMM ranks #213 under the official 70/30 NLP-finance model. NLP stagnation score is 0.479. Financial feasibility score is 0.795. Final score is 0.573. Market validation data is not currently available.
214,VMC,Materials,70% NLP stagnation / 30% financial feasibility,Lower-priority candidate,Lower priority,Pass,Marginal,0.5724,0.5713,0.575,0.0854,664200000.0,2.596,9.561,0.427,0.125,0,,0.0,0,0,,,,none,0,,,,,VMC ranks #214 under the official 70/30 NLP-finance model. NLP stagnation score is 0.571. Financial feasibility score is 0.575. Final score is 0.572. Market validation data is not currently available.
215,SJM,Consumer Staples,70% NLP stagnation / 30% financial feasibility,Lower-priority candidate,Financial caution,Fail,Marginal,0.572,0.6243,0.45,0.0918,717000000.0,20.369,2.416,1.251,0.092,0,,0.0,0,0,,,,none,0,,,,,SJM ranks #215 under the official 70/30 NLP-finance model. NLP stagnation score is 0.624. Financial feasibility score is 0.450. Final score is 0.572. Market validation data is not currently available.
216,VST,Utilities,70% NLP stagnation / 30% financial feasibility,Lower-priority candidate,Lower priority,Fail,Marginal,0.5708,0.5069,0.72,0.2736,3777000000.0,3.915,6.93,0.403,0.232,0,,0.0,0,0,,,,none,0,,,,,VST ranks #216 under the official 70/30 NLP-finance model. NLP stagnation score is 0.507. Financial feasibility score is 0.720. Final score is 0.571. Market validation data is not currently available.
217,CF,Materials,70% NLP stagnation / 30% financial feasibility,Lower-priority candidate,Lower priority,Pass,Ideal,0.5696,0.4281,0.9,0.3405,2258000000.0,0.959,14.867,0.161,0.76,0,,0.0,0,0,,,,none,0,,,,,CF ranks #217 under the official 70/30 NLP-finance model. NLP stagnation score is 0.428. Financial feasibility score is 0.900. Final score is 0.570. Market validation data is not currently available.
218,HPQ,Information Technology,70% NLP stagnation / 30% financial feasibility,Lower-priority candidate,Lower priority,Fail,Marginal,0.5696,0.4666,0.81,0.0554,2978000000.0,0.327,4.683,0.138,2.118,0,,0.0,0,0,,,,none,0,,,,,HPQ ranks #218 under the official 70/30 NLP-finance model. NLP stagnation score is 0.467. Financial feasibility score is 0.810. Final score is 0.570. Market validation data is not currently available.
219,UAL,Industrials,70% NLP stagnation / 30% financial feasibility,Lower-priority candidate,Financial caution,Fail,Marginal,0.5687,0.6839,0.3,-0.0048,-260000000.0,1.701,6.727,1.042,-0.022,0,,0.0,0,0,,,,none,0,,,,,UAL ranks #219 under the official 70/30 NLP-finance model. NLP stagnation score is 0.684. Financial feasibility score is 0.300. Final score is 0.569. Market validation data is not currently available.
220,ECL,Materials,70% NLP stagnation / 30% financial feasibility,Lower-priority candidate,Lower priority,Pass,Attractive,0.567,0.4607,0.815,0.1069,1637000000.0,0.236,5.71,0.297,2.659,0,,0.0,0,0,,,,none,0,,,,,ECL ranks #220 under the official 70/30 NLP-finance model. NLP stagnation score is 0.461. Financial feasibility score is 0.815. Final score is 0.567. Market validation data is not currently available.
221,VICI,Real Estate,70% NLP stagnation / 30% financial feasibility,Lower-priority candidate,Financial caution,Fail,Insufficient data,0.5664,0.5348,0.64,0.6038,2180958000.0,20.988,0.357,0.0,0.13,0,,0.0,0,0,,,,none,0,,,,,VICI ranks #221 under the official 70/30 NLP-finance model. NLP stagnation score is 0.535. Financial feasibility score is 0.640. Final score is 0.566. Market validation data is not currently available.
222,TRGP,Energy,70% NLP stagnation / 30% financial feasibility,Lower-priority candidate,Lower priority,Fail,Marginal,0.5643,0.6004,0.48,0.0514,826200000.0,3.583,178.653,0.603,0.058,0,,0.0,0,0,,,,none,0,,,,,TRGP ranks #222 under the official 70/30 NLP-finance model. NLP stagnation score is 0.600. Financial feasibility score is 0.480. Final score is 0.564. Market validation data is not currently available.
223,CHTR,Communication Services,70% NLP stagnation / 30% financial feasibility,Lower-priority candidate,Lower priority,Fail,Marginal,0.5618,0.6376,0.385,0.0608,3318000000.0,4.66,13.042,0.551,0.035,0,,0.0,0,0,,,,none,0,,,,,CHTR ranks #223 under the official 70/30 NLP-finance model. NLP stagnation score is 0.638. Financial feasibility score is 0.385. Final score is 0.562. Market validation data is not currently available.
224,AVB,Real Estate,70% NLP stagnation / 30% financial feasibility,Lower-priority candidate,Financial caution,Fail,Insufficient data,0.5617,0.4917,0.725,6.7325,1551220000.0,3.097,8.693,0.003,0.192,0,,0.0,0,0,,,,none,0,,,,,AVB ranks #224 under the official 70/30 NLP-finance model. NLP stagnation score is 0.492. Financial feasibility score is 0.725. Final score is 0.562. Market validation data is not currently available.
225,DAL,Industrials,70% NLP stagnation / 30% financial feasibility,Lower-priority candidate,Lower priority,Fail,Marginal,0.5616,0.573,0.535,0.0197,1141000000.0,1.952,11.478,0.677,0.074,0,,0.0,0,0,,,,none,0,,,,,DAL ranks #225 under the official 70/30 NLP-finance model. NLP stagnation score is 0.573. Financial feasibility score is 0.535. Final score is 0.562. Market validation data is not currently available.
226,SWK,Industrials,70% NLP stagnation / 30% financial feasibility,Lower-priority candidate,Lower priority,Pass,Marginal,0.5615,0.5622,0.56,0.054,852600000.0,2.637,3.365,0.146,0.14,0,,0.0,0,0,,,,none,0,,,,,SWK ranks #226 under the official 70/30 NLP-finance model. NLP stagnation score is 0.562. Financial feasibility score is 0.560. Final score is 0.562. Market validation data is not currently available.
227,HON,Industrials,70% NLP stagnation / 30% financial feasibility,Lower-priority candidate,Lower priority,Pass,Attractive,0.5605,0.4879,0.73,0.1393,4599000000.0,3.39,10.097,0.086,0.158,0,,0.0,0,0,,,,none,0,,,,,HON ranks #227 under the official 70/30 NLP-finance model. NLP stagnation score is 0.488. Financial feasibility score is 0.730. Final score is 0.561. Market validation data is not currently available.
228,WBD,Communication Services,70% NLP stagnation / 30% financial feasibility,Lower-priority candidate,Financial caution,Fail,Marginal,0.5585,0.53,0.625,0.1491,6161000000.0,6.137,-2.445,0.204,0.156,0,,0.0,0,0,,,,none,0,,,,,WBD ranks #228 under the official 70/30 NLP-finance model. NLP stagnation score is 0.530. Financial feasibility score is 0.625. Final score is 0.558. Market validation data is not currently available.
229,UPS,Industrials,70% NLP stagnation / 30% financial feasibility,Lower-priority candidate,Lower priority,Pass,Attractive,0.5559,0.447,0.81,0.0558,5080000000.0,0.154,13.171,0.432,2.764,0,,0.0,0,0,,,,none,0,,,,,UPS ranks #229 under the official 70/30 NLP-finance model. NLP stagnation score is 0.447. Financial feasibility score is 0.810. Final score is 0.556. Market validation data is not currently available.
230,CAG,Consumer Staples,70% NLP stagnation / 30% financial feasibility,Lower-priority candidate,Financial caution,Fail,Marginal,0.5536,0.6152,0.41,0.0516,633200000.0,5.197,2.848,0.251,0.084,0,,0.0,0,0,,,,none,0,,,,,CAG ranks #230 under the official 70/30 NLP-finance model. NLP stagnation score is 0.615. Financial feasibility score is 0.410. Final score is 0.554. Market validation data is not currently available.
231,TMUS,Communication Services,70% NLP stagnation / 30% financial feasibility,Lower-priority candidate,Lower priority,Fail,Marginal,0.5532,0.5181,0.635,0.1115,8758000000.0,2.89,10.061,0.362,0.112,0,,0.0,0,0,,,,none,0,,,,,TMUS ranks #231 under the official 70/30 NLP-finance model. NLP stagnation score is 0.518. Financial feasibility score is 0.635. Final score is 0.553. Market validation data is not currently available.
232,CBRE,Real Estate,70% NLP stagnation / 30% financial feasibility,Lower-priority candidate,Lower priority,Pass,Marginal,0.5497,0.5538,0.54,0.0056,175000000.0,1.559,7.711,0.175,0.065,0,,0.0,0,0,,,,none,0,,,,,CBRE ranks #232 under the official 70/30 NLP-finance model. NLP stagnation score is 0.554. Financial feasibility score is 0.540. Final score is 0.550. Market validation data is not currently available.
233,IFF,Materials,70% NLP stagnation / 30% financial feasibility,Lower-priority candidate,Financial caution,Fail,Marginal,0.5492,0.4867,0.695,0.0829,952000000.0,-0.022,-2.931,-0.018,0.674,0,,0.0,0,0,,,,none,0,,,,,IFF ranks #233 under the official 70/30 NLP-finance model. NLP stagnation score is 0.487. Financial feasibility score is 0.695. Final score is 0.549. Market validation data is not currently available.
234,BAX,Health Care,70% NLP stagnation / 30% financial feasibility,Lower-priority candidate,Financial caution,Fail,Marginal,0.5486,0.548,0.55,0.1249,1294000000.0,5.581,1.392,0.255,0.137,0,,0.0,0,0,,,,none,0,,,,,BAX ranks #234 under the official 70/30 NLP-finance model. NLP stagnation score is 0.548. Financial feasibility score is 0.550. Final score is 0.549. Market validation data is not currently available.
235,LOW,Consumer Discretionary,70% NLP stagnation / 30% financial feasibility,Lower-priority candidate,Lower priority,Pass,Attractive,0.5481,0.4637,0.745,0.0715,6176000000.0,2.954,41.275,0.146,0.155,0,,0.0,0,0,,,,none,0,,,,,LOW ranks #235 under the official 70/30 NLP-finance model. NLP stagnation score is 0.464. Financial feasibility score is 0.745. Final score is 0.548. Market validation data is not currently available.
236,IQV,Health Care,70% NLP stagnation / 30% financial feasibility,Lower-priority candidate,Lower priority,Fail,Marginal,0.5479,0.5299,0.59,0.1001,1500000000.0,3.31,2.942,0.209,0.146,0,,0.0,0,0,,,,none,0,,,,,IQV ranks #236 under the official 70/30 NLP-finance model. NLP stagnation score is 0.530. Financial feasibility score is 0.590. Final score is 0.548. Market validation data is not currently available.
237,GEN,Information Technology,70% NLP stagnation / 30% financial feasibility,Lower-priority candidate,Financial caution,Fail,Marginal,0.5465,0.5536,0.53,0.2264,751000000.0,5.605,3.007,0.004,0.087,0,,0.0,0,0,,,,none,0,,,,,GEN ranks #237 under the official 70/30 NLP-finance model. NLP stagnation score is 0.554. Financial feasibility score is 0.530. Final score is 0.546. Market validation data is not currently available.
238,AMT,Real Estate,70% NLP stagnation / 30% financial feasibility,Lower-priority candidate,Financial caution,Fail,Marginal,0.5442,0.5717,0.48,3.9132,2924300000.0,8.596,3.589,0.397,0.075,0,,0.0,0,0,,,,none,0,,,,,AMT ranks #238 under the official 70/30 NLP-finance model. NLP stagnation score is 0.572. Financial feasibility score is 0.480. Final score is 0.544. Market validation data is not currently available.
239,NSC,Industrials,70% NLP stagnation / 30% financial feasibility,Lower-priority candidate,Lower priority,Fail,Marginal,0.5441,0.5008,0.645,0.0701,852000000.0,0.134,4.12,0.561,1.535,0,,0.0,0,0,,,,none,0,,,,,NSC ranks #239 under the official 70/30 NLP-finance model. NLP stagnation score is 0.501. Financial feasibility score is 0.645. Final score is 0.544. Market validation data is not currently available.
240,JBL,Information Technology,70% NLP stagnation / 30% financial feasibility,Lower-priority candidate,Lower priority,Pass,Marginal,0.5427,0.4838,0.68,0.0203,704000000.0,1.17,8.833,0.419,0.244,0,,0.0,0,0,,,,none,0,,,,,JBL ranks #240 under the official 70/30 NLP-finance model. NLP stagnation score is 0.484. Financial feasibility score is 0.680. Final score is 0.543. Market validation data is not currently available.
241,STE,Health Care,70% NLP stagnation / 30% financial feasibility,Lower-priority candidate,Lower priority,Pass,Marginal,0.5405,0.5215,0.585,0.0871,394978000.0,2.322,8.84,0.269,0.127,0,,0.0,0,0,,,,none,0,,,,,STE ranks #241 under the official 70/30 NLP-finance model. NLP stagnation score is 0.521. Financial feasibility score is 0.585. Final score is 0.541. Market validation data is not currently available.
242,TAP,Consumer Staples,70% NLP stagnation / 30% financial feasibility,Validation signal despite lower model score,Lower priority,Fail,Marginal,0.5398,0.4154,0.83,0.1014,1407500000.0,0.015,5.525,0.317,43.711,1,2.0,2.0,1,1,-0.4785,-0.3196,0.2717,none,0,,,,,TAP ranks #242 under the official 70/30 NLP-finance model. NLP stagnation score is 0.415. Financial feasibility score is 0.830. Final score is 0.540. The company shows 2 market-pressure signal(s). Maximum drawdown was -32.0%. Relative return vs SPY was -47.9%.
243,CMS,Utilities,70% NLP stagnation / 30% financial feasibility,Lower-priority candidate,Financial caution,Fail,Marginal,0.538,0.6721,0.225,-0.0003,-2000000.0,0.457,2.47,0.957,-0.002,0,,0.0,0,0,,,,none,0,,,,,CMS ranks #243 under the official 70/30 NLP-finance model. NLP stagnation score is 0.672. Financial feasibility score is 0.225. Final score is 0.538. Market validation data is not currently available.
244,REGN,Health Care,70% NLP stagnation / 30% financial feasibility,Lower-priority candidate,Lower priority,Pass,Ideal,0.5374,0.3734,0.92,0.2954,3875400000.0,0.444,70.63,0.161,1.953,0,,0.0,0,0,,,,none,0,,,,,REGN ranks #244 under the official 70/30 NLP-finance model. NLP stagnation score is 0.373. Financial feasibility score is 0.920. Final score is 0.537. Market validation data is not currently available.
245,KMB,Consumer Staples,70% NLP stagnation / 30% financial feasibility,Validation signal despite lower model score,Lower priority,Fail,Situational,0.5342,0.3838,0.885,0.1619,2776000000.0,0.21,6.58,0.286,4.922,1,2.0,2.0,1,1,-0.4626,-0.3406,0.2418,none,0,,,,,KMB ranks #245 under the official 70/30 NLP-finance model. NLP stagnation score is 0.384. Financial feasibility score is 0.885. Final score is 0.534. The company shows 2 market-pressure signal(s). Maximum drawdown was -34.1%. Relative return vs SPY was -46.3%.
246,TSN,Consumer Staples,70% NLP stagnation / 30% financial feasibility,Lower-priority candidate,Financial caution,Fail,Marginal,0.5297,0.6475,0.255,-0.0035,-187000000.0,0.079,-0.923,2.076,-2.527,0,,0.0,0,0,,,,none,0,,,,,TSN ranks #246 under the official 70/30 NLP-finance model. NLP stagnation score is 0.647. Financial feasibility score is 0.255. Final score is 0.530. Market validation data is not currently available.
247,CEG,Utilities,70% NLP stagnation / 30% financial feasibility,Lower-priority candidate,Financial caution,Fail,Marginal,0.5287,0.6782,0.18,-0.2394,-3065100000.0,2.759,5.709,0.903,-1.043,0,,0.0,0,0,,,,none,0,,,,,CEG ranks #247 under the official 70/30 NLP-finance model. NLP stagnation score is 0.678. Financial feasibility score is 0.180. Final score is 0.529. Market validation data is not currently available.
248,WEC,Utilities,70% NLP stagnation / 30% financial feasibility,Lower-priority candidate,Financial caution,Fail,Marginal,0.5272,0.6524,0.235,0.0162,144100000.0,5.96,4.05,0.906,0.008,0,,0.0,0,0,,,,none,0,,,,,WEC ranks #248 under the official 70/30 NLP-finance model. NLP stagnation score is 0.652. Financial feasibility score is 0.235. Final score is 0.527. Market validation data is not currently available.
249,AWK,Utilities,70% NLP stagnation / 30% financial feasibility,Lower-priority candidate,Financial caution,Fail,Marginal,0.5225,0.6757,0.165,-0.1662,-701000000.0,3.924,4.839,1.166,-0.081,0,,0.0,0,0,,,,none,0,,,,,AWK ranks #249 under the official 70/30 NLP-finance model. NLP stagnation score is 0.676. Financial feasibility score is 0.165. Final score is 0.523. Market validation data is not currently available.
250,FCX,Materials,70% NLP stagnation / 30% financial feasibility,Lower-priority candidate,Lower priority,Fail,Marginal,0.5213,0.539,0.48,0.02,455000000.0,1.079,10.623,0.582,0.051,0,,0.0,0,0,,,,none,0,,,,,FCX ranks #250 under the official 70/30 NLP-finance model. NLP stagnation score is 0.539. Financial feasibility score is 0.480. Final score is 0.521. Market validation data is not currently available.
251,NOC,Industrials,70% NLP stagnation / 30% financial feasibility,Lower-priority candidate,Lower priority,Pass,Marginal,0.5208,0.4997,0.57,0.0534,2100000000.0,4.051,4.655,0.458,0.134,0,,0.0,0,0,,,,none,0,,,,,NOC ranks #251 under the official 70/30 NLP-finance model. NLP stagnation score is 0.500. Financial feasibility score is 0.570. Final score is 0.521. Market validation data is not currently available.
252,IP,Materials,70% NLP stagnation / 30% financial feasibility,Lower-priority candidate,Lower priority,Pass,Attractive,0.5192,0.4417,0.7,0.0432,692000000.0,0.057,5.342,0.338,3.623,0,,0.0,0,0,,,,none,0,,,,,IP ranks #252 under the official 70/30 NLP-finance model. NLP stagnation score is 0.442. Financial feasibility score is 0.700. Final score is 0.519. Market validation data is not currently available.
253,SPG,Real Estate,70% NLP stagnation / 30% financial feasibility,Lower-priority candidate,Financial caution,Fail,Insufficient data,0.5169,0.492,0.575,0.5544,3137510000.0,5.963,3.284,0.195,0.129,0,,0.0,0,0,,,,none,0,,,,,SPG ranks #253 under the official 70/30 NLP-finance model. NLP stagnation score is 0.492. Financial feasibility score is 0.575. Final score is 0.517. Market validation data is not currently available.
254,CNP,Utilities,70% NLP stagnation / 30% financial feasibility,Lower-priority candidate,Financial caution,Fail,Marginal,0.5145,0.6257,0.255,-0.0608,-524000000.0,0.179,3.359,1.392,-0.926,0,,0.0,0,0,,,,none,0,,,,,CNP ranks #254 under the official 70/30 NLP-finance model. NLP stagnation score is 0.626. Financial feasibility score is 0.255. Final score is 0.514. Market validation data is not currently available.
255,DGX,Health Care,70% NLP stagnation / 30% financial feasibility,Lower-priority candidate,Lower priority,Pass,Marginal,0.5133,0.4719,0.61,0.0934,864000000.0,3.655,8.303,0.24,0.139,0,,0.0,0,0,,,,none,0,,,,,DGX ranks #255 under the official 70/30 NLP-finance model. NLP stagnation score is 0.472. Financial feasibility score is 0.610. Final score is 0.513. Market validation data is not currently available.
256,SATS,Communication Services,70% NLP stagnation / 30% financial feasibility,Lower-priority candidate,Financial caution,Fail,Marginal,0.5063,0.6204,0.24,-0.0393,-668274000.0,0.72,-1.879,2.349,-0.703,0,,0.0,0,0,,,,none,0,,,,,SATS ranks #256 under the official 70/30 NLP-finance model. NLP stagnation score is 0.620. Financial feasibility score is 0.240. Final score is 0.506. Market validation data is not currently available.
257,WYNN,Consumer Discretionary,70% NLP stagnation / 30% financial feasibility,Lower-priority candidate,Financial caution,Fail,Marginal,0.5063,0.5497,0.405,0.1853,805086000.0,6.902,1.387,0.29,0.076,0,,0.0,0,0,,,,none,0,,,,,WYNN ranks #257 under the official 70/30 NLP-finance model. NLP stagnation score is 0.550. Financial feasibility score is 0.405. Final score is 0.506. Market validation data is not currently available.
258,ES,Utilities,70% NLP stagnation / 30% financial feasibility,Lower-priority candidate,Financial caution,Fail,Marginal,0.5045,0.6885,0.075,-0.2259,-2690688000.0,8.306,4.12,1.349,-0.101,0,,0.0,0,0,,,,none,0,,,,,ES ranks #258 under the official 70/30 NLP-finance model. NLP stagnation score is 0.689. Financial feasibility score is 0.075. Final score is 0.504. Market validation data is not currently available.
259,EXE,Energy,70% NLP stagnation / 30% financial feasibility,Lower-priority candidate,Lower priority,Fail,Marginal,0.5037,0.4903,0.535,0.0632,551000000.0,1.217,285.636,0.392,0.097,0,,0.0,0,0,,,,none,0,,,,,EXE ranks #259 under the official 70/30 NLP-finance model. NLP stagnation score is 0.490. Financial feasibility score is 0.535. Final score is 0.504. Market validation data is not currently available.
260,LITE,Information Technology,70% NLP stagnation / 30% financial feasibility,Lower-priority candidate,Financial caution,Fail,Marginal,0.4974,0.5435,0.39,0.029,51300000.0,-0.022,-1.735,-0.018,0.021,0,,0.0,0,0,,,,none,0,,,,,LITE ranks #260 under the official 70/30 NLP-finance model. NLP stagnation score is 0.543. Financial feasibility score is 0.390. Final score is 0.497. Market validation data is not currently available.
261,OMC,Communication Services,70% NLP stagnation / 30% financial feasibility,Lower-priority candidate,Lower priority,Fail,Marginal,0.4934,0.4156,0.675,0.0914,1343500000.0,4.004,9.632,0.034,0.145,0,,0.0,0,0,,,,none,0,,,,,OMC ranks #261 under the official 70/30 NLP-finance model. NLP stagnation score is 0.416. Financial feasibility score is 0.675. Final score is 0.493. Market validation data is not currently available.
262,PEG,Utilities,70% NLP stagnation / 30% financial feasibility,Lower-priority candidate,Lower priority,Fail,Marginal,0.4922,0.5895,0.265,0.0428,481000000.0,4.091,4.926,0.644,0.023,0,,0.0,0,0,,,,none,0,,,,,PEG ranks #262 under the official 70/30 NLP-finance model. NLP stagnation score is 0.590. Financial feasibility score is 0.265. Final score is 0.492. Market validation data is not currently available.
263,ALB,Materials,70% NLP stagnation / 30% financial feasibility,Lower-priority candidate,Financial caution,Fail,Marginal,0.4852,0.6224,0.165,-0.0861,-827959000.0,5.157,2.17,2.955,-0.235,0,,0.0,0,0,,,,none,0,,,,,ALB ranks #263 under the official 70/30 NLP-finance model. NLP stagnation score is 0.622. Financial feasibility score is 0.165. Final score is 0.485. Market validation data is not currently available.
264,CIEN,Information Technology,70% NLP stagnation / 30% financial feasibility,Lower-priority candidate,Lower priority,Pass,Marginal,0.4837,0.4681,0.52,0.0142,62135000.0,1.505,11.595,0.236,0.092,0,,0.0,0,0,,,,none,0,,,,,CIEN ranks #264 under the official 70/30 NLP-finance model. NLP stagnation score is 0.468. Financial feasibility score is 0.520. Final score is 0.484. Market validation data is not currently available.
265,EQIX,Real Estate,70% NLP stagnation / 30% financial feasibility,Lower-priority candidate,Lower priority,Fail,Marginal,0.481,0.5585,0.3,0.0532,436000000.0,4.664,4.294,0.846,0.028,0,,0.0,0,0,,,,none,0,,,,,EQIX ranks #265 under the official 70/30 NLP-finance model. NLP stagnation score is 0.559. Financial feasibility score is 0.300. Final score is 0.481. Market validation data is not currently available.
266,HSY,Consumer Staples,70% NLP stagnation / 30% financial feasibility,Lower-priority candidate,Lower priority,Fail,Marginal,0.478,0.3421,0.795,0.139,1552081000.0,1.421,15.856,0.259,0.367,0,,0.0,0,0,,,,none,0,,,,,HSY ranks #266 under the official 70/30 NLP-finance model. NLP stagnation score is 0.342. Financial feasibility score is 0.795. Final score is 0.478. Market validation data is not currently available.
267,RVTY,Health Care,70% NLP stagnation / 30% financial feasibility,Lower-priority candidate,Financial caution,Fail,Marginal,0.4775,0.5578,0.29,0.0036,9904000.0,5.325,4.488,0.111,0.003,0,,0.0,0,0,,,,none,0,,,,,RVTY ranks #267 under the official 70/30 NLP-finance model. NLP stagnation score is 0.558. Financial feasibility score is 0.290. Final score is 0.477. Market validation data is not currently available.
268,ED,Utilities,70% NLP stagnation / 30% financial feasibility,Lower-priority candidate,Financial caution,Fail,Marginal,0.4704,0.627,0.105,-0.1333,-1929000000.0,4.727,3.124,0.782,-0.078,0,,0.0,0,0,,,,none,0,,,,,ED ranks #268 under the official 70/30 NLP-finance model. NLP stagnation score is 0.627. Financial feasibility score is 0.105. Final score is 0.470. Market validation data is not currently available.
269,UDR,Real Estate,70% NLP stagnation / 30% financial feasibility,Lower-priority candidate,Financial caution,Fail,Insufficient data,0.47,0.4208,0.585,6.7325,828225000.0,4.392,3.409,0.003,0.142,0,,0.0,0,0,,,,none,0,,,,,UDR ranks #269 under the official 70/30 NLP-finance model. NLP stagnation score is 0.421. Financial feasibility score is 0.585. Final score is 0.470. Market validation data is not currently available.
270,FE,Utilities,70% NLP stagnation / 30% financial feasibility,Lower-priority candidate,Financial caution,Fail,Marginal,0.4683,0.5919,0.18,-0.153,-1969000000.0,0.148,1.989,0.9,-3.355,0,,0.0,0,0,,,,none,0,,,,,FE ranks #270 under the official 70/30 NLP-finance model. NLP stagnation score is 0.592. Financial feasibility score is 0.180. Final score is 0.468. Market validation data is not currently available.
271,OKE,Energy,70% NLP stagnation / 30% financial feasibility,Lower-priority candidate,Lower priority,Fail,Marginal,0.4665,0.4114,0.595,0.1599,2826000000.0,4.483,5.555,0.329,0.13,0,,0.0,0,0,,,,none,0,,,,,OKE ranks #271 under the official 70/30 NLP-finance model. NLP stagnation score is 0.411. Financial feasibility score is 0.595. Final score is 0.466. Market validation data is not currently available.
272,MU,Information Technology,70% NLP stagnation / 30% financial feasibility,Lower-priority candidate,Financial caution,Fail,Marginal,0.4655,0.5686,0.225,-0.2394,-3065100000.0,0.214,-2.931,2.955,-3.355,0,,0.0,0,0,,,,none,0,,,,,MU ranks #272 under the official 70/30 NLP-finance model. NLP stagnation score is 0.569. Financial feasibility score is 0.225. Final score is 0.466. Market validation data is not currently available.
273,ZBRA,Information Technology,70% NLP stagnation / 30% financial feasibility,Lower-priority candidate,Financial caution,Fail,Marginal,0.4611,0.5173,0.33,-0.0199,-91000000.0,0.405,5.404,0.132,-0.342,0,,0.0,0,0,,,,none,0,,,,,ZBRA ranks #273 under the official 70/30 NLP-finance model. NLP stagnation score is 0.517. Financial feasibility score is 0.330. Final score is 0.461. Market validation data is not currently available.
274,DUK,Utilities,70% NLP stagnation / 30% financial feasibility,Lower-priority candidate,Financial caution,Fail,Marginal,0.4593,0.624,0.075,-0.1211,-2726000000.0,6.134,2.346,0.958,-0.034,0,,0.0,0,0,,,,none,0,,,,,DUK ranks #274 under the official 70/30 NLP-finance model. NLP stagnation score is 0.624. Financial feasibility score is 0.075. Final score is 0.459. Market validation data is not currently available.
275,EVRG,Utilities,70% NLP stagnation / 30% financial feasibility,Lower-priority candidate,Financial caution,Fail,Marginal,0.4504,0.6113,0.075,-0.0662,-353800000.0,5.283,2.439,0.989,-0.028,0,,0.0,0,0,,,,none,0,,,,,EVRG ranks #275 under the official 70/30 NLP-finance model. NLP stagnation score is 0.611. Financial feasibility score is 0.075. Final score is 0.450. Market validation data is not currently available.
276,PPL,Utilities,70% NLP stagnation / 30% financial feasibility,Lower-priority candidate,Financial caution,Fail,Marginal,0.4482,0.6146,0.075,-0.0762,-632000000.0,5.722,2.447,0.829,-0.038,0,,0.0,0,0,,,,none,0,,,,,PPL ranks #276 under the official 70/30 NLP-finance model. NLP stagnation score is 0.615. Financial feasibility score is 0.075. Final score is 0.448. Market validation data is not currently available.
277,EQT,Energy,70% NLP stagnation / 30% financial feasibility,Lower-priority candidate,Lower priority,Fail,Marginal,0.4461,0.3844,0.59,0.1679,1159813000.0,2.304,7.988,0.499,0.124,0,,0.0,0,0,,,,none,0,,,,,EQT ranks #277 under the official 70/30 NLP-finance model. NLP stagnation score is 0.384. Financial feasibility score is 0.590. Final score is 0.446. Market validation data is not currently available.
278,LNT,Utilities,70% NLP stagnation / 30% financial feasibility,Lower-priority candidate,Financial caution,Fail,Marginal,0.4367,0.5596,0.15,-0.1239,-499000000.0,2.349,2.393,0.844,-0.131,0,,0.0,0,0,,,,none,0,,,,,LNT ranks #278 under the official 70/30 NLP-finance model. NLP stagnation score is 0.560. Financial feasibility score is 0.150. Final score is 0.437. Market validation data is not currently available.
279,INTC,Information Technology,70% NLP stagnation / 30% financial feasibility,Lower-priority candidate,Financial caution,Fail,Marginal,0.4362,0.5267,0.225,-0.2394,-3065100000.0,0.47,0.156,2.955,-3.355,0,,0.0,0,0,,,,none,0,,,,,INTC ranks #279 under the official 70/30 NLP-finance model. NLP stagnation score is 0.527. Financial feasibility score is 0.225. Final score is 0.436. Market validation data is not currently available.
280,NRG,Utilities,70% NLP stagnation / 30% financial feasibility,Lower-priority candidate,Financial caution,Fail,Marginal,0.4346,0.5887,0.075,-0.029,-819000000.0,6.516,0.792,0.356,-0.075,0,,0.0,0,0,,,,none,0,,,,,NRG ranks #280 under the official 70/30 NLP-finance model. NLP stagnation score is 0.589. Financial feasibility score is 0.075. Final score is 0.435. Market validation data is not currently available.
281,WDC,Information Technology,70% NLP stagnation / 30% financial feasibility,Lower-priority candidate,Financial caution,Fail,Marginal,0.4275,0.5978,0.075,-0.1965,-1229000000.0,20.988,-1.803,2.932,-0.165,0,,0.0,0,0,,,,none,0,,,,,WDC ranks #281 under the official 70/30 NLP-finance model. NLP stagnation score is 0.598. Financial feasibility score is 0.075. Final score is 0.427. Market validation data is not currently available.
282,NCLH,Consumer Discretionary,70% NLP stagnation / 30% financial feasibility,Lower-priority candidate,Financial caution,Fail,Marginal,0.42,0.5357,0.15,-0.1714,-744648000.0,0.856,0.443,1.516,-0.48,0,,0.0,0,0,,,,none,0,,,,,NCLH ranks #282 under the official 70/30 NLP-finance model. NLP stagnation score is 0.536. Financial feasibility score is 0.150. Final score is 0.420. Market validation data is not currently available.
283,NI,Utilities,70% NLP stagnation / 30% financial feasibility,Lower-priority candidate,Financial caution,Fail,Marginal,0.4091,0.4945,0.21,-0.1329,-710700000.0,2.917,3.798,1.201,-0.111,0,,0.0,0,0,,,,none,0,,,,,NI ranks #283 under the official 70/30 NLP-finance model. NLP stagnation score is 0.494. Financial feasibility score is 0.210. Final score is 0.409. Market validation data is not currently available.
284,IRM,Real Estate,70% NLP stagnation / 30% financial feasibility,Lower-priority candidate,Financial caution,Fail,Marginal,0.4038,0.5319,0.105,-0.0412,-225656000.0,8.08,3.8,0.789,-0.016,0,,0.0,0,0,,,,none,0,,,,,IRM ranks #284 under the official 70/30 NLP-finance model. NLP stagnation score is 0.532. Financial feasibility score is 0.105. Final score is 0.404. Market validation data is not currently available.
285,AMCR,Materials,70% NLP stagnation / 30% financial feasibility,Lower-priority candidate,Lower priority,Pass,Marginal,0.4014,0.3372,0.655,0.05,735000000.0,1.755,5.2,0.251,0.2,0,,0.0,0,0,,,,none,0,,,,,AMCR ranks #285 under the official 70/30 NLP-finance model. NLP stagnation score is 0.337. Financial feasibility score is 0.655. Final score is 0.401. Market validation data is not currently available.
286,PNW,Utilities,70% NLP stagnation / 30% financial feasibility,Lower-priority candidate,Financial caution,Fail,Marginal,0.3949,0.4677,0.225,-0.136,-638673000.0,1.979,3.535,1.1,-0.192,0,,0.0,0,0,,,,none,0,,,,,PNW ranks #286 under the official 70/30 NLP-finance model. NLP stagnation score is 0.468. Financial feasibility score is 0.225. Final score is 0.395. Market validation data is not currently available.
287,LUV,Industrials,70% NLP stagnation / 30% financial feasibility,Lower-priority candidate,Financial caution,Fail,Marginal,0.3852,0.4474,0.24,-0.0136,-356000000.0,2.823,1.965,2.016,-0.072,0,,0.0,0,0,,,,none,0,,,,,LUV ranks #287 under the official 70/30 NLP-finance model. NLP stagnation score is 0.447. Financial feasibility score is 0.240. Final score is 0.385. Market validation data is not currently available.
288,LMT,Industrials,70% NLP stagnation / 30% financial feasibility,Lower-priority candidate,Lower priority,Pass,Attractive,0.3496,0.3372,0.83,0.0922,6229000000.0,2.04,14.951,0.17,0.307,0,,0.0,0,0,,,,none,0,,,,,LMT ranks #288 under the official 70/30 NLP-finance model. NLP stagnation score is 0.337. Financial feasibility score is 0.830. Final score is 0.350. Market validation data is not currently available.
289,CCL,Consumer Discretionary,70% NLP stagnation / 30% financial feasibility,Lower-priority candidate,Financial caution,Fail,Marginal,0.3494,0.3984,0.23,0.0462,997000000.0,6.33,1.222,0.759,0.036,0,,0.0,0,0,,,,none,0,,,,,CCL ranks #289 under the official 70/30 NLP-finance model. NLP stagnation score is 0.398. Financial feasibility score is 0.230. Final score is 0.349. Market validation data is not currently available.
290,EXC,Utilities,70% NLP stagnation / 30% financial feasibility,Lower-priority candidate,Financial caution,Fail,Marginal,0.3494,0.4294,0.075,-0.1245,-2705000000.0,7.268,2.631,1.089,-0.055,0,,0.0,0,0,,,,none,0,,,,,EXC ranks #290 under the official 70/30 NLP-finance model. NLP stagnation score is 0.429. Financial feasibility score is 0.075. Final score is 0.349. Market validation data is not currently available.
291,MDT,Health Care,70% NLP stagnation / 30% financial feasibility,Lower-priority candidate,Lower priority,Pass,Ideal,0.3494,0.3372,0.855,0.1467,4580000000.0,0.133,9.919,0.178,4.194,0,,0.0,0,0,,,,none,0,,,,,MDT ranks #291 under the official 70/30 NLP-finance model. NLP stagnation score is 0.337. Financial feasibility score is 0.855. Final score is 0.349. Market validation data is not currently available.
